,OFFICER_USED_FORCE
0,True
1,False
2,False
3,True
4,False
5,False
6,False
7,True
8,False
9,True
10,False
11,False
12,False
13,False
14,True
15,False
16,False
17,False
18,False
19,False
20,False
21,False
22,False
23,False
24,False
25,False
26,True
27,False
28,False
29,False
30,True
31,True
32,False
33,False
34,False
35,False
36,True
37,False
38,False
39,True
40,False
41,True
42,True
43,True
44,False
45,True
46,False
47,False
48,False
49,False
50,False
51,False
52,False
53,False
54,False
55,False
56,False
57,True
58,False
59,False
60,False
61,True
62,True
63,False
64,False
65,False
66,False
67,False
68,False
69,True
70,False
71,True
72,False
73,False
74,False
75,False
76,False
77,False
78,True
79,True
80,True
81,True
82,False
83,False
84,True
85,False
86,True
87,False
88,False
89,True
90,False
91,False
92,False
93,False
94,False
95,True
96,False
97,True
98,False
99,False
100,False
101,False
102,False
103,False
104,False
105,False
106,False
107,False
108,False
109,False
110,False
111,True
112,True
113,False
114,False
115,False
116,False
117,False
118,False
119,False
120,True
121,True
122,False
123,False
124,False
125,False
126,False
127,False
128,False
129,False
130,False
131,False
132,False
133,False
134,False
135,False
136,False
137,True
138,False
139,False
140,False
141,False
142,False
143,False
144,False
145,False
146,False
147,False
148,False
149,False
150,False
151,False
152,True
153,False
154,False
155,False
156,False
157,False
158,False
159,False
160,True
161,False
162,False
163,False
164,True
165,False
166,False
167,False
168,False
169,False
170,False
171,False
172,True
173,False
174,False
175,False
176,False
177,True
178,False
179,False
180,True
181,False
182,False
183,False
184,False
185,False
186,True
187,True
188,False
189,False
190,True
191,False
192,False
193,False
194,False
195,True
196,False
197,False
198,False
199,False
200,True
201,False
202,False
203,False
204,False
205,False
206,True
207,True
208,True
209,False
210,True
211,True
212,False
213,False
214,False
215,True
216,False
217,False
218,False
219,True
220,False
221,False
222,False
223,False
224,False
225,False
226,False
227,True
228,True
229,False
230,True
231,False
232,False
233,False
234,True
235,False
236,False
237,False
238,True
239,False
240,False
241,False
242,True
243,False
244,False
245,True
246,True
247,False
248,False
249,False
250,False
251,False
252,True
253,True
254,False
255,True
256,False
257,False
258,False
259,False
260,True
261,True
262,True
263,True
264,True
265,True
266,True
267,False
268,False
269,False
270,False
271,False
272,False
273,True
274,False
275,True
276,False
277,False
278,False
279,False
280,False
281,False
282,True
283,True
284,True
285,False
286,False
287,False
288,False
289,False
290,False
291,False
292,False
293,False
294,False
295,False
296,False
297,True
298,False
299,False
300,False
301,False
302,False
303,True
304,False
305,False
306,False
307,True
308,False
309,False
310,False
311,True
312,False
313,False
314,False
315,False
316,False
317,False
318,False
319,False
320,False
321,False
322,False
323,False
324,False
325,True
326,True
327,False
328,False
329,False
330,False
331,False
332,False
333,True
334,False
335,False
336,False
337,False
338,True
339,True
340,False
341,False
342,True
343,False
344,True
345,False
346,False
347,False
348,False
349,False
350,False
351,False
352,False
353,False
354,False
355,False
356,True
357,True
358,True
359,True
360,False
361,True
362,False
363,False
364,False
365,False
366,False
367,False
368,False
369,False
370,True
371,False
372,False
373,True
374,True
375,False
376,False
377,False
378,True
379,True
380,False
381,False
382,True
383,True
384,True
385,True
386,True
387,False
388,False
389,False
390,True
391,False
392,False
393,False
394,False
395,False
396,False
397,True
398,False
399,False
400,False
401,False
402,True
403,False
404,True
405,False
406,False
407,False
408,False
409,False
410,False
411,False
412,False
413,False
414,False
415,True
416,False
417,True
418,False
419,False
420,False
421,True
422,False
423,False
424,True
425,False
426,False
427,False
428,True
429,False
430,False
431,True
432,False
433,False
434,False
435,False
436,False
437,True
438,True
439,True
440,False
441,True
442,False
443,True
444,False
445,True
446,False
447,True
448,False
449,False
450,False
451,False
452,False
453,False
454,False
455,False
456,False
457,True
458,True
459,True
460,True
461,True
462,False
463,False
464,True
465,True
466,True
467,True
468,True
469,False
470,False
471,False
472,True
473,False
474,False
475,False
476,True
477,False
478,False
479,True
480,False
481,False
482,False
483,False
484,False
485,False
486,False
487,True
488,False
489,False
490,False
491,False
492,False
493,True
494,True
495,True
496,False
497,False
498,False
499,False
500,False
501,True
502,True
503,False
504,False
505,False
506,True
507,False
508,False
509,False
510,False
511,False
512,False
513,False
514,False
515,False
516,False
517,True
518,False
519,True
520,False
521,True
522,True
523,False
524,False
525,True
526,True
527,False
528,True
529,True
530,False
531,False
532,False
533,True
534,False
535,False
536,False
537,True
538,False
539,False
540,False
541,False
542,True
543,False
544,True
545,False
546,True
547,False
548,False
549,False
550,False
551,True
552,True
553,True
554,True
555,False
556,False
557,False
558,False
559,True
560,True
561,False
562,False
563,False
564,False
565,False
566,False
567,False
568,False
569,False
570,False
571,False
572,False
573,False
574,False
575,False
576,False
577,False
578,False
579,False
580,False
581,False
582,False
583,True
584,True
585,True
586,True
587,False
588,False
589,False
590,True
591,False
592,False
593,False
594,True
595,False
596,False
597,False
598,True
599,False
600,False
601,False
602,False
603,False
604,False
605,False
606,False
607,False
608,False
609,False
610,False
611,False
612,False
613,False
614,True
615,False
616,False
617,False
618,False
619,False
620,False
621,False
622,False
623,False
624,False
625,False
626,True
627,False
628,False
629,False
630,False
631,True
632,False
633,False
634,False
635,False
636,True
637,False
638,False
639,False
640,False
641,False
642,False
643,True
644,False
645,False
646,True
647,False
648,True
649,False
650,False
651,False
652,False
653,False
654,False
655,False
656,False
657,False
658,False
659,False
660,False
661,True
662,True
663,False
664,True
665,False
666,False
667,False
668,True
669,False
670,False
671,False
672,True
673,False
674,False
675,False
676,False
677,False
678,False
679,False
680,True
681,False
682,False
683,True
684,False
685,False
686,True
687,False
688,False
689,True
690,True
691,True
692,False
693,True
694,False
695,True
696,False
697,True
698,False
699,False
700,False
701,False
702,True
703,True
704,False
705,False
706,False
707,True
708,False
709,False
710,False
711,False
712,False
713,False
714,False
715,True
716,True
717,True
718,True
719,True
720,False
721,False
722,False
723,False
724,False
725,False
726,False
727,False
728,False
729,False
730,False
731,True
732,False
733,False
734,False
735,False
736,False
737,False
738,True
739,True
740,False
741,True
742,True
743,False
744,False
745,False
746,False
747,False
748,False
749,True
750,False
751,False
752,False
753,True
754,True
755,False
756,False
757,False
758,True
759,True
760,True
761,True
762,True
763,True
764,False
765,False
766,False
767,False
768,False
769,True
770,False
771,False
772,False
773,False
774,True
775,False
776,True
777,False
778,False
779,False
780,False
781,False
782,False
783,False
784,False
785,False
786,False
787,False
788,False
789,False
790,False
791,False
792,False
793,False
794,False
795,False
796,False
797,False
798,True
799,False
800,False
801,True
802,False
803,False
804,False
805,False
806,True
807,False
808,False
809,False
810,False
811,True
812,True
813,False
814,True
815,True
816,False
817,False
818,False
819,True
820,True
821,False
822,False
823,False
824,True
825,False
826,False
827,False
828,False
829,False
830,False
831,True
832,False
833,False
834,False
835,False
836,True
837,True
838,False
839,False
840,True
841,False
842,False
843,False
844,False
845,False
846,False
847,False
848,False
849,False
850,False
851,False
852,False
853,True
854,False
855,False
856,False
857,True
858,False
859,True
860,True
861,False
862,True
863,False
864,False
865,False
866,True
867,False
868,False
869,False
870,False
871,False
872,True
873,False
874,False
875,True
876,False
877,True
878,False
879,False
880,False
881,False
882,False
883,False
884,False
885,False
886,False
887,False
888,True
889,False
890,False
891,False
892,False
893,False
894,False
895,False
896,False
897,False
898,False
899,False
900,True
901,False
902,False
903,False
904,False
905,False
906,False
907,False
908,False
909,False
910,False
911,False
912,False
913,True
914,True
915,True
916,False
917,False
918,False
919,True
920,True
921,False
922,False
923,False
924,False
925,True
926,False
927,True
928,True
929,False
930,True
931,False
932,False
933,False
934,False
935,False
936,False
937,True
938,False
939,True
940,False
941,False
942,False
943,False
944,False
945,True
946,True
947,True
948,False
949,False
950,True
951,False
952,True
953,False
954,False
955,False
956,False
957,True
958,False
959,True
960,True
961,False
962,True
963,True
964,False
965,True
966,False
967,True
968,True
969,False
970,False
971,False
972,False
973,False
974,True
975,True
976,False
977,False
978,True
979,True
980,False
981,False
982,False
983,False
984,False
985,True
986,False
987,True
988,False
989,True
990,True
991,True
992,True
993,False
994,True
995,False
996,False
997,False
998,False
999,False
1000,False
1001,False
1002,False
1003,False
1004,False
1005,False
1006,False
1007,False
1008,False
1009,False
1010,False
1011,False
1012,False
1013,True
1014,False
1015,False
1016,True
1017,True
1018,False
1019,True
1020,False
1021,False
1022,False
1023,False
1024,False
1025,False
1026,False
1027,False
1028,False
1029,True
1030,True
1031,True
1032,False
1033,False
1034,False
1035,False
1036,False
1037,False
1038,False
1039,False
1040,True
1041,False
1042,False
1043,False
1044,False
1045,False
1046,False
1047,False
1048,True
1049,False
1050,False
1051,False
1052,False
1053,False
1054,False
1055,False
1056,False
1057,False
1058,False
1059,False
1060,False
1061,False
1062,False
1063,False
1064,False
1065,False
1066,False
1067,False
1068,False
1069,False
1070,True
1071,False
1072,False
1073,False
1074,False
1075,False
1076,False
1077,False
1078,False
1079,True
1080,False
1081,True
1082,False
1083,False
1084,False
1085,False
1086,True
1087,False
1088,True
1089,False
1090,False
1091,False
1092,False
1093,False
1094,False
1095,False
1096,False
1097,False
1098,False
1099,False
1100,False
1101,True
1102,False
1103,False
1104,False
1105,False
1106,True
1107,False
1108,False
1109,False
1110,False
1111,True
1112,False
1113,False
1114,False
1115,False
1116,False
1117,True
1118,False
1119,True
1120,False
1121,False
1122,True
1123,False
1124,True
1125,False
1126,False
1127,False
1128,False
1129,False
1130,False
1131,False
1132,False
1133,False
1134,True
1135,False
1136,False
1137,False
1138,True
1139,False
1140,False
1141,False
1142,True
1143,False
1144,True
1145,False
1146,False
1147,False
1148,True
1149,False
1150,False
1151,True
1152,True
1153,True
1154,True
1155,False
1156,False
1157,False
1158,False
1159,False
1160,False
1161,False
1162,False
1163,False
1164,False
1165,False
1166,False
1167,False
1168,True
1169,True
1170,True
1171,True
1172,False
1173,True
1174,True
1175,True
1176,False
1177,False
1178,True
1179,False
1180,True
1181,False
1182,False
1183,False
1184,False
1185,False
1186,True
1187,True
1188,False
1189,False
1190,True
1191,False
1192,True
1193,False
1194,False
1195,False
1196,False
1197,False
1198,False
1199,False
1200,False
1201,False
1202,True
1203,True
1204,False
1205,False
1206,True
1207,False
1208,False
1209,False
1210,False
1211,False
1212,True
1213,False
1214,False
1215,False
1216,True
1217,False
1218,False
1219,False
1220,True
1221,True
1222,True
1223,True
1224,False
1225,False
1226,True
1227,False
1228,True
1229,False
1230,False
1231,False
1232,True
1233,False
1234,False
1235,True
1236,False
1237,False
1238,False
1239,False
1240,True
1241,False
1242,False
1243,False
1244,False
1245,True
1246,False
1247,False
1248,True
1249,True
1250,False
1251,False
1252,True
1253,False
1254,False
1255,False
1256,False
1257,False
1258,False
1259,False
1260,False
1261,False
1262,False
1263,False
1264,True
1265,True
1266,True
1267,True
1268,True
1269,False
1270,False
1271,False
1272,False
1273,True
1274,False
1275,False
1276,False
1277,False
1278,False
1279,False
1280,False
1281,False
1282,False
1283,False
1284,False
1285,True
1286,False
1287,False
1288,False
1289,False
1290,False
1291,False
1292,False
1293,False
1294,False
1295,False
1296,True
1297,False
1298,False
1299,False
1300,True
1301,False
1302,False
1303,False
1304,False
1305,False
1306,False
1307,False
1308,False
1309,False
1310,False
1311,False
1312,False
1313,True
1314,True
1315,False
1316,False
1317,True
1318,True
1319,True
1320,True
1321,True
1322,True
1323,False
1324,False
1325,True
1326,False
1327,True
1328,False
1329,False
1330,True
1331,False
1332,False
1333,False
1334,False
1335,False
1336,False
1337,False
1338,True
1339,True
1340,False
1341,False
1342,True
1343,False
1344,True
1345,True
1346,False
1347,True
1348,True
1349,False
1350,True
1351,False
1352,True
1353,False
1354,False
1355,False
1356,True
1357,False
1358,False
1359,True
1360,False
1361,False
1362,False
1363,False
1364,False
1365,False
1366,False
1367,True
1368,False
1369,False
1370,False
1371,False
1372,False
1373,False
1374,False
1375,False
1376,False
1377,True
1378,False
1379,False
1380,True
1381,False
1382,False
1383,False
1384,True
1385,True
1386,False
1387,False
1388,False
1389,True
1390,False
1391,True
1392,False
1393,False
1394,False
1395,False
1396,True
1397,False
1398,False
1399,False
1400,False
1401,True
1402,False
1403,False
1404,False
1405,False
1406,True
1407,False
1408,False
1409,True
1410,False
1411,False
1412,False
1413,False
1414,False
1415,False
1416,True
1417,True
1418,False
1419,False
1420,False
1421,True
1422,False
1423,True
1424,True
1425,True
1426,False
1427,False
1428,False
1429,False
1430,False
1431,False
1432,True
1433,False
1434,False
1435,False
1436,False
1437,False
1438,False
1439,True
1440,True
1441,False
1442,False
1443,False
1444,False
1445,False
1446,False
1447,False
1448,False
1449,False
1450,False
1451,False
1452,False
1453,False
1454,False
1455,False
1456,True
1457,False
1458,False
1459,False
1460,False
1461,True
1462,True
1463,False
1464,True
1465,False
1466,False
1467,False
1468,False
1469,False
1470,False
1471,False
1472,False
1473,False
1474,False
1475,False
1476,True
1477,True
1478,True
1479,False
1480,False
1481,False
1482,False
1483,True
1484,False
1485,True
1486,False
1487,False
1488,True
1489,False
1490,False
1491,False
1492,False
1493,False
1494,False
1495,False
1496,False
1497,False
1498,True
1499,True
1500,True
1501,True
1502,False
1503,True
1504,True
1505,False
1506,True
1507,False
1508,False
1509,False
1510,False
1511,False
1512,False
1513,False
1514,False
1515,False
1516,False
1517,False
1518,False
1519,False
1520,False
1521,False
1522,True
1523,False
1524,False
1525,False
1526,False
1527,False
1528,False
1529,False
1530,False
1531,False
1532,True
1533,True
1534,False
1535,False
1536,False
1537,False
1538,False
1539,False
1540,False
1541,False
1542,False
1543,False
1544,True
1545,False
1546,True
1547,True
1548,True
1549,False
1550,False
1551,False
1552,True
1553,True
1554,True
1555,True
1556,False
1557,False
1558,False
1559,False
1560,False
1561,False
1562,False
1563,False
1564,False
1565,False
1566,False
1567,False
1568,False
1569,False
1570,False
1571,True
1572,False
1573,False
1574,False
1575,False
1576,True
1577,True
1578,True
1579,False
1580,False
1581,False
1582,True
1583,False
1584,False
1585,False
1586,False
1587,False
1588,False
1589,True
1590,True
1591,True
1592,True
1593,False
1594,False
1595,False
1596,False
1597,False
1598,False
1599,False
1600,True
1601,False
1602,True
1603,False
1604,False
1605,False
1606,True
1607,True
1608,False
1609,False
1610,False
1611,False
1612,True
1613,True
1614,True
1615,False
1616,False
1617,True
1618,False
1619,False
1620,False
1621,False
1622,False
1623,False
1624,False
1625,True
1626,False
1627,False
1628,False
1629,False
1630,False
1631,False
1632,False
1633,False
1634,False
1635,False
1636,False
1637,False
1638,False
1639,False
1640,False
1641,False
1642,False
1643,False
1644,False
1645,True
1646,False
1647,False
1648,False
1649,False
1650,False
1651,False
1652,False
1653,False
1654,False
1655,False
1656,False
1657,False
1658,True
1659,False
1660,False
1661,True
1662,False
1663,False
1664,False
1665,True
1666,True
1667,True
1668,False
1669,False
1670,False
1671,False
1672,False
1673,False
1674,False
1675,False
1676,False
1677,False
1678,False
1679,False
1680,False
1681,False
1682,False
1683,False
1684,True
1685,False
1686,False
1687,True
1688,False
1689,False
1690,False
1691,False
1692,False
1693,True
1694,False
1695,False
1696,True
1697,False
1698,False
1699,False
1700,False
1701,True
1702,False
1703,True
1704,False
1705,False
1706,False
1707,False
1708,False
1709,False
1710,False
1711,True
1712,False
1713,False
1714,False
1715,True
1716,True
1717,False
1718,False
1719,True
1720,False
1721,False
1722,False
1723,False
1724,True
1725,True
1726,False
1727,True
1728,False
1729,True
1730,False
1731,False
1732,False
1733,False
1734,False
1735,False
1736,False
1737,False
1738,False
1739,True
1740,False
1741,False
1742,False
1743,False
1744,False
1745,False
1746,False
1747,False
1748,False
1749,True
1750,False
1751,False
1752,False
1753,False
1754,True
1755,True
1756,False
1757,False
1758,False
1759,True
1760,False
1761,True
1762,True
1763,False
1764,False
1765,False
1766,False
1767,True
1768,False
1769,False
1770,True
1771,False
1772,False
1773,False
1774,False
1775,False
1776,True
1777,True
1778,True
1779,True
1780,False
1781,True
1782,False
1783,False
1784,True
1785,True
1786,False
1787,True
1788,False
1789,False
1790,True
1791,True
1792,False
1793,False
1794,False
1795,False
1796,True
1797,False
1798,False
1799,True
1800,False
1801,False
1802,False
1803,False
1804,True
1805,True
1806,True
1807,False
1808,False
1809,False
1810,False
1811,False
1812,True
1813,False
1814,True
1815,False
1816,False
1817,False
1818,False
1819,False
1820,False
1821,False
1822,True
1823,False
1824,False
1825,False
1826,True
1827,True
1828,True
1829,True
1830,False
1831,False
1832,False
1833,True
1834,False
1835,False
1836,True
1837,True
1838,False
1839,False
1840,False
1841,False
1842,False
1843,False
1844,True
1845,True
1846,True
1847,False
1848,True
1849,False
1850,True
1851,True
1852,True
1853,False
1854,False
1855,False
1856,True
1857,True
1858,False
1859,False
1860,True
1861,True
1862,False
1863,True
1864,True
1865,False
1866,False
1867,True
1868,True
1869,True
1870,False
1871,False
1872,False
1873,False
1874,True
1875,False
1876,False
1877,True
1878,True
1879,True
1880,False
1881,False
1882,True
1883,True
1884,True
1885,False
1886,False
1887,True
1888,False
1889,False
1890,False
1891,False
1892,False
1893,False
1894,False
1895,True
1896,False
1897,False
1898,False
1899,True
1900,True
1901,False
1902,False
1903,False
1904,False
1905,False
1906,True
1907,False
1908,True
1909,True
1910,False
1911,False
1912,True
1913,False
1914,True
1915,False
1916,True
1917,False
1918,False
1919,False
1920,False
1921,False
1922,False
1923,True
1924,True
1925,False
1926,False
1927,False
1928,False
1929,True
1930,False
1931,False
1932,True
1933,True
1934,False
1935,False
1936,False
1937,True
1938,False
1939,True
1940,True
1941,False
1942,False
1943,False
1944,True
1945,False
1946,False
1947,False
1948,True
1949,True
1950,True
1951,False
1952,False
1953,False
1954,False
1955,False
1956,False
1957,False
1958,False
1959,True
1960,True
1961,False
1962,True
1963,False
1964,True
1965,False
1966,True
1967,False
1968,False
1969,False
1970,False
1971,False
1972,False
1973,False
1974,False
1975,False
1976,False
1977,True
1978,True
1979,False
1980,False
1981,False
1982,False
1983,False
1984,False
1985,False
1986,False
1987,True
1988,True
1989,True
1990,True
1991,True
1992,True
1993,False
1994,False
1995,False
1996,False
1997,False
1998,False
1999,True
2000,False
2001,True
2002,True
2003,True
2004,True
2005,False
2006,False
2007,False
2008,False
2009,False
2010,True
2011,False
2012,False
2013,True
2014,False
2015,False
2016,False
2017,True
2018,True
2019,False
2020,True
2021,False
2022,False
2023,False
2024,False
2025,False
2026,False
2027,True
2028,False
2029,False
2030,False
2031,False
2032,False
2033,False
2034,True
2035,False
2036,True
2037,True
2038,False
2039,True
2040,True
2041,False
2042,False
2043,False
2044,False
2045,True
2046,True
2047,False
2048,False
2049,False
2050,False
2051,False
2052,True
2053,True
2054,False
2055,True
2056,True
2057,True
2058,False
2059,False
2060,False
2061,False
2062,False
2063,False
2064,False
2065,False
2066,False
2067,False
2068,False
2069,True
2070,True
2071,True
2072,False
2073,False
2074,False
2075,False
2076,False
2077,False
2078,False
2079,True
2080,True
2081,False
2082,False
2083,True
2084,False
2085,False
2086,True
2087,False
2088,False
2089,False
2090,False
2091,False
2092,False
2093,False
2094,False
2095,True
2096,False
2097,False
2098,True
2099,False
2100,False
2101,True
2102,False
2103,True
2104,False
2105,False
2106,False
2107,False
2108,False
2109,False
2110,False
2111,False
2112,True
2113,False
2114,True
2115,True
2116,False
2117,True
2118,False
2119,False
2120,True
2121,False
2122,False
2123,False
2124,False
2125,False
2126,True
2127,False
2128,False
2129,True
2130,False
2131,True
2132,False
2133,True
2134,True
2135,True
2136,True
2137,False
2138,False
2139,True
2140,False
2141,False
2142,True
2143,False
2144,False
2145,False
2146,True
2147,False
2148,True
2149,True
2150,True
2151,True
2152,True
2153,True
2154,False
2155,True
2156,True
2157,True
2158,False
2159,False
2160,False
2161,False
2162,False
2163,False
2164,False
2165,False
2166,False
2167,False
2168,False
2169,True
2170,True
2171,False
2172,False
2173,False
2174,False
2175,False
2176,False
2177,False
2178,False
2179,True
2180,True
2181,False
2182,False
2183,False
2184,False
2185,False
2186,False
2187,False
2188,False
2189,False
2190,True
2191,False
2192,False
2193,False
2194,False
2195,False
2196,True
2197,True
2198,True
2199,True
2200,True
2201,True
2202,True
2203,False
2204,False
2205,False
2206,False
2207,False
2208,False
2209,True
2210,False
2211,False
2212,False
2213,False
2214,False
2215,False
2216,True
2217,False
2218,False
2219,False
2220,False
2221,True
2222,False
2223,False
2224,False
2225,False
2226,True
2227,False
2228,False
2229,False
2230,False
2231,False
2232,True
2233,False
2234,False
2235,True
2236,True
2237,True
2238,False
2239,False
2240,False
2241,True
2242,False
2243,True
2244,False
2245,True
2246,False
2247,False
2248,False
2249,False
2250,False
2251,False
2252,False
2253,False
2254,True
2255,False
2256,True
2257,False
2258,False
2259,False
2260,True
2261,True
2262,False
2263,False
2264,True
2265,False
2266,False
2267,False
2268,False
2269,True
2270,True
2271,False
2272,False
2273,False
2274,False
2275,False
2276,True
2277,True
2278,False
2279,False
2280,False
2281,False
2282,False
2283,False
2284,False
2285,False
2286,False
2287,False
2288,False
2289,False
2290,False
2291,False
2292,True
2293,False
2294,False
2295,True
2296,True
2297,True
2298,False
2299,False
2300,True
2301,False
2302,False
2303,False
2304,False
2305,False
2306,False
2307,False
2308,False
2309,False
2310,False
2311,False
2312,False
2313,False
2314,True
2315,True
2316,False
2317,True
2318,False
2319,False
2320,False
2321,True
2322,False
2323,False
2324,False
2325,False
2326,False
2327,False
2328,False
2329,False
2330,True
2331,False
2332,True
2333,True
2334,True
2335,True
2336,True
2337,False
2338,False
2339,False
2340,False
2341,False
2342,True
2343,True
2344,True
2345,True
2346,False
2347,True
2348,False
2349,False
2350,True
2351,True
2352,True
2353,True
2354,True
2355,False
2356,False
2357,True
2358,False
2359,False
2360,False
2361,False
2362,False
2363,False
2364,False
2365,False
2366,True
2367,False
2368,True
2369,True
2370,True
2371,True
2372,False
2373,False
2374,True
2375,False
2376,False
2377,False
2378,False
2379,False
2380,False
2381,True
2382,False
2383,False
2384,True
2385,True
2386,False
2387,False
2388,True
2389,True
2390,False
2391,False
2392,False
2393,False
2394,False
2395,False
2396,False
2397,False
2398,False
2399,False
2400,False
2401,False
2402,True
2403,True
2404,False
2405,False
2406,True
2407,False
2408,False
2409,True
2410,True
2411,False
2412,False
2413,False
2414,False
2415,False
2416,True
2417,False
2418,True
2419,True
2420,False
2421,False
2422,False
2423,True
2424,True
2425,False
2426,False
2427,True
2428,True
2429,True
2430,False
2431,True
2432,True
2433,True
2434,True
2435,True
2436,False
2437,False
2438,False
2439,True
2440,False
2441,False
2442,False
2443,False
2444,False
2445,False
2446,False
2447,False
2448,False
2449,False
2450,True
2451,False
2452,False
2453,False
2454,False
2455,False
2456,False
2457,False
2458,True
2459,False
2460,False
2461,False
2462,False
2463,False
2464,False
2465,False
2466,False
2467,False
2468,False
2469,False
2470,False
2471,False
2472,False
2473,True
2474,False
2475,False
2476,False
2477,True
2478,False
2479,False
2480,False
2481,False
2482,True
2483,True
2484,False
2485,False
2486,True
2487,False
2488,False
2489,False
2490,False
2491,False
2492,False
2493,True
2494,False
2495,False
2496,False
2497,False
2498,True
2499,True
2500,True
2501,False
2502,False
2503,False
2504,False
2505,False
2506,False
2507,False
2508,False
2509,False
2510,False
2511,False
2512,False
2513,False
2514,True
2515,True
2516,True
2517,False
2518,False
2519,False
2520,True
2521,True
2522,True
2523,False
2524,False
2525,True
2526,False
2527,False
2528,False
2529,False
2530,False
2531,False
2532,False
2533,False
2534,False
2535,False
2536,False
2537,True
2538,False
2539,False
2540,False
2541,False
2542,False
2543,False
2544,False
2545,False
2546,False
2547,False
2548,False
2549,False
2550,True
2551,False
2552,True
2553,True
2554,False
2555,True
2556,True
2557,True
2558,False
2559,False
2560,False
2561,True
2562,True
2563,False
2564,True
2565,False
2566,False
2567,True
2568,False
2569,False
2570,False
2571,False
2572,False
2573,False
2574,False
2575,False
2576,False
2577,False
2578,False
2579,True
2580,False
2581,True
2582,True
2583,True
2584,True
2585,True
2586,True
2587,False
2588,True
2589,True
2590,False
2591,False
2592,True
2593,False
2594,False
2595,True
2596,False
2597,False
2598,False
2599,False
2600,False
2601,False
2602,False
2603,False
2604,True
2605,False
2606,False
2607,True
2608,True
2609,False
2610,False
2611,False
2612,False
2613,False
2614,False
2615,False
2616,False
2617,False
2618,False
2619,False
2620,False
2621,False
2622,False
2623,False
2624,True
2625,False
2626,False
2627,True
2628,False
2629,False
2630,False
2631,False
2632,False
2633,True
2634,False
2635,True
2636,False
2637,False
2638,False
2639,False
2640,False
2641,True
2642,True
2643,False
2644,True
2645,False
2646,False
2647,True
2648,False
2649,False
2650,False
2651,True
2652,False
2653,False
2654,False
2655,True
2656,True
2657,False
2658,False
2659,False
2660,False
2661,False
2662,True
2663,False
2664,False
2665,False
2666,False
2667,True
2668,True
2669,True
2670,True
2671,True
2672,True
2673,False
2674,True
2675,True
2676,False
2677,False
2678,True
2679,False
2680,False
2681,True
2682,True
2683,False
2684,False
2685,True
2686,False
2687,True
2688,False
2689,False
2690,False
2691,True
2692,False
2693,False
2694,True
2695,False
2696,False
2697,True
2698,False
2699,False
2700,False
2701,False
2702,False
2703,False
2704,False
2705,False
2706,False
2707,True
2708,True
2709,False
2710,False
2711,False
2712,False
2713,True
2714,False
2715,False
2716,False
2717,False
2718,False
2719,False
2720,True
2721,False
2722,False
2723,False
2724,False
2725,True
2726,False
2727,True
2728,False
2729,False
2730,True
2731,True
2732,False
2733,True
2734,False
2735,False
2736,True
2737,True
2738,False
2739,False
2740,True
2741,False
2742,False
2743,False
2744,False
2745,False
2746,False
2747,False
2748,True
2749,False
2750,False
2751,False
2752,False
2753,True
2754,False
2755,False
2756,False
2757,False
2758,False
2759,False
2760,False
2761,True
2762,False
2763,False
2764,True
2765,False
2766,False
2767,True
2768,True
2769,False
2770,True
2771,False
2772,False
2773,False
2774,False
2775,True
2776,False
2777,True
2778,False
2779,False
2780,False
2781,False
2782,True
2783,True
2784,False
2785,False
2786,False
2787,False
2788,False
2789,False
2790,False
2791,True
2792,True
2793,True
2794,False
2795,False
2796,False
2797,False
2798,False
2799,False
2800,False
2801,False
2802,False
2803,False
2804,False
2805,False
2806,False
2807,False
2808,False
2809,False
2810,True
2811,True
2812,True
2813,True
2814,False
2815,False
2816,False
2817,False
2818,False
2819,False
2820,True
2821,False
2822,False
2823,True
2824,False
2825,False
2826,False
2827,False
2828,False
2829,True
2830,False
2831,False
2832,False
2833,False
2834,False
2835,False
2836,True
2837,True
2838,False
2839,False
2840,False
2841,False
2842,True
2843,False
2844,False
2845,False
2846,False
2847,False
2848,False
2849,True
2850,False
2851,False
2852,True
2853,True
2854,False
2855,False
2856,False
2857,False
2858,False
2859,False
2860,False
2861,False
2862,True
2863,False
2864,True
2865,True
2866,True
2867,False
2868,False
2869,False
2870,True
2871,False
2872,False
2873,False
2874,True
2875,False
2876,False
2877,False
2878,True
2879,True
2880,False
2881,True
2882,True
2883,False
2884,True
2885,False
2886,False
2887,False
2888,True
2889,False
2890,False
2891,False
2892,False
2893,False
2894,False
2895,False
2896,False
2897,True
2898,False
2899,False
2900,False
2901,False
2902,False
2903,False
2904,False
2905,True
2906,True
2907,True
2908,False
2909,False
2910,False
2911,False
2912,False
2913,False
2914,False
2915,True
2916,False
2917,True
2918,True
2919,False
2920,False
2921,False
2922,False
2923,False
2924,False
2925,False
2926,False
2927,False
2928,False
2929,False
2930,True
2931,False
2932,False
2933,False
2934,False
2935,True
2936,False
2937,True
2938,False
2939,False
2940,False
2941,False
2942,False
2943,True
2944,False
2945,True
2946,True
2947,False
2948,False
2949,False
2950,False
2951,False
2952,False
2953,False
2954,False
2955,False
2956,False
2957,False
2958,False
2959,True
2960,True
2961,True
2962,False
2963,True
2964,False
2965,False
2966,False
2967,True
2968,True
2969,False
2970,False
2971,True
2972,False
2973,False
2974,False
2975,True
2976,False
2977,True
2978,False
2979,True
2980,False
2981,False
2982,False
2983,True
2984,True
2985,False
2986,False
2987,False
2988,False
2989,False
2990,False
2991,True
2992,True
2993,False
2994,False
2995,True
2996,True
2997,False
2998,True
2999,False
3000,False
3001,True
3002,False
3003,False
3004,False
3005,True
3006,False
3007,True
3008,False
3009,False
3010,True
3011,True
3012,True
3013,False
3014,True
3015,False
3016,False
3017,False
3018,False
3019,True
3020,False
3021,False
3022,False
3023,False
3024,False
3025,False
3026,False
3027,True
3028,False
3029,True
3030,True
3031,True
3032,False
3033,False
3034,True
3035,False
3036,True
3037,False
3038,False
3039,True
3040,False
3041,True
3042,False
3043,False
3044,False
3045,False
3046,False
3047,False
3048,True
3049,True
3050,True
3051,True
3052,True
3053,False
3054,False
3055,False
3056,False
3057,True
3058,True
3059,True
3060,False
3061,True
3062,False
3063,False
3064,False
3065,False
3066,False
3067,False
3068,True
3069,False
3070,False
3071,False
3072,False
3073,True
3074,True
3075,False
3076,False
3077,True
3078,False
3079,False
3080,False
3081,True
3082,True
3083,False
3084,True
3085,False
3086,False
3087,False
3088,False
3089,False
3090,False
3091,True
3092,True
3093,False
3094,True
3095,True
3096,False
3097,False
3098,False
3099,False
3100,False
3101,False
3102,False
3103,True
3104,False
3105,False
3106,True
3107,False
3108,True
3109,False
3110,False
3111,False
3112,False
3113,True
3114,False
3115,False
3116,True
3117,False
3118,False
3119,False
3120,False
3121,False
3122,True
3123,False
3124,False
3125,True
3126,False
3127,False
3128,False
3129,False
3130,False
3131,False
3132,True
3133,False
3134,True
3135,False
3136,False
3137,False
3138,False
3139,False
3140,False
3141,False
3142,True
3143,True
3144,True
3145,False
3146,False
3147,True
3148,False
3149,True
3150,False
3151,True
3152,False
3153,False
3154,True
3155,False
3156,True
3157,True
3158,False
3159,True
3160,False
3161,True
3162,True
3163,False
3164,False
3165,False
3166,False
3167,False
3168,False
3169,False
3170,False
3171,True
3172,True
3173,False
3174,False
3175,True
3176,False
3177,False
3178,False
3179,True
3180,False
3181,False
3182,False
3183,False
3184,False
3185,False
3186,False
3187,False
3188,False
3189,True
3190,True
3191,False
3192,False
3193,False
3194,False
3195,True
3196,False
3197,False
3198,False
3199,True
3200,False
3201,False
3202,True
3203,False
3204,False
3205,True
3206,False
3207,True
3208,False
3209,False
3210,False
3211,False
3212,False
3213,False
3214,False
3215,True
3216,False
3217,True
3218,False
3219,True
3220,False
3221,False
3222,False
3223,True
3224,False
3225,False
3226,False
3227,True
3228,False
3229,False
3230,False
3231,False
3232,True
3233,False
3234,False
3235,False
3236,False
3237,False
3238,False
3239,False
3240,True
3241,False
3242,False
3243,False
3244,False
3245,False
3246,False
3247,False
3248,False
3249,False
3250,False
3251,False
3252,False
3253,False
3254,False
3255,False
3256,False
3257,False
3258,False
3259,False
3260,False
3261,True
3262,False
3263,False
3264,True
3265,False
3266,False
3267,False
3268,False
3269,False
3270,False
3271,True
3272,False
3273,True
3274,True
3275,True
3276,False
3277,False
3278,False
3279,False
3280,True
3281,False
3282,True
3283,True
3284,False
3285,False
3286,False
3287,False
3288,False
3289,False
3290,False
3291,False
3292,False
3293,False
3294,True
3295,False
3296,False
3297,False
3298,False
3299,False
3300,True
3301,True
3302,True
3303,False
3304,True
3305,True
3306,False
3307,False
3308,False
3309,False
3310,False
3311,False
3312,True
3313,True
3314,True
3315,True
3316,True
3317,False
3318,False
3319,False
3320,False
3321,False
3322,False
3323,False
3324,False
3325,False
3326,False
3327,False
3328,True
3329,False
3330,False
3331,False
3332,False
3333,False
3334,False
3335,False
3336,False
3337,False
3338,False
3339,False
3340,False
3341,True
3342,True
3343,True
3344,True
3345,True
3346,False
3347,False
3348,True
3349,False
3350,False
3351,False
3352,False
3353,False
3354,True
3355,False
3356,False
3357,False
3358,False
3359,False
3360,False
3361,True
3362,True
3363,True
3364,False
3365,False
3366,True
3367,True
3368,True
3369,True
3370,False
3371,True
3372,False
3373,True
3374,False
3375,False
3376,False
3377,False
3378,False
3379,False
3380,False
3381,False
3382,True
3383,False
3384,False
3385,False
3386,False
3387,False
3388,False
3389,False
3390,True
3391,False
3392,False
3393,False
3394,True
3395,False
3396,True
3397,False
3398,False
3399,False
3400,False
3401,True
3402,False
3403,False
3404,False
3405,False
3406,False
3407,True
3408,True
3409,True
3410,False
3411,False
3412,False
3413,True
3414,False
3415,False
3416,False
3417,False
3418,False
3419,True
3420,False
3421,False
3422,False
3423,False
3424,True
3425,True
3426,True
3427,False
3428,False
3429,False
3430,True
3431,False
3432,False
3433,False
3434,False
3435,False
3436,False
3437,False
3438,False
3439,False
3440,True
3441,True
3442,False
3443,True
3444,False
3445,False
3446,False
3447,False
3448,False
3449,False
3450,True
3451,False
3452,False
3453,False
3454,True
3455,True
3456,True
3457,False
3458,True
3459,True
3460,False
3461,True
3462,False
3463,True
3464,True
3465,True
3466,True
3467,False
3468,False
3469,True
3470,False
3471,False
3472,False
3473,True
3474,True
3475,False
3476,False
3477,False
3478,True
3479,False
3480,False
3481,False
3482,False
3483,False
3484,False
3485,False
3486,False
3487,False
3488,False
3489,False
3490,False
3491,False
3492,False
3493,False
3494,False
3495,False
3496,True
3497,True
3498,True
3499,True
3500,True
3501,False
3502,False
3503,False
3504,False
3505,False
3506,True
3507,False
3508,False
3509,False
3510,False
3511,False
3512,False
3513,True
3514,False
3515,False
3516,True
3517,False
3518,False
3519,False
3520,True
3521,True
3522,True
3523,False
3524,False
3525,True
3526,False
3527,True
3528,False
3529,False
3530,True
3531,False
3532,False
3533,False
3534,False
3535,False
3536,False
3537,False
3538,False
3539,False
3540,True
3541,False
3542,False
3543,False
3544,False
3545,False
3546,False
3547,False
3548,False
3549,True
3550,True
3551,True
3552,False
3553,False
3554,True
3555,True
3556,True
3557,True
3558,False
3559,False
3560,True
3561,True
3562,True
3563,False
3564,False
3565,False
3566,False
3567,False
3568,False
3569,True
3570,False
3571,False
3572,False
3573,True
3574,False
3575,False
3576,False
3577,False
3578,False
3579,False
3580,False
3581,False
3582,False
3583,True
3584,False
3585,False
3586,False
3587,False
3588,True
3589,True
3590,False
3591,True
3592,False
3593,True
3594,True
3595,False
3596,True
3597,False
3598,False
3599,False
3600,False
3601,False
3602,False
3603,False
3604,False
3605,False
3606,False
3607,True
3608,True
3609,True
3610,False
3611,False
3612,True
3613,True
3614,False
3615,False
3616,False
3617,True
3618,False
3619,False
3620,False
3621,False
3622,False
3623,False
3624,False
3625,True
3626,True
3627,False
3628,False
3629,False
3630,False
3631,False
3632,True
3633,True
3634,True
3635,True
3636,True
3637,True
3638,True
3639,False
3640,False
3641,False
3642,False
3643,False
3644,False
3645,False
3646,False
3647,False
3648,False
3649,False
3650,False
3651,False
3652,False
3653,False
3654,True
3655,False
3656,False
3657,False
3658,False
3659,True
3660,False
3661,True
3662,True
3663,True
3664,False
3665,False
3666,False
3667,False
3668,False
3669,False
3670,True
3671,True
3672,True
3673,False
3674,False
3675,False
3676,False
3677,False
3678,False
3679,True
3680,True
3681,True
3682,False
3683,False
3684,False
3685,False
3686,False
3687,True
3688,True
3689,False
3690,True
3691,False
3692,True
3693,False
3694,True
3695,False
3696,True
3697,False
3698,False
3699,False
3700,False
3701,False
3702,False
3703,False
3704,False
3705,True
3706,True
3707,False
3708,False
3709,False
3710,False
3711,False
3712,False
3713,True
3714,False
3715,False
3716,True
3717,False
3718,False
3719,True
3720,False
3721,True
3722,False
3723,True
3724,True
3725,True
3726,False
3727,False
3728,False
3729,False
3730,False
3731,False
3732,False
3733,False
3734,False
3735,False
3736,False
3737,False
3738,True
3739,True
3740,True
3741,False
3742,False
3743,True
3744,False
3745,False
3746,False
3747,True
3748,False
3749,True
3750,False
3751,False
3752,False
3753,True
3754,False
3755,False
3756,False
3757,False
3758,True
3759,True
3760,False
3761,False
3762,False
3763,True
3764,True
3765,True
3766,True
3767,False
3768,False
3769,False
3770,False
3771,False
3772,True
3773,True
3774,True
3775,False
3776,True
3777,True
3778,False
3779,False
3780,False
3781,False
3782,False
3783,False
3784,False
3785,False
3786,False
3787,True
3788,False
3789,False
3790,True
3791,False
3792,False
3793,True
3794,False
3795,False
3796,True
3797,True
3798,True
3799,True
3800,False
3801,False
3802,True
3803,False
3804,True
3805,False
3806,False
3807,False
3808,False
3809,False
3810,False
3811,True
3812,False
3813,False
3814,True
3815,False
3816,True
3817,True
3818,False
3819,False
3820,True
3821,True
3822,True
3823,False
3824,False
3825,True
3826,False
3827,False
3828,False
3829,False
3830,False
3831,False
3832,False
3833,True
3834,False
3835,False
3836,True
3837,True
3838,True
3839,False
3840,True
3841,False
3842,True
3843,True
3844,False
3845,False
3846,False
3847,True
3848,True
3849,True
3850,False
3851,False
3852,False
3853,False
3854,True
3855,False
3856,False
3857,False
3858,False
3859,False
3860,False
3861,False
3862,False
3863,False
3864,True
3865,False
3866,False
3867,False
3868,False
3869,False
3870,False
3871,False
3872,True
3873,False
3874,False
3875,True
3876,False
3877,False
3878,True
3879,False
3880,False
3881,False
3882,False
3883,False
3884,True
3885,True
3886,True
3887,False
3888,False
3889,False
3890,False
3891,True
3892,False
3893,False
3894,False
3895,True
3896,True
3897,True
3898,False
3899,False
3900,False
3901,False
3902,False
3903,False
3904,False
3905,False
3906,True
3907,False
3908,False
3909,False
3910,False
3911,True
3912,True
3913,True
3914,True
3915,False
3916,True
3917,False
3918,True
3919,True
3920,True
3921,False
3922,False
3923,False
3924,False
3925,False
3926,False
3927,True
3928,True
3929,True
3930,True
3931,True
3932,False
3933,True
3934,True
3935,True
3936,False
3937,False
3938,False
3939,False
3940,True
3941,True
3942,False
3943,False
3944,False
3945,False
3946,False
3947,True
3948,False
3949,False
3950,False
3951,False
3952,True
3953,False
3954,True
3955,False
3956,True
3957,True
3958,False
3959,True
3960,True
3961,False
3962,True
3963,False
3964,False
3965,False
3966,True
3967,False
3968,True
3969,True
3970,False
3971,False
3972,False
3973,False
3974,False
3975,False
3976,False
3977,False
3978,False
3979,False
3980,False
3981,False
3982,False
3983,False
3984,False
3985,False
3986,True
3987,True
3988,True
3989,True
3990,True
3991,True
3992,True
3993,True
3994,False
3995,True
3996,True
3997,False
3998,False
3999,False
4000,True
4001,True
4002,True
4003,False
4004,False
4005,True
4006,True
4007,False
4008,True
4009,True
4010,False
4011,True
4012,False
4013,False
4014,False
4015,False
4016,True
4017,True
4018,False
4019,True
4020,True
4021,False
4022,False
4023,True
4024,False
4025,False
4026,True
4027,True
4028,False
4029,False
4030,False
4031,False
4032,False
4033,False
4034,True
4035,False
4036,False
4037,False
4038,False
4039,False
4040,False
4041,False
4042,False
4043,True
4044,False
4045,True
4046,False
4047,False
4048,False
4049,False
4050,False
4051,False
4052,False
4053,False
4054,False
4055,True
4056,False
4057,False
4058,False
4059,False
4060,False
4061,True
4062,False
4063,False
4064,True
4065,False
4066,True
4067,True
4068,False
4069,True
4070,False
4071,False
4072,True
4073,True
4074,False
4075,False
4076,False
4077,True
4078,True
4079,False
4080,False
4081,True
4082,True
4083,False
4084,False
4085,False
4086,True
4087,True
4088,True
4089,False
4090,False
4091,False
4092,False
4093,False
4094,False
4095,False
4096,False
4097,False
4098,False
4099,False
4100,False
4101,True
4102,True
4103,True
4104,True
4105,False
4106,False
4107,True
4108,True
4109,False
4110,True
4111,False
4112,False
4113,False
4114,True
4115,True
4116,False
4117,True
4118,False
4119,True
4120,False
4121,False
4122,False
4123,False
4124,True
4125,False
4126,False
4127,False
4128,True
4129,True
4130,False
4131,False
4132,False
4133,False
4134,False
4135,True
4136,False
4137,False
4138,False
4139,False
4140,False
4141,True
4142,False
4143,True
4144,False
4145,False
4146,True
4147,False
4148,False
4149,False
4150,False
4151,False
4152,True
4153,True
4154,False
4155,False
4156,False
4157,True
4158,False
4159,False
4160,False
4161,False
4162,False
4163,True
4164,False
4165,False
4166,False
4167,False
4168,True
4169,False
4170,True
4171,False
4172,True
4173,False
4174,False
4175,False
4176,False
4177,False
4178,False
4179,False
4180,False
4181,True
4182,False
4183,False
4184,False
4185,True
4186,True
4187,False
4188,False
4189,True
4190,False
4191,False
4192,False
4193,False
4194,True
4195,True
4196,False
4197,True
4198,True
4199,True
4200,False
4201,True
4202,True
4203,True
4204,False
4205,True
4206,True
4207,True
4208,False
4209,False
4210,False
4211,False
4212,False
4213,False
4214,True
4215,True
4216,False
4217,False
4218,False
4219,False
4220,False
4221,False
4222,True
4223,True
4224,True
4225,False
4226,False
4227,False
4228,False
4229,True
4230,True
4231,True
4232,True
4233,True
4234,True
4235,True
4236,False
4237,False
4238,False
4239,True
4240,False
4241,True
4242,False
4243,False
4244,False
4245,True
4246,False
4247,False
4248,False
4249,False
4250,True
4251,True
4252,False
4253,False
4254,False
4255,False
4256,False
4257,False
4258,False
4259,True
4260,False
4261,False
4262,False
4263,False
4264,False
4265,False
4266,False
4267,False
4268,False
4269,False
4270,False
4271,True
4272,True
4273,False
4274,True
4275,True
4276,True
4277,True
4278,False
4279,True
4280,True
4281,False
4282,True
4283,False
4284,False
4285,False
4286,True
4287,False
4288,True
4289,True
4290,True
4291,False
4292,True
4293,True
4294,True
4295,True
4296,False
4297,False
4298,True
4299,True
4300,True
4301,True
4302,True
4303,True
4304,True
4305,True
4306,True
4307,False
4308,False
4309,False
4310,False
4311,True
4312,False
4313,True
4314,False
4315,False
4316,False
4317,False
4318,True
4319,False
4320,True
4321,True
4322,False
4323,True
4324,False
4325,True
4326,False
4327,True
4328,True
4329,False
4330,True
4331,False
4332,False
4333,False
4334,False
4335,False
4336,False
4337,False
4338,True
4339,False
4340,False
4341,False
4342,True
4343,False
4344,False
4345,True
4346,False
4347,True
4348,False
4349,False
4350,False
4351,False
4352,False
4353,False
4354,False
4355,True
4356,False
4357,False
4358,False
4359,False
4360,True
4361,False
4362,False
4363,False
4364,False
4365,False
4366,True
4367,False
4368,False
4369,False
4370,True
4371,False
4372,False
4373,False
4374,False
4375,False
4376,False
4377,False
4378,True
4379,False
4380,False
4381,False
4382,False
4383,False
4384,False
4385,True
4386,False
4387,True
4388,False
4389,False
4390,False
4391,False
4392,False
4393,False
4394,True
4395,False
4396,True
4397,False
4398,False
4399,False
4400,True
4401,False
4402,False
4403,True
4404,True
4405,False
4406,False
4407,False
4408,False
4409,False
4410,True
4411,True
4412,False
4413,False
4414,False
4415,False
4416,False
4417,False
4418,True
4419,True
4420,False
4421,False
4422,False
4423,True
4424,True
4425,True
4426,False
4427,False
4428,False
4429,False
4430,False
4431,False
4432,False
4433,False
4434,True
4435,True
4436,False
4437,False
4438,True
4439,False
4440,True
4441,True
4442,True
4443,True
4444,True
4445,False
4446,False
4447,True
4448,False
4449,False
4450,True
4451,True
4452,False
4453,False
4454,True
4455,False
4456,False
4457,False
4458,True
4459,False
4460,False
4461,False
4462,True
4463,False
4464,False
4465,False
4466,False
4467,False
4468,True
4469,False
4470,False
4471,False
4472,True
4473,True
4474,False
4475,False
4476,False
4477,False
4478,False
4479,True
4480,True
4481,True
4482,False
4483,False
4484,False
4485,False
4486,True
4487,True
4488,True
4489,False
4490,False
4491,True
4492,True
4493,False
4494,False
4495,True
4496,False
4497,True
4498,False
4499,False
4500,False
4501,True
4502,False
4503,False
4504,True
4505,False
4506,True
4507,False
4508,False
4509,False
4510,False
4511,False
4512,False
4513,False
4514,True
4515,True
4516,True
4517,True
4518,False
4519,False
4520,False
4521,False
4522,True
4523,True
4524,False
4525,True
4526,False
4527,False
4528,True
4529,True
4530,True
4531,True
4532,True
4533,True
4534,False
4535,False
4536,False
4537,False
4538,True
4539,True
4540,True
4541,False
4542,True
4543,True
4544,False
4545,False
4546,False
4547,False
4548,True
4549,True
4550,True
4551,False
4552,False
4553,False
4554,True
4555,False
4556,False
4557,True
4558,False
4559,True
4560,False
4561,False
4562,True
4563,True
4564,False
4565,True
4566,False
4567,False
4568,False
4569,False
4570,False
4571,False
4572,False
4573,True
4574,True
4575,False
4576,True
4577,False
4578,False
4579,False
4580,False
4581,False
4582,False
4583,False
4584,False
4585,True
4586,True
4587,True
4588,False
4589,False
4590,False
4591,False
4592,True
4593,True
4594,True
4595,False
4596,False
4597,False
4598,False
4599,True
4600,True
4601,False
4602,True
4603,True
4604,True
4605,False
4606,True
4607,False
4608,False
4609,False
4610,True
4611,False
4612,False
4613,False
4614,True
4615,True
4616,True
4617,True
4618,False
4619,False
4620,False
4621,False
4622,False
4623,False
4624,False
4625,True
4626,False
4627,False
4628,False
4629,False
4630,False
4631,False
4632,False
4633,False
4634,False
4635,False
4636,False
4637,False
4638,False
4639,False
4640,True
4641,False
4642,True
4643,False
4644,False
4645,False
4646,False
4647,False
4648,False
4649,False
4650,True
4651,False
4652,False
4653,False
4654,False
4655,False
4656,False
4657,True
4658,False
4659,False
4660,False
4661,False
4662,False
4663,False
4664,False
4665,True
4666,True
4667,True
4668,True
4669,True
4670,False
4671,True
4672,False
4673,True
4674,False
4675,False
4676,True
4677,True
4678,False
4679,False
4680,False
4681,False
4682,True
4683,False
4684,False
4685,False
4686,True
4687,True
4688,True
4689,True
4690,True
4691,True
4692,False
4693,True
4694,False
4695,True
4696,False
4697,True
4698,True
4699,False
4700,False
4701,False
4702,False
4703,False
4704,False
4705,False
4706,False
4707,False
4708,False
4709,True
4710,False
4711,False
4712,True
4713,True
4714,False
4715,False
4716,False
4717,False
4718,False
4719,False
4720,False
4721,False
4722,False
4723,False
4724,False
4725,False
4726,True
4727,False
4728,True
4729,True
4730,False
4731,True
4732,False
4733,False
4734,False
4735,True
4736,False
4737,True
4738,False
4739,False
4740,False
4741,False
4742,True
4743,False
4744,True
4745,False
4746,False
4747,False
4748,False
4749,False
4750,False
4751,False
4752,True
4753,False
4754,True
4755,False
4756,False
4757,True
4758,True
4759,False
4760,False
4761,False
4762,False
4763,False
4764,False
4765,False
4766,False
4767,False
4768,False
4769,False
4770,True
4771,True
4772,False
4773,True
4774,True
4775,False
4776,True
4777,False
4778,True
4779,False
4780,False
4781,False
4782,False
4783,False
4784,True
4785,True
4786,False
4787,True
4788,False
4789,False
4790,True
4791,False
4792,False
4793,True
4794,False
4795,False
4796,False
4797,False
4798,False
4799,True
4800,False
4801,False
4802,False
4803,True
4804,True
4805,False
4806,True
4807,False
4808,True
4809,True
4810,True
4811,False
4812,False
4813,False
4814,False
4815,True
4816,False
4817,True
4818,False
4819,True
4820,False
4821,False
4822,False
4823,True
4824,False
4825,False
4826,False
4827,True
4828,True
4829,False
4830,True
4831,False
4832,False
4833,False
4834,False
4835,False
4836,False
4837,False
4838,False
4839,False
4840,False
4841,False
4842,False
4843,False
4844,True
4845,True
4846,False
4847,False
4848,True
4849,False
4850,True
4851,False
4852,False
4853,False
4854,True
4855,True
4856,False
4857,False
4858,False
4859,False
4860,False
4861,True
4862,False
4863,False
4864,True
4865,False
4866,False
4867,True
4868,True
4869,False
4870,True
4871,False
4872,True
4873,False
4874,False
4875,True
4876,True
4877,False
4878,True
4879,False
4880,True
4881,True
4882,True
4883,False
4884,False
4885,True
4886,False
4887,False
4888,False
4889,True
4890,True
4891,False
4892,False
4893,False
4894,True
4895,False
4896,False
4897,True
4898,True
4899,True
4900,False
4901,False
4902,False
4903,False
4904,False
4905,True
4906,True
4907,True
4908,False
4909,True
4910,False
4911,False
4912,False
4913,False
4914,False
4915,False
4916,True
4917,False
4918,False
4919,False
4920,False
4921,False
4922,False
4923,False
4924,False
4925,False
4926,False
4927,False
4928,False
4929,False
4930,False
4931,False
4932,True
4933,False
4934,False
4935,True
4936,True
4937,True
4938,False
4939,True
4940,False
4941,True
4942,False
4943,False
4944,True
4945,True
4946,False
4947,True
4948,True
4949,True
4950,False
4951,False
4952,True
4953,False
4954,False
4955,True
4956,False
4957,False
4958,False
4959,False
4960,False
4961,False
4962,False
4963,False
4964,False
4965,False
4966,False
4967,False
4968,False
4969,False
4970,False
4971,False
4972,False
4973,True
4974,False
4975,False
4976,False
4977,False
4978,False
4979,False
4980,False
4981,False
4982,False
4983,True
4984,False
4985,False
4986,False
4987,False
4988,False
4989,False
4990,True
4991,False
4992,False
4993,False
4994,False
4995,False
4996,False
4997,True
4998,True
4999,True
5000,False
5001,False
5002,False
5003,False
5004,False
5005,True
5006,False
5007,False
5008,False
5009,False
5010,False
5011,True
5012,True
5013,False
5014,True
5015,True
5016,True
5017,False
5018,False
5019,False
5020,True
5021,False
5022,True
5023,False
5024,False
5025,False
5026,True
5027,True
5028,False
5029,False
5030,True
5031,True
5032,False
5033,False
5034,False
5035,False
5036,False
5037,False
5038,False
5039,False
5040,False
5041,False
5042,False
5043,False
5044,False
5045,True
5046,False
5047,False
5048,True
5049,False
5050,False
5051,False
5052,False
5053,False
5054,False
5055,False
5056,False
5057,False
5058,False
5059,True
5060,False
5061,False
5062,False
5063,False
5064,False
5065,True
5066,False
5067,False
5068,True
5069,False
5070,True
5071,False
5072,True
5073,False
5074,True
5075,False
5076,False
5077,False
5078,False
5079,False
5080,False
5081,False
5082,True
5083,True
5084,False
5085,True
5086,False
5087,False
5088,False
5089,False
5090,False
5091,False
5092,False
5093,False
5094,False
5095,True
5096,False
5097,True
5098,False
5099,True
5100,True
5101,True
5102,False
5103,True
5104,True
5105,False
5106,True
5107,False
5108,False
5109,False
5110,False
5111,True
5112,True
5113,True
5114,False
5115,False
5116,False
5117,False
5118,False
5119,False
5120,False
5121,False
5122,False
5123,False
5124,False
5125,False
5126,True
5127,False
5128,False
5129,True
5130,True
5131,True
5132,True
5133,False
5134,False
5135,False
5136,False
5137,True
5138,True
5139,True
5140,False
5141,True
5142,False
5143,False
5144,True
5145,False
5146,False
5147,False
5148,False
5149,True
5150,False
5151,False
5152,False
5153,False
5154,False
5155,True
5156,True
5157,False
5158,False
5159,True
5160,False
5161,False
5162,False
5163,False
5164,True
5165,False
5166,False
5167,False
5168,True
5169,True
5170,False
5171,False
5172,False
5173,False
5174,False
5175,True
5176,False
5177,False
5178,False
5179,False
5180,False
5181,False
5182,False
5183,False
5184,True
5185,True
5186,True
5187,True
5188,False
5189,False
5190,False
5191,False
5192,False
5193,False
5194,False
5195,False
5196,False
5197,False
5198,False
5199,False
5200,True
5201,True
5202,False
5203,True
5204,False
5205,False
5206,False
5207,False
5208,False
5209,False
5210,True
5211,True
5212,True
5213,False
5214,False
5215,False
5216,False
5217,True
5218,False
5219,False
5220,False
5221,False
5222,False
5223,True
5224,True
5225,False
5226,False
5227,False
5228,True
5229,True
5230,True
5231,False
5232,False
5233,False
5234,True
5235,False
5236,True
5237,True
5238,False
5239,True
5240,True
5241,False
5242,False
5243,True
5244,False
5245,True
5246,False
5247,True
5248,False
5249,False
5250,False
5251,False
5252,False
5253,False
5254,True
5255,False
5256,True
5257,False
5258,False
5259,False
5260,False
5261,False
5262,True
5263,True
5264,False
5265,False
5266,False
5267,False
5268,False
5269,False
5270,False
5271,False
5272,False
5273,True
5274,True
5275,False
5276,False
5277,False
5278,False
5279,False
5280,False
5281,False
5282,True
5283,False
5284,True
5285,True
5286,True
5287,False
5288,False
5289,False
5290,True
5291,True
5292,True
5293,True
5294,True
5295,False
5296,True
5297,True
5298,True
5299,False
5300,True
5301,False
5302,True
5303,True
5304,True
5305,False
5306,False
5307,False
5308,True
5309,False
5310,False
5311,True
5312,False
5313,False
5314,True
5315,False
5316,False
5317,True
5318,True
5319,False
5320,True
5321,False
5322,False
5323,True
5324,False
5325,False
5326,False
5327,True
5328,False
5329,False
5330,False
5331,False
5332,False
5333,False
5334,False
5335,False
5336,True
5337,True
5338,True
5339,False
5340,False
5341,False
5342,True
5343,True
5344,False
5345,False
5346,False
5347,False
5348,True
5349,False
5350,False
5351,True
5352,False
5353,True
5354,False
5355,False
5356,False
5357,False
5358,False
5359,False
5360,True
5361,False
5362,False
5363,False
5364,False
5365,True
5366,False
5367,False
5368,False
5369,False
5370,True
5371,True
5372,False
5373,False
5374,True
5375,False
5376,True
5377,True
5378,False
5379,True
5380,False
5381,True
5382,False
5383,False
5384,False
5385,True
5386,False
5387,False
5388,False
5389,False
5390,False
5391,False
5392,True
5393,False
5394,False
5395,False
5396,True
5397,False
5398,True
5399,True
5400,False
5401,False
5402,True
5403,False
5404,False
5405,True
5406,False
5407,False
5408,False
5409,False
5410,False
5411,True
5412,True
5413,False
5414,True
5415,True
5416,False
5417,False
5418,False
5419,False
5420,False
5421,False
5422,False
5423,False
5424,False
5425,False
5426,True
5427,True
5428,False
5429,True
5430,False
5431,True
5432,False
5433,False
5434,True
5435,False
5436,False
5437,True
5438,False
5439,False
5440,False
5441,True
5442,False
5443,False
5444,False
5445,False
5446,False
5447,False
5448,False
5449,False
5450,False
5451,False
5452,False
5453,False
5454,False
5455,False
5456,False
5457,False
5458,False
5459,False
5460,True
5461,False
5462,False
5463,True
5464,False
5465,False
5466,True
5467,False
5468,False
5469,False
5470,False
5471,False
5472,True
5473,False
5474,False
5475,False
5476,False
5477,False
5478,False
5479,False
5480,False
5481,False
5482,True
5483,True
5484,False
5485,True
5486,True
5487,False
5488,True
5489,False
5490,False
5491,False
5492,True
5493,False
5494,False
5495,False
5496,False
5497,False
5498,True
5499,True
5500,False
5501,False
5502,False
5503,True
5504,True
5505,True
5506,True
5507,True
5508,False
5509,False
5510,True
5511,True
5512,True
5513,False
5514,False
5515,False
5516,False
5517,False
5518,False
5519,False
5520,False
5521,False
5522,True
5523,False
5524,False
5525,True
5526,True
5527,True
5528,True
5529,True
5530,False
5531,True
5532,True
5533,False
5534,False
5535,False
5536,True
5537,False
5538,False
5539,False
5540,True
5541,False
5542,False
5543,False
5544,True
5545,True
5546,True
5547,False
5548,False
5549,False
5550,False
5551,False
5552,True
5553,False
5554,True
5555,False
5556,False
5557,False
5558,False
5559,False
5560,True
5561,False
5562,False
5563,False
5564,False
5565,False
5566,False
5567,False
5568,True
5569,False
5570,False
5571,False
5572,False
5573,True
5574,False
5575,False
5576,True
5577,False
5578,False
5579,False
5580,False
5581,False
5582,False
5583,False
5584,False
5585,False
5586,False
5587,False
5588,False
5589,False
5590,False
5591,False
5592,False
5593,False
5594,True
5595,True
5596,True
5597,False
5598,True
5599,True
5600,True
5601,False
5602,False
5603,False
5604,True
5605,False
5606,True
5607,False
5608,True
5609,True
5610,True
5611,True
5612,True
5613,True
5614,False
5615,True
5616,True
5617,True
5618,True
5619,False
5620,True
5621,False
5622,True
5623,False
5624,False
5625,True
5626,False
5627,False
5628,False
5629,False
5630,True
5631,True
5632,False
5633,False
5634,False
5635,False
5636,True
5637,True
5638,True
5639,True
5640,False
5641,False
5642,False
5643,False
5644,False
5645,False
5646,False
5647,False
5648,False
5649,False
5650,False
5651,False
5652,False
5653,True
5654,True
5655,False
5656,False
5657,False
5658,False
5659,False
5660,True
5661,False
5662,True
5663,True
5664,False
5665,True
5666,False
5667,True
5668,False
5669,False
5670,False
5671,False
5672,False
5673,False
5674,True
5675,False
5676,False
5677,True
5678,True
5679,False
5680,False
5681,False
5682,False
5683,False
5684,True
5685,False
5686,False
5687,False
5688,False
5689,True
5690,True
5691,True
5692,False
5693,False
5694,False
5695,False
5696,False
5697,False
5698,False
5699,False
5700,True
5701,False
5702,False
5703,False
5704,False
5705,False
5706,False
5707,False
5708,False
5709,False
5710,False
5711,False
5712,True
5713,True
5714,True
5715,False
5716,False
5717,False
5718,True
5719,True
5720,True
5721,True
5722,True
5723,True
5724,True
5725,False
5726,False
5727,False
5728,False
5729,False
5730,True
5731,False
5732,True
5733,False
5734,False
5735,True
5736,True
5737,False
5738,False
5739,False
5740,True
5741,True
5742,False
5743,True
5744,False
5745,False
5746,False
5747,True
5748,True
5749,True
5750,False
5751,False
5752,False
5753,False
5754,False
5755,False
5756,False
5757,False
5758,True
5759,True
5760,False
5761,False
5762,False
5763,True
5764,True
5765,True
5766,False
5767,True
5768,False
5769,True
5770,True
5771,True
5772,False
5773,True
5774,True
5775,True
5776,True
5777,True
5778,False
5779,True
5780,False
5781,False
5782,False
5783,False
5784,False
5785,True
5786,True
5787,False
5788,False
5789,True
5790,False
5791,False
5792,False
5793,False
5794,False
5795,True
5796,True
5797,True
5798,True
5799,True
5800,False
5801,False
5802,False
5803,True
5804,False
5805,False
5806,False
5807,False
5808,False
5809,False
5810,True
5811,False
5812,False
5813,False
5814,False
5815,False
5816,False
5817,False
5818,False
5819,False
5820,False
5821,False
5822,False
5823,False
5824,False
5825,True
5826,False
5827,False
5828,False
5829,False
5830,False
5831,False
5832,False
5833,True
5834,False
5835,True
5836,False
5837,False
5838,False
5839,False
5840,False
5841,True
5842,False
5843,False
5844,True
5845,True
5846,False
5847,False
5848,False
5849,True
5850,False
5851,False
5852,False
5853,False
5854,False
5855,False
5856,False
5857,False
5858,False
5859,False
5860,False
5861,False
5862,False
5863,True
5864,False
5865,True
5866,False
5867,True
5868,True
5869,True
5870,False
5871,True
5872,False
5873,False
5874,True
5875,False
5876,False
5877,False
5878,False
5879,True
5880,True
5881,True
5882,True
5883,True
5884,True
5885,False
5886,False
5887,False
5888,False
5889,True
5890,True
5891,True
5892,False
5893,True
5894,False
5895,False
5896,True
5897,False
5898,False
5899,False
5900,True
5901,True
5902,False
5903,False
5904,False
5905,False
5906,False
5907,False
5908,False
5909,False
5910,False
5911,False
5912,False
5913,False
5914,True
5915,True
5916,True
5917,True
5918,False
5919,True
5920,False
5921,False
5922,False
5923,False
5924,False
5925,True
5926,False
5927,False
5928,False
5929,False
5930,False
5931,False
5932,True
5933,False
5934,False
5935,True
5936,False
5937,False
5938,False
5939,True
5940,False
5941,False
5942,True
5943,False
5944,False
5945,False
5946,False
5947,False
5948,False
5949,False
5950,False
5951,True
5952,False
5953,True
5954,False
5955,False
5956,True
5957,True
5958,True
5959,True
5960,True
5961,True
5962,True
5963,True
5964,False
5965,False
5966,False
5967,True
5968,True
5969,True
5970,True
5971,False
5972,False
5973,True
5974,False
5975,False
5976,True
5977,False
5978,False
5979,False
5980,True
5981,False
5982,True
5983,False
5984,True
5985,False
5986,False
5987,True
5988,False
5989,True
5990,True
5991,True
5992,False
5993,False
5994,False
5995,True
5996,True
5997,True
5998,False
5999,True
6000,True
6001,False
6002,False
6003,True
6004,False
6005,False
6006,False
6007,True
6008,False
6009,False
6010,False
6011,False
6012,False
6013,False
6014,True
6015,True
6016,True
6017,True
6018,False
6019,False
6020,False
6021,False
6022,True
6023,False
6024,True
6025,True
6026,False
6027,False
6028,False
6029,False
6030,False
6031,False
6032,False
6033,False
6034,False
6035,False
6036,False
6037,False
6038,False
6039,True
6040,False
6041,True
6042,False
6043,False
6044,True
6045,True
6046,False
6047,True
6048,False
6049,False
6050,True
6051,True
6052,False
6053,False
6054,False
6055,False
6056,False
6057,True
6058,True
6059,False
6060,False
6061,False
6062,False
6063,False
6064,False
6065,True
6066,True
6067,True
6068,False
6069,False
6070,True
6071,False
6072,False
6073,False
6074,False
6075,False
6076,False
6077,False
6078,False
6079,False
6080,True
6081,False
6082,False
6083,True
6084,True
6085,True
6086,True
6087,False
6088,False
6089,False
6090,False
6091,False
6092,False
6093,False
6094,True
6095,True
6096,False
6097,False
6098,True
6099,False
6100,False
6101,False
6102,True
6103,False
6104,True
6105,True
6106,True
6107,False
6108,True
6109,False
6110,False
6111,True
6112,False
6113,False
6114,False
6115,False
6116,False
6117,False
6118,True
6119,True
6120,False
6121,False
6122,False
6123,True
6124,False
6125,True
6126,False
6127,False
6128,False
6129,False
6130,False
6131,False
6132,False
6133,True
6134,False
6135,False
6136,False
6137,False
6138,False
6139,True
6140,False
6141,False
6142,True
6143,False
6144,True
6145,False
6146,False
6147,False
6148,True
6149,False
6150,True
6151,False
6152,False
6153,False
6154,False
6155,False
6156,False
6157,False
6158,True
6159,True
6160,False
6161,False
6162,False
6163,False
6164,True
6165,True
6166,False
6167,True
6168,True
6169,False
6170,False
6171,False
6172,False
6173,False
6174,False
6175,False
6176,False
6177,False
6178,False
6179,False
6180,False
6181,False
6182,False
6183,False
6184,False
6185,False
6186,False
6187,True
6188,False
6189,True
6190,False
6191,True
6192,True
6193,True
6194,True
6195,False
6196,True
6197,True
6198,False
6199,False
6200,False
6201,False
6202,False
6203,False
6204,False
6205,False
6206,False
6207,False
6208,False
6209,False
6210,True
6211,False
6212,False
6213,True
6214,False
6215,False
6216,False
6217,False
6218,False
6219,False
6220,False
6221,False
6222,True
6223,True
6224,True
6225,True
6226,False
6227,True
6228,False
6229,False
6230,False
6231,False
6232,False
6233,False
6234,False
6235,False
6236,False
6237,False
6238,False
6239,False
6240,True
6241,False
6242,False
6243,False
6244,False
6245,False
6246,False
6247,False
6248,False
6249,True
6250,False
6251,False
6252,True
6253,True
6254,False
6255,False
6256,False
6257,False
6258,True
6259,False
6260,False
6261,False
6262,False
6263,False
6264,False
6265,False
6266,False
6267,False
6268,False
6269,False
6270,False
6271,False
6272,False
6273,False
6274,True
6275,True
6276,True
6277,False
6278,True
6279,True
6280,False
6281,False
6282,False
6283,False
6284,False
6285,True
6286,False
6287,False
6288,False
6289,False
6290,True
6291,True
6292,True
6293,True
6294,False
6295,False
6296,True
6297,True
6298,True
6299,False
6300,False
6301,False
6302,False
6303,False
6304,True
6305,True
6306,False
6307,False
6308,False
6309,True
6310,True
6311,True
6312,True
6313,False
6314,False
6315,False
6316,False
6317,True
6318,False
6319,False
6320,True
6321,False
6322,False
6323,True
6324,True
6325,True
6326,False
6327,True
6328,False
6329,False
6330,False
6331,False
6332,True
6333,True
6334,False
6335,False
6336,True
6337,False
6338,False
6339,False
6340,False
6341,False
6342,False
6343,True
6344,False
6345,False
6346,False
6347,False
6348,False
6349,False
6350,False
6351,True
6352,True
6353,False
6354,False
6355,True
6356,False
6357,True
6358,False
6359,True
6360,False
6361,True
6362,True
6363,False
6364,False
6365,False
6366,False
6367,False
6368,False
6369,False
6370,False
6371,False
6372,False
6373,False
6374,True
6375,False
6376,True
6377,True
6378,False
6379,False
6380,True
6381,False
6382,False
6383,False
6384,False
6385,False
6386,False
6387,False
6388,True
6389,False
6390,False
6391,True
6392,True
6393,True
6394,True
6395,False
6396,False
6397,False
6398,True
6399,True
6400,False
6401,False
6402,False
6403,False
6404,False
6405,False
6406,False
6407,False
6408,False
6409,False
6410,False
6411,True
6412,False
6413,False
6414,False
6415,False
6416,True
6417,False
6418,True
6419,False
6420,False
6421,False
6422,False
6423,False
6424,False
6425,False
6426,False
6427,False
6428,False
6429,True
6430,False
6431,False
6432,False
6433,False
6434,False
6435,True
6436,False
6437,False
6438,False
6439,True
6440,False
6441,True
6442,False
6443,True
6444,True
6445,False
6446,False
6447,False
6448,False
6449,True
6450,True
6451,True
6452,True
6453,False
6454,True
6455,True
6456,False
6457,False
6458,True
6459,False
6460,True
6461,True
6462,False
6463,False
6464,False
6465,False
6466,False
6467,False
6468,False
6469,True
6470,False
6471,False
6472,False
6473,False
6474,True
6475,False
6476,False
6477,False
6478,False
6479,False
6480,True
6481,False
6482,False
6483,True
6484,False
6485,False
6486,False
6487,True
6488,False
6489,False
6490,False
6491,True
6492,False
6493,False
6494,False
6495,False
6496,False
6497,False
6498,True
6499,True
6500,True
6501,True
6502,True
6503,False
6504,False
6505,False
6506,False
6507,True
6508,True
6509,False
6510,False
6511,False
6512,False
6513,False
6514,True
6515,False
6516,False
6517,False
6518,False
6519,False
6520,True
6521,True
6522,True
6523,False
6524,False
6525,True
6526,False
6527,False
6528,True
6529,True
6530,False
6531,True
6532,False
6533,False
6534,False
6535,True
6536,False
6537,False
6538,False
6539,False
6540,False
6541,False
6542,False
6543,True
6544,False
6545,False
6546,False
6547,True
6548,False
6549,False
6550,True
6551,True
6552,False
6553,False
6554,False
6555,False
6556,False
6557,False
6558,False
6559,False
6560,False
6561,True
6562,True
6563,False
6564,True
6565,True
6566,False
6567,True
6568,True
6569,False
6570,False
6571,True
6572,False
6573,True
6574,True
6575,True
6576,False
6577,False
6578,False
6579,False
6580,False
6581,False
6582,False
6583,False
6584,False
6585,False
6586,False
6587,False
6588,False
6589,False
6590,True
6591,True
6592,False
6593,True
6594,False
6595,False
6596,True
6597,False
6598,False
6599,False
6600,False
6601,False
6602,False
6603,False
6604,True
6605,True
6606,True
6607,False
6608,False
6609,False
6610,False
6611,False
6612,False
6613,True
6614,False
6615,False
6616,False
6617,False
6618,True
6619,False
6620,False
6621,False
6622,False
6623,False
6624,True
6625,False
6626,False
6627,False
6628,False
6629,False
6630,True
6631,False
6632,True
6633,False
6634,True
6635,False
6636,True
6637,False
6638,False
6639,False
6640,False
6641,False
6642,False
6643,False
6644,False
6645,True
6646,True
6647,False
6648,True
6649,True
6650,False
6651,False
6652,False
6653,False
6654,False
6655,False
6656,True
6657,False
6658,False
6659,False
6660,False
6661,False
6662,True
6663,False
6664,False
6665,True
6666,True
6667,False
6668,False
6669,True
6670,False
6671,False
6672,False
6673,False
6674,True
6675,True
6676,False
6677,False
6678,False
6679,False
6680,False
6681,False
6682,True
6683,False
6684,False
6685,False
6686,False
6687,False
6688,False
6689,True
6690,False
6691,False
6692,False
6693,True
6694,True
6695,False
6696,False
6697,False
6698,False
6699,False
6700,False
6701,True
6702,False
6703,True
6704,False
6705,False
6706,True
6707,False
6708,False
6709,False
6710,True
6711,True
6712,True
6713,False
6714,False
6715,False
6716,False
6717,False
6718,False
6719,False
6720,True
6721,False
6722,False
6723,False
6724,False
6725,False
6726,False
6727,False
6728,False
6729,False
6730,False
6731,False
6732,False
6733,True
6734,True
6735,False
6736,True
6737,False
6738,False
6739,True
6740,False
6741,False
6742,True
6743,False
6744,False
6745,False
6746,False
6747,False
6748,False
6749,False
6750,False
6751,False
6752,False
6753,False
6754,True
6755,True
6756,False
6757,True
6758,True
6759,False
6760,True
6761,True
6762,False
6763,False
6764,False
6765,False
6766,True
6767,False
6768,True
6769,True
6770,False
6771,False
6772,True
6773,False
6774,False
6775,True
6776,False
6777,False
6778,True
6779,False
6780,False
6781,True
6782,True
6783,False
6784,False
6785,False
6786,False
6787,True
6788,False
6789,True
6790,True
6791,False
6792,False
6793,False
6794,False
6795,False
6796,True
6797,False
6798,True
6799,False
6800,False
6801,False
6802,False
6803,False
6804,False
6805,False
6806,False
6807,False
6808,False
6809,True
6810,False
6811,True
6812,False
6813,True
6814,True
6815,False
6816,False
6817,False
6818,False
6819,False
6820,True
6821,True
6822,False
6823,False
6824,False
6825,False
6826,False
6827,False
6828,False
6829,False
6830,True
6831,False
6832,False
6833,False
6834,False
6835,True
6836,True
6837,True
6838,False
6839,True
6840,True
6841,False
6842,True
6843,True
6844,False
6845,False
6846,True
6847,True
6848,True
6849,True
6850,True
6851,False
6852,True
6853,False
6854,True
6855,False
6856,False
6857,False
6858,False
6859,False
6860,False
6861,True
6862,False
6863,False
6864,True
6865,True
6866,False
6867,True
6868,False
6869,False
6870,False
6871,True
6872,False
6873,False
6874,False
6875,False
6876,False
6877,False
6878,True
6879,False
6880,False
6881,True
6882,False
6883,False
6884,False
6885,True
6886,False
6887,False
6888,False
6889,True
6890,False
6891,True
6892,False
6893,False
6894,False
6895,False
6896,False
6897,False
6898,False
6899,False
6900,False
6901,False
6902,False
6903,False
6904,False
6905,False
6906,False
6907,False
6908,False
6909,False
6910,False
6911,True
6912,True
6913,False
6914,False
6915,True
6916,True
6917,False
6918,False
6919,False
6920,True
6921,False
6922,True
6923,False
6924,False
6925,False
6926,False
6927,False
6928,False
6929,False
6930,False
6931,False
6932,False
6933,False
6934,False
6935,False
6936,False
6937,False
6938,True
6939,False
6940,False
6941,False
6942,False
6943,False
6944,False
6945,False
6946,False
6947,False
6948,True
6949,True
6950,False
6951,True
6952,True
6953,False
6954,False
6955,False
6956,False
6957,True
6958,False
6959,False
6960,True
6961,False
6962,False
6963,False
6964,True
6965,False
6966,False
6967,False
6968,False
6969,True
6970,False
6971,True
6972,True
6973,False
6974,True
6975,False
6976,False
6977,True
6978,False
6979,True
6980,False
6981,False
6982,True
6983,True
6984,False
6985,False
6986,False
6987,True
6988,True
6989,True
6990,False
6991,False
6992,False
6993,False
6994,True
6995,False
6996,True
6997,False
6998,False
6999,False
7000,False
7001,True
7002,False
7003,False
7004,True
7005,True
7006,False
7007,False
7008,True
7009,False
7010,False
7011,False
7012,False
7013,False
7014,False
7015,False
7016,False
7017,False
7018,False
7019,False
7020,False
7021,False
7022,False
7023,False
7024,False
7025,False
7026,False
7027,False
7028,True
7029,False
7030,False
7031,True
7032,False
7033,False
7034,True
7035,False
7036,False
7037,False
7038,False
7039,False
7040,False
7041,True
7042,False
7043,True
7044,False
7045,False
7046,False
7047,False
7048,False
7049,False
7050,False
7051,False
7052,False
7053,False
7054,False
7055,False
7056,False
7057,False
7058,False
7059,False
7060,True
7061,True
7062,False
7063,False
7064,False
7065,False
7066,True
7067,False
7068,False
7069,False
7070,False
7071,False
7072,False
7073,False
7074,False
7075,False
7076,False
7077,False
7078,True
7079,False
7080,False
7081,False
7082,True
7083,True
7084,False
7085,False
7086,True
7087,True
7088,False
7089,False
7090,False
7091,False
7092,False
7093,False
7094,False
7095,True
7096,False
7097,True
7098,False
7099,False
7100,False
7101,True
7102,False
7103,False
7104,True
7105,False
7106,False
7107,False
7108,True
7109,False
7110,False
7111,False
7112,False
7113,False
7114,False
7115,False
7116,False
7117,False
7118,False
7119,True
7120,True
7121,False
7122,False
7123,False
7124,False
7125,False
7126,False
7127,False
7128,False
7129,False
7130,False
7131,True
7132,False
7133,False
7134,False
7135,False
7136,False
7137,False
7138,False
7139,False
7140,False
7141,False
7142,True
7143,False
7144,True
7145,True
7146,False
7147,False
7148,False
7149,False
7150,False
7151,False
7152,False
7153,False
7154,False
7155,True
7156,True
7157,False
7158,True
7159,True
7160,True
7161,True
7162,False
7163,False
7164,True
7165,False
7166,False
7167,False
7168,True
7169,True
7170,False
7171,True
7172,False
7173,False
7174,False
7175,False
7176,False
7177,False
7178,False
7179,False
7180,False
7181,False
7182,False
7183,True
7184,False
7185,False
7186,False
7187,False
7188,False
7189,False
7190,False
7191,False
7192,False
7193,True
7194,True
7195,True
7196,False
7197,False
7198,False
7199,False
7200,False
7201,False
7202,False
7203,True
7204,False
7205,False
7206,True
7207,True
7208,True
7209,True
7210,True
7211,True
7212,True
7213,True
7214,False
7215,False
7216,False
7217,True
7218,True
7219,True
7220,False
7221,False
7222,True
7223,False
7224,False
7225,False
7226,False
7227,True
7228,True
7229,True
7230,False
7231,False
7232,False
7233,False
7234,False
7235,False
7236,False
7237,False
7238,True
7239,False
7240,False
7241,True
7242,False
7243,True
7244,False
7245,False
7246,False
7247,True
7248,True
7249,False
7250,False
7251,False
7252,True
7253,False
7254,False
7255,False
7256,False
7257,False
7258,True
7259,False
7260,False
7261,True
7262,True
7263,False
7264,False
7265,True
7266,True
7267,False
7268,False
7269,True
7270,True
7271,False
7272,False
7273,False
7274,False
7275,False
7276,False
7277,False
7278,False
7279,False
7280,False
7281,True
7282,False
7283,False
7284,True
7285,True
7286,False
7287,False
7288,False
7289,False
7290,False
7291,False
7292,True
7293,False
7294,True
7295,False
7296,True
7297,False
7298,True
7299,False
7300,True
7301,False
7302,False
7303,False
7304,False
7305,False
7306,False
7307,True
7308,True
7309,False
7310,True
7311,True
7312,False
7313,True
7314,False
7315,False
7316,True
7317,True
7318,False
7319,True
7320,False
7321,False
7322,False
7323,False
7324,False
7325,False
7326,False
7327,False
7328,True
7329,False
7330,False
7331,False
7332,True
7333,True
7334,True
7335,False
7336,True
7337,False
7338,False
7339,False
7340,False
7341,False
7342,False
7343,False
7344,False
7345,False
7346,False
7347,False
7348,False
7349,True
7350,False
7351,False
7352,False
7353,False
7354,False
7355,False
7356,False
7357,True
7358,True
7359,True
7360,False
7361,True
7362,True
7363,True
7364,True
7365,False
7366,False
7367,False
7368,True
7369,True
7370,False
7371,False
7372,False
7373,False
7374,False
7375,False
7376,True
7377,False
7378,False
7379,False
7380,False
7381,False
7382,True
7383,True
7384,False
7385,False
7386,False
7387,False
7388,False
7389,False
7390,False
7391,False
7392,False
7393,False
7394,True
7395,False
7396,False
7397,False
7398,False
7399,False
7400,False
7401,False
7402,False
7403,True
7404,False
7405,True
7406,False
7407,False
7408,True
7409,False
7410,False
7411,False
7412,False
7413,False
7414,False
7415,False
7416,False
7417,False
7418,True
7419,True
7420,True
7421,True
7422,False
7423,False
7424,False
7425,False
7426,False
7427,False
7428,True
7429,True
7430,False
7431,False
7432,False
7433,False
7434,False
7435,False
7436,True
7437,True
7438,True
7439,True
7440,True
7441,True
7442,True
7443,False
7444,False
7445,False
7446,False
7447,True
7448,False
7449,False
7450,False
7451,True
7452,True
7453,True
7454,False
7455,False
7456,False
7457,False
7458,False
7459,False
7460,True
7461,False
7462,False
7463,False
7464,False
7465,False
7466,False
7467,True
7468,True
7469,True
7470,False
7471,True
7472,True
7473,False
7474,False
7475,False
7476,False
7477,False
7478,True
7479,False
7480,True
7481,False
7482,False
7483,False
7484,False
7485,False
7486,False
7487,False
7488,False
7489,True
7490,False
7491,False
7492,False
7493,False
7494,True
7495,True
7496,True
7497,True
7498,True
7499,False
7500,False
7501,True
7502,True
7503,True
7504,False
7505,False
7506,False
7507,False
7508,False
7509,False
7510,True
7511,False
7512,False
7513,True
7514,False
7515,False
7516,False
7517,False
7518,True
7519,True
7520,True
7521,True
7522,False
7523,True
7524,False
7525,False
7526,False
7527,False
7528,False
7529,False
7530,False
7531,False
7532,False
7533,False
7534,False
7535,False
7536,False
7537,True
7538,True
7539,False
7540,False
7541,True
7542,False
7543,False
7544,False
7545,False
7546,True
7547,False
7548,True
7549,True
7550,False
7551,True
7552,False
7553,False
7554,True
7555,False
7556,True
7557,False
7558,False
7559,True
7560,True
7561,True
7562,True
7563,False
7564,False
7565,False
7566,False
7567,False
7568,False
7569,False
7570,True
7571,False
7572,False
7573,False
7574,False
7575,False
7576,False
7577,False
7578,False
7579,False
7580,False
7581,False
7582,False
7583,False
7584,False
7585,False
7586,True
7587,True
7588,True
7589,False
7590,False
7591,True
7592,True
7593,False
7594,False
7595,False
7596,False
7597,False
7598,False
7599,False
7600,False
7601,False
7602,True
7603,False
7604,True
7605,False
7606,True
7607,True
7608,False
7609,False
7610,True
7611,True
7612,False
7613,False
7614,True
7615,False
7616,False
7617,False
7618,False
7619,False
7620,False
7621,False
7622,False
7623,False
7624,False
7625,False
7626,False
7627,False
7628,True
7629,False
7630,True
7631,False
7632,False
7633,False
7634,True
7635,False
7636,False
7637,False
7638,False
7639,False
7640,False
7641,False
7642,False
7643,False
7644,False
7645,False
7646,False
7647,False
7648,False
7649,False
7650,False
7651,False
7652,False
7653,False
7654,False
7655,True
7656,False
7657,False
7658,False
7659,False
7660,False
7661,False
7662,True
7663,False
7664,False
7665,False
7666,False
7667,False
7668,True
7669,True
7670,True
7671,False
7672,False
7673,False
7674,False
7675,False
7676,False
7677,False
7678,False
7679,True
7680,False
7681,True
7682,False
7683,False
7684,False
7685,False
7686,True
7687,False
7688,False
7689,False
7690,False
7691,False
7692,False
7693,False
7694,False
7695,False
7696,False
7697,False
7698,False
7699,True
7700,False
7701,True
7702,False
7703,True
7704,True
7705,False
7706,False
7707,True
7708,True
7709,False
7710,True
7711,False
7712,False
7713,False
7714,False
7715,False
7716,False
7717,True
7718,False
7719,False
7720,False
7721,False
7722,True
7723,False
7724,True
7725,True
7726,False
7727,True
7728,True
7729,True
7730,True
7731,False
7732,False
7733,True
7734,False
7735,False
7736,False
7737,False
7738,False
7739,True
7740,False
7741,True
7742,True
7743,False
7744,False
7745,True
7746,True
7747,False
7748,False
7749,False
7750,False
7751,False
7752,False
7753,True
7754,True
7755,True
7756,True
7757,False
7758,False
7759,False
7760,True
7761,False
7762,False
7763,False
7764,True
7765,False
7766,False
7767,True
7768,False
7769,True
7770,True
7771,True
7772,True
7773,True
7774,False
7775,True
7776,False
7777,True
7778,True
7779,False
7780,False
7781,False
7782,False
7783,False
7784,False
7785,False
7786,False
7787,False
7788,False
7789,False
7790,False
7791,True
7792,True
7793,True
7794,False
7795,True
7796,False
7797,False
7798,True
7799,False
7800,True
7801,False
7802,False
7803,False
7804,False
7805,False
7806,True
7807,False
7808,False
7809,True
7810,False
7811,False
7812,True
7813,True
7814,False
7815,True
7816,False
7817,False
7818,False
7819,False
7820,False
7821,False
7822,False
7823,False
7824,False
7825,False
7826,False
7827,False
7828,False
7829,True
7830,True
7831,True
7832,True
7833,False
7834,False
7835,False
7836,False
7837,True
7838,True
7839,False
7840,False
7841,False
7842,True
7843,False
7844,False
7845,True
7846,False
7847,False
7848,False
7849,False
7850,False
7851,False
7852,True
7853,False
7854,False
7855,False
7856,False
7857,True
7858,False
7859,False
7860,False
7861,False
7862,False
7863,False
7864,False
7865,True
7866,False
7867,False
7868,False
7869,False
7870,False
7871,False
7872,False
7873,False
7874,False
7875,False
7876,False
7877,False
7878,False
7879,False
7880,False
7881,False
7882,False
7883,True
7884,True
7885,True
7886,False
7887,False
7888,False
7889,False
7890,False
7891,False
7892,False
7893,False
7894,False
7895,False
7896,False
7897,True
7898,False
7899,False
7900,False
7901,True
7902,False
7903,False
7904,False
7905,False
7906,False
7907,False
7908,True
7909,True
7910,False
7911,False
7912,False
7913,False
7914,False
7915,False
7916,False
7917,False
7918,True
7919,False
7920,False
7921,False
7922,False
7923,True
7924,False
7925,False
7926,False
7927,True
7928,True
7929,False
7930,False
7931,True
7932,False
7933,False
7934,False
7935,False
7936,False
7937,False
7938,False
7939,True
7940,False
7941,False
7942,False
7943,True
7944,True
7945,False
7946,False
7947,True
7948,False
7949,False
7950,False
7951,False
7952,False
7953,False
7954,False
7955,False
7956,False
7957,False
7958,False
7959,True
7960,True
7961,False
7962,True
7963,False
7964,False
7965,False
7966,False
7967,True
7968,True
7969,False
7970,False
7971,False
7972,False
7973,True
7974,False
7975,False
7976,False
7977,False
7978,False
7979,False
7980,False
7981,False
7982,False
7983,False
7984,False
7985,False
7986,False
7987,False
7988,False
7989,True
7990,False
7991,False
7992,False
7993,False
7994,True
7995,False
7996,False
7997,False
7998,True
7999,False
8000,False
8001,False
8002,False
8003,False
8004,False
8005,False
8006,False
8007,False
8008,False
8009,False
8010,False
8011,False
8012,False
8013,False
8014,False
8015,False
8016,False
8017,False
8018,False
8019,False
8020,False
8021,False
8022,False
8023,True
8024,True
8025,False
8026,False
8027,False
8028,False
8029,False
8030,False
8031,False
8032,False
8033,False
8034,True
8035,False
8036,False
8037,False
8038,False
8039,False
8040,True
8041,True
8042,False
8043,False
8044,True
8045,False
8046,False
8047,False
8048,True
8049,False
8050,False
8051,False
8052,False
8053,False
8054,False
8055,False
8056,False
8057,False
8058,False
8059,True
8060,False
8061,False
8062,False
8063,False
8064,False
8065,False
8066,False
8067,False
8068,False
8069,False
8070,True
8071,False
8072,False
8073,False
8074,False
8075,False
8076,False
8077,False
8078,True
8079,True
8080,False
8081,False
8082,False
8083,False
8084,False
8085,False
8086,False
8087,True
8088,False
8089,False
8090,False
8091,False
8092,False
8093,False
8094,False
8095,False
8096,True
8097,True
8098,True
8099,False
8100,False
8101,True
8102,False
8103,True
8104,False
8105,False
8106,False
8107,False
8108,True
8109,False
8110,False
8111,True
8112,False
8113,False
8114,True
8115,True
8116,True
8117,True
8118,True
8119,False
8120,False
8121,True
8122,True
8123,False
8124,False
8125,False
8126,True
8127,False
8128,True
8129,True
8130,False
8131,False
8132,False
8133,False
8134,False
8135,False
8136,False
8137,False
8138,False
8139,False
8140,False
8141,False
8142,False
8143,False
8144,True
8145,False
8146,False
8147,False
8148,False
8149,False
8150,False
8151,False
8152,True
8153,True
8154,False
8155,False
8156,False
8157,False
8158,True
8159,False
8160,False
8161,False
8162,False
8163,False
8164,True
8165,False
8166,False
8167,False
8168,False
8169,False
8170,True
8171,False
8172,True
8173,False
8174,False
8175,False
8176,False
8177,True
8178,True
8179,False
8180,False
8181,False
8182,True
8183,True
8184,True
8185,False
8186,False
8187,True
8188,True
8189,True
8190,False
8191,True
8192,True
8193,False
8194,False
8195,True
8196,False
8197,False
8198,False
8199,False
8200,True
8201,False
8202,False
8203,False
8204,False
8205,True
8206,False
8207,False
8208,False
8209,False
8210,False
8211,False
8212,False
8213,False
8214,True
8215,False
8216,True
8217,False
8218,False
8219,False
8220,False
8221,False
8222,False
8223,True
8224,False
8225,False
8226,False
8227,False
8228,False
8229,False
8230,True
8231,False
8232,False
8233,False
8234,True
8235,False
8236,False
8237,False
8238,False
8239,False
8240,False
8241,False
8242,False
8243,False
8244,False
8245,False
8246,False
8247,False
8248,False
8249,False
8250,False
8251,False
8252,False
8253,False
8254,False
8255,False
8256,False
8257,False
8258,False
8259,False
8260,True
8261,True
8262,True
8263,True
8264,False
8265,False
8266,False
8267,True
8268,False
8269,False
8270,False
8271,False
8272,False
8273,False
8274,False
8275,False
8276,False
8277,False
8278,True
8279,False
8280,False
8281,True
8282,True
8283,True
8284,False
8285,False
8286,False
8287,False
8288,False
8289,False
8290,False
8291,False
8292,False
8293,False
8294,False
8295,False
8296,False
8297,False
8298,False
8299,False
8300,False
8301,False
8302,False
8303,False
8304,False
8305,False
8306,False
8307,False
8308,False
8309,False
8310,True
8311,False
8312,False
8313,False
8314,False
8315,False
8316,True
8317,True
8318,False
8319,False
8320,False
8321,False
8322,False
8323,False
8324,False
8325,False
8326,False
8327,True
8328,True
8329,True
8330,True
8331,True
8332,True
8333,False
8334,False
8335,False
8336,False
8337,False
8338,False
8339,False
8340,True
8341,True
8342,False
8343,False
8344,False
8345,False
8346,False
8347,False
8348,False
8349,False
8350,False
8351,False
8352,False
8353,False
8354,False
8355,False
8356,False
8357,False
8358,False
8359,False
8360,False
8361,True
8362,False
8363,False
8364,False
8365,False
8366,False
8367,False
8368,True
8369,True
8370,True
8371,True
8372,True
8373,False
8374,False
8375,False
8376,False
8377,True
8378,False
8379,False
8380,True
8381,False
8382,False
8383,False
8384,False
8385,True
8386,True
8387,False
8388,False
8389,False
8390,False
8391,False
8392,True
8393,True
8394,False
8395,False
8396,True
8397,True
8398,False
8399,False
8400,False
8401,False
8402,False
8403,True
8404,False
8405,False
8406,False
8407,False
8408,False
8409,False
8410,False
8411,False
8412,False
8413,False
8414,False
8415,False
8416,False
8417,False
8418,False
8419,False
8420,False
8421,False
8422,False
8423,True
8424,False
8425,False
8426,False
8427,False
8428,False
8429,False
8430,True
8431,False
8432,False
8433,False
8434,True
8435,False
8436,True
8437,False
8438,False
8439,False
8440,True
8441,False
8442,False
8443,False
8444,False
8445,False
8446,False
8447,False
8448,False
8449,False
8450,False
8451,False
8452,False
8453,True
8454,True
8455,False
8456,False
8457,True
8458,False
8459,True
8460,False
8461,False
8462,False
8463,False
8464,False
8465,False
8466,False
8467,False
8468,False
8469,False
8470,False
8471,False
8472,False
8473,True
8474,False
8475,False
8476,False
8477,True
8478,True
8479,True
8480,True
8481,False
8482,False
8483,False
8484,False
8485,True
8486,False
8487,False
8488,False
8489,False
8490,False
8491,False
8492,False
8493,False
8494,False
8495,False
8496,False
8497,True
8498,False
8499,False
8500,False
8501,False
8502,False
8503,False
8504,False
8505,True
8506,False
8507,False
8508,False
8509,False
8510,True
8511,True
8512,True
8513,True
8514,False
8515,True
8516,False
8517,False
8518,True
8519,True
8520,True
8521,False
8522,True
8523,True
8524,False
8525,False
8526,False
8527,True
8528,True
8529,False
8530,True
8531,True
8532,False
8533,False
8534,False
8535,True
8536,True
8537,False
8538,False
8539,False
8540,False
8541,False
8542,False
8543,False
8544,False
8545,True
8546,False
8547,True
8548,False
8549,False
8550,False
8551,False
8552,False
8553,True
8554,False
8555,False
8556,False
8557,False
8558,False
8559,True
8560,False
8561,False
8562,False
8563,False
8564,False
8565,True
8566,False
8567,False
8568,False
8569,False
8570,False
8571,True
8572,False
8573,False
8574,True
8575,False
8576,False
8577,False
8578,False
8579,False
8580,False
8581,True
8582,True
8583,True
8584,False
8585,True
8586,False
8587,False
8588,True
8589,False
8590,False
8591,False
8592,False
8593,False
8594,False
8595,False
8596,True
8597,False
8598,False
8599,True
8600,False
8601,False
8602,False
8603,False
8604,True
8605,True
8606,False
8607,True
8608,False
8609,False
8610,False
8611,False
8612,False
8613,False
8614,True
8615,False
8616,False
8617,True
8618,True
8619,False
8620,False
8621,False
8622,False
8623,False
8624,False
8625,False
8626,False
8627,False
8628,False
8629,False
8630,False
8631,True
8632,False
8633,False
8634,False
8635,False
8636,True
8637,True
8638,False
8639,False
8640,False
8641,False
8642,False
8643,True
8644,False
8645,False
8646,True
8647,True
8648,True
8649,True
8650,False
8651,False
8652,True
8653,True
8654,False
8655,False
8656,False
8657,False
8658,False
8659,False
8660,False
8661,False
8662,False
8663,False
8664,False
8665,False
8666,False
8667,False
8668,False
8669,False
8670,False
8671,False
8672,False
8673,False
8674,False
8675,True
8676,False
8677,False
8678,True
8679,True
8680,True
8681,False
8682,True
8683,False
8684,False
8685,False
8686,False
8687,False
8688,False
8689,True
8690,False
8691,True
8692,False
8693,False
8694,False
8695,True
8696,True
8697,False
8698,False
8699,False
8700,False
8701,True
8702,False
8703,False
8704,False
8705,True
8706,True
8707,True
8708,True
8709,False
8710,False
8711,False
8712,False
8713,False
8714,True
8715,False
8716,False
8717,False
8718,True
8719,False
8720,False
8721,False
8722,True
8723,False
8724,False
8725,False
8726,False
8727,False
8728,False
8729,False
8730,False
8731,False
8732,True
8733,False
8734,False
8735,False
8736,False
8737,False
8738,False
8739,False
8740,False
8741,False
8742,False
8743,False
8744,False
8745,False
8746,False
8747,False
8748,False
8749,False
8750,False
8751,False
8752,False
8753,False
8754,False
8755,True
8756,False
8757,False
8758,False
8759,False
8760,False
8761,False
8762,False
8763,False
8764,False
8765,False
8766,False
8767,False
8768,False
8769,False
8770,False
8771,False
8772,False
8773,False
8774,False
8775,False
8776,True
8777,False
8778,False
8779,False
8780,False
8781,False
8782,False
8783,False
8784,False
8785,True
8786,False
8787,False
8788,False
8789,False
8790,False
8791,False
8792,True
8793,False
8794,False
8795,True
8796,False
8797,True
8798,True
8799,True
8800,True
8801,False
8802,False
8803,False
8804,False
8805,False
8806,False
8807,False
8808,False
8809,False
8810,False
8811,False
8812,False
8813,True
8814,True
8815,False
8816,False
8817,False
8818,False
8819,True
8820,False
8821,False
8822,False
8823,False
8824,True
8825,False
8826,False
8827,False
8828,True
8829,False
8830,False
8831,False
8832,False
8833,True
8834,False
8835,False
8836,True
8837,False
8838,True
8839,False
8840,False
8841,False
8842,False
8843,False
8844,False
8845,False
8846,False
8847,False
8848,False
8849,False
8850,False
8851,False
8852,False
8853,False
8854,False
8855,False
8856,False
8857,False
8858,False
8859,False
8860,False
8861,False
8862,False
8863,False
8864,True
8865,True
8866,True
8867,True
8868,False
8869,False
8870,False
8871,False
8872,False
8873,False
8874,True
8875,False
8876,False
8877,False
8878,False
8879,False
8880,False
8881,False
8882,True
8883,False
8884,False
8885,False
8886,False
8887,False
8888,False
8889,False
8890,False
8891,False
8892,False
8893,False
8894,False
8895,True
8896,False
8897,False
8898,False
8899,False
8900,False
8901,False
8902,False
8903,True
8904,False
8905,False
8906,False
8907,False
8908,False
8909,False
8910,False
8911,True
8912,False
8913,False
8914,False
8915,True
8916,False
8917,False
8918,False
8919,True
8920,True
8921,False
8922,False
8923,True
8924,False
8925,False
8926,False
8927,False
8928,True
8929,False
8930,False
8931,False
8932,False
8933,True
8934,False
8935,True
8936,False
8937,False
8938,False
8939,False
8940,False
8941,False
8942,False
8943,True
8944,False
8945,False
8946,False
8947,False
8948,False
8949,False
8950,False
8951,False
8952,False
8953,False
8954,False
8955,False
8956,True
8957,False
8958,True
8959,True
8960,True
8961,False
8962,False
8963,False
8964,False
8965,False
8966,False
8967,False
8968,False
8969,True
8970,False
8971,False
8972,True
8973,True
8974,False
8975,False
8976,False
8977,True
8978,False
8979,False
8980,False
8981,False
8982,False
8983,False
8984,True
8985,True
8986,False
8987,False
8988,False
8989,False
8990,True
8991,True
8992,True
8993,True
8994,True
8995,False
8996,True
8997,True
8998,True
8999,True
9000,True
9001,False
9002,False
9003,False
9004,True
9005,True
9006,True
9007,False
9008,False
9009,False
9010,False
9011,False
9012,False
9013,False
9014,False
9015,False
9016,False
9017,False
9018,False
9019,True
9020,True
9021,True
9022,True
9023,False
9024,True
9025,False
9026,False
9027,True
9028,False
9029,False
9030,False
9031,False
9032,False
9033,True
9034,False
9035,False
9036,False
9037,False
9038,False
9039,False
9040,False
9041,False
9042,False
9043,False
9044,False
9045,False
9046,False
9047,False
9048,False
9049,False
9050,False
9051,False
9052,False
9053,False
9054,False
9055,False
9056,False
9057,False
9058,False
9059,False
9060,False
9061,False
9062,False
9063,False
9064,False
9065,True
9066,False
9067,False
9068,False
9069,False
9070,False
9071,True
9072,False
9073,False
9074,False
9075,False
9076,False
9077,False
9078,False
9079,False
9080,True
9081,False
9082,False
9083,False
9084,False
9085,False
9086,False
9087,True
9088,False
9089,False
9090,False
9091,False
9092,True
9093,False
9094,True
9095,False
9096,False
9097,False
9098,False
9099,False
9100,False
9101,True
9102,True
9103,False
9104,True
9105,True
9106,True
9107,False
9108,False
9109,True
9110,False
9111,False
9112,False
9113,True
9114,False
9115,False
9116,False
9117,False
9118,False
9119,False
9120,False
9121,False
9122,True
9123,False
9124,False
9125,True
9126,False
9127,False
9128,False
9129,False
9130,False
9131,False
9132,False
9133,False
9134,False
9135,False
9136,True
9137,False
9138,True
9139,False
9140,False
9141,True
9142,False
9143,False
9144,False
9145,True
9146,False
9147,False
9148,False
9149,False
9150,False
9151,True
9152,False
9153,False
9154,True
9155,False
9156,False
9157,False
9158,False
9159,False
9160,False
9161,False
9162,True
9163,True
9164,False
9165,False
9166,False
9167,True
9168,False
9169,False
9170,False
9171,False
9172,False
9173,False
9174,False
9175,False
9176,False
9177,False
9178,False
9179,False
9180,False
9181,False
9182,False
9183,False
9184,False
9185,False
9186,False
9187,False
9188,False
9189,True
9190,True
9191,True
9192,False
9193,False
9194,True
9195,False
9196,False
9197,False
9198,False
9199,False
9200,False
9201,True
9202,False
9203,False
9204,False
9205,False
9206,False
9207,False
9208,False
9209,False
9210,False
9211,False
9212,False
9213,False
9214,False
9215,False
9216,False
9217,True
9218,True
9219,True
9220,False
9221,False
9222,False
9223,False
9224,False
9225,True
9226,True
9227,False
9228,False
9229,False
9230,True
9231,True
9232,True
9233,False
9234,False
9235,False
9236,False
9237,False
9238,False
9239,False
9240,True
9241,False
9242,False
9243,False
9244,False
9245,False
9246,False
9247,False
9248,False
9249,False
9250,False
9251,False
9252,True
9253,False
9254,False
9255,False
9256,False
9257,False
9258,False
9259,False
9260,True
9261,False
9262,True
9263,False
9264,False
9265,True
9266,False
9267,False
9268,False
9269,False
9270,False
9271,False
9272,False
9273,False
9274,False
9275,False
9276,False
9277,False
9278,False
9279,False
9280,False
9281,False
9282,False
9283,False
9284,False
9285,False
9286,False
9287,False
9288,False
9289,False
9290,False
9291,False
9292,True
9293,False
9294,True
9295,False
9296,True
9297,False
9298,False
9299,False
9300,False
9301,False
9302,False
9303,False
9304,False
9305,False
9306,False
9307,False
9308,True
9309,False
9310,False
9311,False
9312,False
9313,False
9314,False
9315,False
9316,False
9317,True
9318,True
9319,False
9320,False
9321,False
9322,True
9323,True
9324,False
9325,False
9326,False
9327,False
9328,False
9329,False
9330,False
9331,False
9332,False
9333,False
9334,True
9335,False
9336,True
9337,True
9338,False
9339,False
9340,False
9341,True
9342,False
9343,False
9344,False
9345,False
9346,False
9347,False
9348,False
9349,False
9350,True
9351,False
9352,False
9353,False
9354,False
9355,False
9356,True
9357,False
9358,False
9359,False
9360,False
9361,False
9362,False
9363,False
9364,False
9365,False
9366,False
9367,False
9368,False
9369,False
9370,False
9371,False
9372,False
9373,True
9374,False
9375,False
9376,False
9377,False
9378,False
9379,False
9380,True
9381,True
9382,False
9383,False
9384,False
9385,False
9386,False
9387,False
9388,False
9389,False
9390,False
9391,False
9392,False
9393,True
9394,False
9395,True
9396,False
9397,False
9398,False
9399,False
9400,False
9401,False
9402,True
9403,False
9404,False
9405,False
9406,False
9407,False
9408,False
9409,True
9410,False
9411,False
9412,False
9413,False
9414,False
9415,True
9416,False
9417,False
9418,True
9419,True
9420,True
9421,True
9422,False
9423,False
9424,True
9425,False
9426,False
9427,False
9428,True
9429,True
9430,False
9431,False
9432,False
9433,False
9434,False
9435,False
9436,True
9437,True
9438,False
9439,False
9440,True
9441,False
9442,False
9443,False
9444,False
9445,False
9446,False
9447,False
9448,False
9449,True
9450,True
9451,True
9452,False
9453,False
9454,False
9455,False
9456,False
9457,False
9458,False
9459,False
9460,True
9461,False
9462,False
9463,False
9464,False
9465,True
9466,False
9467,True
9468,False
9469,False
9470,True
9471,False
9472,False
9473,True
9474,True
9475,False
9476,False
9477,True
9478,False
9479,False
9480,False
9481,False
9482,False
9483,False
9484,False
9485,False
9486,False
9487,False
9488,True
9489,False
9490,False
9491,False
9492,False
9493,False
9494,False
9495,False
9496,True
9497,False
9498,False
9499,False
9500,False
9501,True
9502,False
9503,False
9504,False
9505,False
9506,True
9507,True
9508,False
9509,False
9510,False
9511,True
9512,False
9513,True
9514,False
9515,True
9516,False
9517,False
9518,False
9519,False
9520,False
9521,False
9522,False
9523,False
9524,True
9525,False
9526,True
9527,False
9528,True
9529,False
9530,False
9531,False
9532,False
9533,False
9534,False
9535,False
9536,False
9537,False
9538,False
9539,False
9540,True
9541,True
9542,False
9543,False
9544,False
9545,False
9546,False
9547,False
9548,False
9549,False
9550,False
9551,True
9552,False
9553,False
9554,True
9555,False
9556,False
9557,False
9558,False
9559,False
9560,False
9561,False
9562,False
9563,False
9564,False
9565,False
9566,False
9567,False
9568,False
9569,False
9570,False
9571,False
9572,False
9573,False
9574,False
9575,False
9576,False
9577,False
9578,False
9579,False
9580,False
9581,True
9582,False
9583,False
9584,False
9585,False
9586,False
9587,False
9588,False
9589,False
9590,False
9591,False
9592,True
9593,False
9594,True
9595,False
9596,False
9597,True
9598,False
9599,False
9600,False
9601,False
9602,False
9603,False
9604,False
9605,False
9606,False
9607,False
9608,False
9609,False
9610,True
9611,False
9612,False
9613,False
9614,False
9615,False
9616,False
9617,False
9618,False
9619,False
9620,False
9621,False
9622,False
9623,False
9624,False
9625,True
9626,False
9627,False
9628,False
9629,False
9630,True
9631,False
9632,False
9633,False
9634,False
9635,True
9636,True
9637,True
9638,False
9639,False
9640,False
9641,False
9642,False
9643,False
9644,False
9645,False
9646,False
9647,False
9648,False
9649,False
9650,True
9651,False
9652,True
9653,False
9654,True
9655,False
9656,False
9657,False
9658,False
9659,False
9660,False
9661,False
9662,True
9663,False
9664,False
9665,False
9666,False
9667,False
9668,False
9669,True
9670,False
9671,True
9672,False
9673,False
9674,False
9675,False
9676,False
9677,False
9678,False
9679,False
9680,False
9681,False
9682,True
9683,False
9684,True
9685,False
9686,True
9687,False
9688,True
9689,False
9690,False
9691,False
9692,False
9693,False
9694,False
9695,False
9696,False
9697,False
9698,False
9699,False
9700,False
9701,False
9702,False
9703,False
9704,False
9705,True
9706,True
9707,False
9708,False
9709,False
9710,False
9711,True
9712,False
9713,False
9714,False
9715,False
9716,True
9717,True
9718,False
9719,True
9720,False
9721,True
9722,False
9723,True
9724,False
9725,False
9726,False
9727,False
9728,False
9729,False
9730,True
9731,False
9732,False
9733,False
9734,False
9735,False
9736,True
9737,False
9738,False
9739,False
9740,False
9741,False
9742,False
9743,False
9744,False
9745,False
9746,False
9747,True
9748,True
9749,False
9750,False
9751,False
9752,False
9753,False
9754,False
9755,False
9756,True
9757,False
9758,False
9759,False
9760,False
9761,False
9762,False
9763,False
9764,False
9765,False
9766,False
9767,False
9768,False
9769,False
9770,False
9771,False
9772,False
9773,False
9774,False
9775,False
9776,False
9777,False
9778,True
9779,True
9780,True
9781,False
9782,False
9783,True
9784,False
9785,False
9786,False
9787,False
9788,True
9789,False
9790,False
9791,False
9792,False
9793,False
9794,False
9795,False
9796,False
9797,False
9798,False
9799,False
9800,False
9801,False
9802,True
9803,True
9804,False
9805,False
9806,True
9807,False
9808,True
9809,True
9810,False
9811,False
9812,False
9813,False
9814,False
9815,False
9816,False
9817,False
9818,False
9819,False
9820,True
9821,False
9822,False
9823,False
9824,False
9825,False
9826,False
9827,False
9828,False
9829,False
9830,False
9831,False
9832,True
9833,True
9834,True
9835,True
9836,False
9837,True
9838,True
9839,False
9840,False
9841,False
9842,False
9843,False
9844,False
9845,False
9846,False
9847,False
9848,False
9849,False
9850,False
9851,True
9852,True
9853,False
9854,False
9855,False
9856,True
9857,True
9858,False
9859,False
9860,False
9861,False
9862,True
9863,False
9864,False
9865,True
9866,True
9867,True
9868,True
9869,False
9870,False
9871,False
9872,False
9873,True
9874,False
9875,False
9876,False
9877,False
9878,False
9879,True
9880,True
9881,False
9882,True
9883,True
9884,True
9885,True
9886,False
9887,False
9888,True
9889,False
9890,False
9891,False
9892,False
9893,False
9894,False
9895,False
9896,False
9897,False
9898,False
9899,True
9900,False
9901,False
9902,False
9903,False
9904,False
9905,False
9906,False
9907,False
9908,False
9909,False
9910,False
9911,False
9912,False
9913,False
9914,False
9915,False
9916,False
9917,False
9918,False
9919,False
9920,False
9921,False
9922,False
9923,True
9924,False
9925,True
9926,True
9927,True
9928,False
9929,True
9930,True
9931,False
9932,False
9933,True
9934,False
9935,False
9936,False
9937,True
9938,False
9939,False
9940,True
9941,False
9942,False
9943,False
9944,False
9945,False
9946,False
9947,False
9948,False
9949,False
9950,False
9951,False
9952,False
9953,False
9954,False
9955,False
9956,False
9957,True
9958,True
9959,True
9960,True
9961,True
9962,True
9963,True
9964,False
9965,True
9966,False
9967,True
9968,False
9969,False
9970,True
9971,False
9972,False
9973,False
9974,True
9975,False
9976,False
9977,False
9978,False
9979,False
9980,False
9981,False
9982,False
9983,False
9984,True
9985,False
9986,True
9987,False
9988,True
9989,False
9990,False
9991,False
9992,False
9993,False
9994,True
9995,False
9996,False
9997,False
9998,False
9999,False
10000,False
10001,False
10002,False
10003,True
10004,False
10005,True
10006,True
10007,False
10008,False
10009,False
10010,True
10011,True
10012,False
10013,False
10014,True
10015,False
10016,False
10017,False
10018,False
10019,True
10020,True
10021,False
10022,False
10023,False
10024,False
10025,True
10026,True
10027,False
10028,False
10029,True
10030,False
10031,True
10032,False
10033,False
10034,True
10035,True
10036,False
10037,True
10038,False
10039,True
10040,True
10041,False
10042,False
10043,True
10044,False
10045,False
10046,True
10047,False
10048,False
10049,False
10050,False
10051,False
10052,True
10053,False
10054,False
10055,False
10056,False
10057,False
10058,False
10059,False
10060,True
10061,False
10062,False
10063,False
10064,True
10065,False
10066,True
10067,False
10068,False
10069,False
10070,True
10071,False
10072,False
10073,False
10074,False
10075,True
10076,False
10077,False
10078,True
10079,False
10080,True
10081,False
10082,False
10083,False
10084,False
10085,True
10086,False
10087,False
10088,True
10089,True
10090,True
10091,True
10092,True
10093,True
10094,True
10095,False
10096,False
10097,False
10098,False
10099,True
10100,False
10101,False
10102,True
10103,False
10104,False
10105,False
10106,False
10107,True
10108,True
10109,True
10110,False
10111,False
10112,False
10113,False
10114,False
10115,False
10116,False
10117,False
10118,True
10119,False
10120,False
10121,True
10122,True
10123,True
10124,True
10125,True
10126,True
10127,False
10128,False
10129,False
10130,True
10131,False
10132,True
10133,False
10134,False
10135,True
10136,True
10137,False
10138,False
10139,False
10140,True
10141,False
10142,False
10143,False
10144,False
10145,False
10146,False
10147,True
10148,True
10149,False
10150,True
10151,True
10152,False
10153,False
10154,False
10155,False
10156,True
10157,False
10158,False
10159,True
10160,False
10161,True
10162,True
10163,False
10164,False
10165,False
10166,False
10167,False
10168,False
10169,True
10170,True
10171,False
10172,False
10173,False
10174,False
10175,False
10176,False
10177,False
10178,False
10179,False
10180,False
10181,False
10182,False
10183,False
10184,False
10185,False
10186,False
10187,True
10188,False
10189,False
10190,False
10191,False
10192,False
10193,False
10194,False
10195,False
10196,False
10197,False
10198,False
10199,True
10200,False
10201,False
10202,False
10203,False
10204,False
10205,False
10206,True
10207,False
10208,True
10209,True
10210,False
10211,False
10212,True
10213,False
10214,False
10215,False
10216,True
10217,False
10218,False
10219,False
10220,False
10221,False
10222,True
10223,False
10224,False
10225,False
10226,False
10227,False
10228,False
10229,False
10230,False
10231,False
10232,False
10233,False
10234,False
10235,False
10236,False
10237,True
10238,False
10239,True
10240,True
10241,True
10242,False
10243,False
10244,False
10245,True
10246,False
10247,True
10248,True
10249,False
10250,False
10251,False
10252,False
10253,False
10254,False
10255,False
10256,False
10257,False
10258,False
10259,False
10260,True
10261,False
10262,True
10263,True
10264,True
10265,True
10266,True
10267,False
10268,False
10269,True
10270,False
10271,False
10272,False
10273,False
10274,False
10275,True
10276,True
10277,False
10278,False
10279,False
10280,False
10281,False
10282,False
10283,False
10284,True
10285,False
10286,False
10287,False
10288,True
10289,False
10290,False
10291,False
10292,True
10293,True
10294,True
10295,True
10296,False
10297,True
10298,False
10299,False
10300,False
10301,True
10302,False
10303,False
10304,False
10305,False
10306,True
10307,True
10308,False
10309,False
10310,False
10311,True
10312,False
10313,False
10314,False
10315,True
10316,False
10317,True
10318,False
10319,False
10320,True
10321,False
10322,False
10323,True
10324,True
10325,False
10326,True
10327,True
10328,True
10329,False
10330,True
10331,False
10332,False
10333,False
10334,True
10335,True
10336,True
10337,True
10338,False
10339,False
10340,False
10341,False
10342,False
10343,True
10344,True
10345,True
10346,False
10347,False
10348,False
10349,False
10350,False
10351,False
10352,False
10353,False
10354,False
10355,True
10356,False
10357,True
10358,False
10359,False
10360,True
10361,True
10362,False
10363,False
10364,False
10365,False
10366,False
10367,False
10368,False
10369,True
10370,True
10371,True
10372,True
10373,True
10374,False
10375,False
10376,False
10377,True
10378,False
10379,True
10380,True
10381,True
10382,True
10383,False
10384,False
10385,False
10386,False
10387,False
10388,True
10389,False
10390,False
10391,False
10392,True
10393,False
10394,False
10395,False
10396,False
10397,False
10398,True
10399,False
10400,False
10401,True
10402,True
10403,True
10404,False
10405,False
10406,False
10407,False
10408,False
10409,False
10410,False
10411,False
10412,False
10413,True
10414,False
10415,False
10416,False
10417,True
10418,True
10419,False
10420,False
10421,False
10422,False
10423,False
10424,False
10425,False
10426,False
10427,False
10428,False
10429,False
10430,False
10431,False
10432,False
10433,False
10434,True
10435,False
10436,True
10437,False
10438,True
10439,True
10440,True
10441,False
10442,True
10443,False
10444,True
10445,False
10446,True
10447,False
10448,False
10449,False
10450,False
10451,False
10452,False
10453,False
10454,True
10455,False
10456,False
10457,False
10458,False
10459,False
10460,True
10461,False
10462,False
10463,False
10464,False
10465,False
10466,False
10467,False
10468,True
10469,False
10470,False
10471,False
10472,False
10473,True
10474,False
10475,False
10476,False
10477,False
10478,True
10479,False
10480,False
10481,False
10482,False
10483,False
10484,True
10485,False
10486,True
10487,False
10488,True
10489,True
10490,False
10491,False
10492,False
10493,False
10494,True
10495,True
10496,False
10497,False
10498,False
10499,False
10500,False
10501,False
10502,False
10503,False
10504,False
10505,False
10506,False
10507,False
10508,False
10509,False
10510,False
10511,False
10512,False
10513,False
10514,False
10515,False
10516,True
10517,False
10518,False
10519,False
10520,False
10521,False
10522,True
10523,False
10524,False
10525,True
10526,True
10527,False
10528,False
10529,False
10530,True
10531,False
10532,False
10533,False
10534,False
10535,False
10536,False
10537,False
10538,False
10539,False
10540,False
10541,True
10542,False
10543,False
10544,False
10545,False
10546,False
10547,False
10548,False
10549,True
10550,False
10551,False
10552,False
10553,False
10554,False
10555,False
10556,False
10557,True
10558,True
10559,False
10560,True
10561,True
10562,False
10563,False
10564,False
10565,True
10566,False
10567,False
10568,False
10569,False
10570,False
10571,False
10572,False
10573,False
10574,False
10575,False
10576,True
10577,False
10578,False
10579,False
10580,True
10581,False
10582,False
10583,False
10584,False
10585,False
10586,False
10587,False
10588,False
10589,False
10590,False
10591,True
10592,False
10593,False
10594,False
10595,False
10596,True
10597,False
10598,False
10599,False
10600,True
10601,False
10602,False
10603,False
10604,False
10605,False
10606,False
10607,False
10608,False
10609,False
10610,True
10611,True
10612,False
10613,True
10614,False
10615,False
10616,False
10617,False
10618,True
10619,False
10620,False
10621,False
10622,True
10623,False
10624,True
10625,False
10626,False
10627,False
10628,False
10629,False
10630,False
10631,False
10632,True
10633,False
10634,False
10635,True
10636,False
10637,False
10638,True
10639,True
10640,False
10641,False
10642,False
10643,False
10644,False
10645,True
10646,False
10647,True
10648,True
10649,False
10650,False
10651,False
10652,True
10653,False
10654,False
10655,True
10656,True
10657,False
10658,False
10659,False
10660,False
10661,False
10662,False
10663,False
10664,False
10665,False
10666,False
10667,False
10668,True
10669,False
10670,True
10671,True
10672,False
10673,False
10674,False
10675,False
10676,False
10677,True
10678,True
10679,True
10680,False
10681,False
10682,False
10683,False
10684,False
10685,True
10686,False
10687,True
10688,False
10689,False
10690,False
10691,False
10692,False
10693,True
10694,False
10695,False
10696,False
10697,False
10698,False
10699,False
10700,False
10701,False
10702,True
10703,False
10704,False
10705,True
10706,False
10707,True
10708,True
10709,False
10710,True
10711,False
10712,False
10713,False
10714,False
10715,False
10716,False
10717,False
10718,False
10719,False
10720,False
10721,False
10722,False
10723,False
10724,False
10725,True
10726,True
10727,False
10728,False
10729,True
10730,False
10731,False
10732,True
10733,False
10734,False
10735,True
10736,False
10737,False
10738,True
10739,False
10740,False
10741,False
10742,False
10743,False
10744,False
10745,True
10746,False
10747,False
10748,False
10749,False
10750,False
10751,True
10752,False
10753,False
10754,False
10755,False
10756,False
10757,False
10758,False
10759,False
10760,False
10761,False
10762,False
10763,False
10764,False
10765,True
10766,False
10767,False
10768,False
10769,False
10770,False
10771,False
10772,False
10773,False
10774,False
10775,False
10776,False
10777,False
10778,False
10779,False
10780,False
10781,False
10782,False
10783,False
10784,False
10785,False
10786,False
10787,False
10788,False
10789,False
10790,False
10791,False
10792,False
10793,False
10794,True
10795,True
10796,False
10797,True
10798,False
10799,False
10800,False
10801,False
10802,False
10803,True
10804,False
10805,True
10806,False
10807,False
10808,False
10809,False
10810,True
10811,False
10812,False
10813,True
10814,False
10815,False
10816,False
10817,True
10818,True
10819,False
10820,False
10821,False
10822,True
10823,False
10824,True
10825,False
10826,False
10827,False
10828,False
10829,False
10830,False
10831,False
10832,False
10833,False
10834,False
10835,True
10836,True
10837,False
10838,True
10839,False
10840,False
10841,False
10842,False
10843,False
10844,True
10845,True
10846,True
10847,False
10848,False
10849,True
10850,False
10851,False
10852,True
10853,False
10854,False
10855,True
10856,False
10857,False
10858,False
10859,False
10860,False
10861,True
10862,False
10863,False
10864,False
10865,True
10866,False
10867,True
10868,False
10869,False
10870,False
10871,False
10872,False
10873,False
10874,False
10875,True
10876,False
10877,False
10878,False
10879,False
10880,False
10881,False
10882,False
10883,False
10884,False
10885,False
10886,False
10887,False
10888,True
10889,False
10890,False
10891,False
10892,False
10893,False
10894,False
10895,False
10896,False
10897,False
10898,False
10899,False
10900,True
10901,False
10902,True
10903,False
10904,False
10905,False
10906,False
10907,False
10908,False
10909,False
10910,False
10911,False
10912,False
10913,False
10914,True
10915,True
10916,False
10917,False
10918,False
10919,False
10920,True
10921,False
10922,False
10923,False
10924,True
10925,False
10926,False
10927,False
10928,False
10929,False
10930,False
10931,False
10932,False
10933,False
10934,False
10935,False
10936,True
10937,False
10938,True
10939,False
10940,False
10941,False
10942,False
10943,True
10944,True
10945,False
10946,True
10947,True
10948,True
10949,False
10950,True
10951,False
10952,False
10953,False
10954,False
10955,False
10956,True
10957,False
10958,False
10959,False
10960,False
10961,False
10962,False
10963,False
10964,False
10965,False
10966,False
10967,True
10968,True
10969,False
10970,False
10971,False
10972,False
10973,False
10974,False
10975,True
10976,True
10977,True
10978,True
10979,True
10980,False
10981,False
10982,True
10983,True
10984,True
10985,False
10986,False
10987,True
10988,False
10989,True
10990,False
10991,False
10992,False
10993,False
10994,False
10995,False
10996,False
10997,True
10998,False
10999,False
11000,False
11001,False
11002,False
11003,False
11004,True
11005,False
11006,False
11007,False
11008,True
11009,True
11010,False
11011,False
11012,False
11013,False
11014,False
11015,False
11016,False
11017,True
11018,False
11019,True
11020,False
11021,False
11022,False
11023,False
11024,False
11025,False
11026,False
11027,False
11028,True
11029,True
11030,False
11031,True
11032,False
11033,False
11034,False
11035,False
11036,False
11037,False
11038,True
11039,False
11040,False
11041,False
11042,False
11043,False
11044,False
11045,False
11046,False
11047,False
11048,True
11049,True
11050,False
11051,False
11052,True
11053,False
11054,False
11055,False
11056,True
11057,False
11058,False
11059,False
11060,True
11061,False
11062,False
11063,True
11064,True
11065,False
11066,False
11067,False
11068,False
11069,True
11070,False
11071,False
11072,False
11073,True
11074,False
11075,False
11076,False
11077,False
11078,False
11079,False
11080,False
11081,False
11082,False
11083,False
11084,False
11085,False
11086,False
11087,False
11088,False
11089,True
11090,False
11091,False
11092,False
11093,False
11094,True
11095,True
11096,True
11097,True
11098,False
11099,False
11100,False
11101,False
11102,True
11103,True
11104,False
11105,False
11106,False
11107,False
11108,False
11109,True
11110,False
11111,False
11112,True
11113,False
11114,False
11115,False
11116,False
11117,False
11118,False
11119,False
11120,True
11121,True
11122,True
11123,False
11124,False
11125,False
11126,False
11127,False
11128,False
11129,False
11130,True
11131,False
11132,False
11133,False
11134,False
11135,False
11136,False
11137,True
11138,False
11139,False
11140,True
11141,False
11142,False
11143,False
11144,False
11145,False
11146,False
11147,False
11148,False
11149,False
11150,False
11151,True
11152,True
11153,False
11154,False
11155,False
11156,False
11157,False
11158,False
11159,False
11160,True
11161,False
11162,True
11163,False
11164,False
11165,False
11166,False
11167,False
11168,True
11169,True
11170,False
11171,True
11172,False
11173,False
11174,True
11175,False
11176,False
11177,False
11178,True
11179,True
11180,False
11181,False
11182,False
11183,False
11184,True
11185,False
11186,False
11187,False
11188,False
11189,False
11190,False
11191,False
11192,True
11193,False
11194,False
11195,False
11196,False
11197,False
11198,False
11199,False
11200,False
11201,False
11202,False
11203,False
11204,False
11205,False
11206,False
11207,True
11208,False
11209,False
11210,True
11211,False
11212,False
11213,False
11214,True
11215,False
11216,False
11217,False
11218,True
11219,False
11220,False
11221,False
11222,True
11223,False
11224,False
11225,False
11226,False
11227,True
11228,False
11229,False
11230,False
11231,False
11232,False
11233,True
11234,False
11235,False
11236,False
11237,False
11238,False
11239,False
11240,False
11241,False
11242,False
11243,False
11244,False
11245,False
11246,False
11247,False
11248,True
11249,True
11250,False
11251,False
11252,False
11253,False
11254,False
11255,False
11256,False
11257,False
11258,False
11259,False
11260,True
11261,False
11262,False
11263,False
11264,False
11265,False
11266,False
11267,False
11268,False
11269,False
11270,False
11271,False
11272,False
11273,False
11274,False
11275,False
11276,True
11277,True
11278,True
11279,True
11280,False
11281,False
11282,False
11283,True
11284,False
11285,False
11286,False
11287,True
11288,False
11289,False
11290,True
11291,False
11292,False
11293,True
11294,False
11295,False
11296,False
11297,True
11298,False
11299,True
11300,True
11301,False
11302,False
11303,False
11304,False
11305,False
11306,False
11307,True
11308,False
11309,True
11310,True
11311,True
11312,False
11313,False
11314,False
11315,False
11316,False
11317,False
11318,False
11319,False
11320,True
11321,True
11322,False
11323,False
11324,False
11325,False
11326,False
11327,False
11328,False
11329,False
11330,False
11331,False
11332,False
11333,True
11334,False
11335,True
11336,False
11337,True
11338,False
11339,False
11340,False
11341,False
11342,False
11343,True
11344,True
11345,True
11346,True
11347,False
11348,False
11349,False
11350,False
11351,False
11352,False
11353,False
11354,False
11355,False
11356,False
11357,True
11358,False
11359,False
11360,False
11361,True
11362,False
11363,False
11364,False
11365,False
11366,True
11367,False
11368,False
11369,False
11370,False
11371,False
11372,True
11373,True
11374,False
11375,False
11376,False
11377,False
11378,False
11379,True
11380,True
11381,False
11382,False
11383,False
11384,False
11385,False
11386,False
11387,False
11388,False
11389,False
11390,False
11391,False
11392,True
11393,False
11394,False
11395,False
11396,False
11397,False
11398,True
11399,False
11400,False
11401,False
11402,True
11403,False
11404,False
11405,False
11406,False
11407,False
11408,False
11409,False
11410,True
11411,False
11412,False
11413,False
11414,False
11415,True
11416,False
11417,False
11418,False
11419,True
11420,False
11421,False
11422,False
11423,False
11424,False
11425,False
11426,False
11427,False
11428,False
11429,False
11430,False
11431,False
11432,True
11433,True
11434,True
11435,False
11436,False
11437,False
11438,False
11439,False
11440,False
11441,False
11442,False
11443,True
11444,False
11445,False
11446,False
11447,False
11448,False
11449,False
11450,True
11451,False
11452,True
11453,True
11454,False
11455,True
11456,True
11457,False
11458,False
11459,False
11460,False
11461,False
11462,False
11463,False
11464,False
11465,False
11466,False
11467,False
11468,True
11469,True
11470,False
11471,False
11472,False
11473,True
11474,False
11475,False
11476,True
11477,False
11478,True
11479,False
11480,False
11481,True
11482,True
11483,False
11484,True
11485,False
11486,False
11487,False
11488,False
11489,False
11490,False
11491,False
11492,False
11493,False
11494,False
11495,False
11496,False
11497,False
11498,False
11499,True
11500,True
11501,True
11502,True
11503,False
11504,True
11505,False
11506,False
11507,False
11508,False
11509,False
11510,False
11511,False
11512,True
11513,True
11514,False
11515,False
11516,False
11517,True
11518,False
11519,False
11520,False
11521,False
11522,False
11523,False
11524,True
11525,False
11526,False
11527,False
11528,False
11529,True
11530,False
11531,True
11532,True
11533,False
11534,False
11535,False
11536,True
11537,False
11538,True
11539,False
11540,False
11541,True
11542,False
11543,False
11544,False
11545,True
11546,False
11547,False
11548,False
11549,False
11550,True
11551,True
11552,False
11553,True
11554,False
11555,False
11556,False
11557,False
11558,False
11559,False
11560,False
11561,False
11562,False
11563,False
11564,False
11565,False
11566,False
11567,False
11568,True
11569,False
11570,False
11571,False
11572,True
11573,True
11574,False
11575,False
11576,False
11577,False
11578,False
11579,False
11580,False
11581,False
11582,True
11583,True
11584,False
11585,False
11586,True
11587,False
11588,False
11589,True
11590,True
11591,True
11592,False
11593,False
11594,True
11595,False
11596,False
11597,False
11598,True
11599,False
11600,False
11601,True
11602,True
11603,False
11604,False
11605,False
11606,False
11607,False
11608,False
11609,False
11610,False
11611,True
11612,False
11613,False
11614,False
11615,True
11616,False
11617,False
11618,False
11619,False
11620,False
11621,True
11622,True
11623,False
11624,False
11625,False
11626,False
11627,False
11628,False
11629,True
11630,False
11631,True
11632,False
11633,False
11634,False
11635,False
11636,False
11637,False
11638,False
11639,False
11640,True
11641,False
11642,False
11643,False
11644,False
11645,True
11646,False
11647,False
11648,False
11649,False
11650,False
11651,False
11652,True
11653,True
11654,True
11655,False
11656,False
11657,False
11658,False
11659,False
11660,False
11661,False
11662,False
11663,True
11664,False
11665,False
11666,False
11667,False
11668,False
11669,False
11670,False
11671,True
11672,False
11673,False
11674,True
11675,False
11676,False
11677,False
11678,True
11679,False
11680,False
11681,False
11682,False
11683,False
11684,False
11685,False
11686,False
11687,False
11688,False
11689,False
11690,False
11691,False
11692,True
11693,False
11694,False
11695,False
11696,False
11697,False
11698,False
11699,False
11700,False
11701,False
11702,False
11703,False
11704,False
11705,False
11706,False
11707,True
11708,False
11709,False
11710,False
11711,True
11712,False
11713,True
11714,True
11715,False
11716,False
11717,True
11718,False
11719,False
11720,True
11721,True
11722,False
11723,False
11724,False
11725,False
11726,True
11727,False
11728,False
11729,True
11730,True
11731,True
11732,False
11733,False
11734,False
11735,False
11736,False
11737,False
11738,False
11739,False
11740,False
11741,False
11742,False
11743,True
11744,False
11745,False
11746,False
11747,False
11748,True
11749,False
11750,False
11751,False
11752,False
11753,False
11754,False
11755,False
11756,True
11757,False
11758,False
11759,False
11760,False
11761,True
11762,False
11763,False
11764,False
11765,False
11766,False
11767,False
11768,False
11769,False
11770,False
11771,True
11772,False
11773,False
11774,False
11775,False
11776,False
11777,False
11778,False
11779,False
11780,False
11781,True
11782,True
11783,False
11784,False
11785,False
11786,False
11787,False
11788,False
11789,False
11790,False
11791,False
11792,False
11793,False
11794,False
11795,False
11796,False
11797,False
11798,False
11799,False
11800,False
11801,False
11802,False
11803,False
11804,False
11805,True
11806,False
11807,False
11808,False
11809,False
11810,False
11811,False
11812,False
11813,False
11814,False
11815,False
11816,False
11817,False
11818,False
11819,True
11820,False
11821,False
11822,True
11823,True
11824,False
11825,False
11826,False
11827,False
11828,True
11829,False
11830,False
11831,False
11832,True
11833,False
11834,True
11835,True
11836,False
11837,True
11838,False
11839,False
11840,False
11841,False
11842,False
11843,False
11844,False
11845,False
11846,False
11847,False
11848,False
11849,False
11850,False
11851,True
11852,True
11853,True
11854,False
11855,False
11856,True
11857,False
11858,False
11859,True
11860,False
11861,False
11862,False
11863,False
11864,False
11865,False
11866,True
11867,False
11868,False
11869,False
11870,False
11871,False
11872,False
11873,False
11874,False
11875,False
11876,False
11877,False
11878,False
11879,False
11880,False
11881,False
11882,False
11883,False
11884,True
11885,False
11886,False
11887,True
11888,False
11889,True
11890,False
11891,False
11892,False
11893,False
11894,False
11895,True
11896,False
11897,False
11898,False
11899,False
11900,False
11901,True
11902,True
11903,True
11904,False
11905,False
11906,False
11907,False
11908,False
11909,False
11910,False
11911,False
11912,False
11913,False
11914,False
11915,False
11916,False
11917,False
11918,True
11919,False
11920,False
11921,False
11922,False
11923,False
11924,False
11925,True
11926,False
11927,False
11928,False
11929,False
11930,False
11931,False
11932,False
11933,False
11934,False
11935,False
11936,False
11937,False
11938,True
11939,False
11940,False
11941,False
11942,False
11943,True
11944,False
11945,False
11946,True
11947,False
11948,False
11949,False
11950,False
11951,True
11952,False
11953,False
11954,False
11955,False
11956,True
11957,False
11958,False
11959,False
11960,False
11961,False
11962,False
11963,False
11964,True
11965,False
11966,False
11967,False
11968,False
11969,True
11970,False
11971,False
11972,False
11973,False
11974,False
11975,False
11976,True
11977,False
11978,False
11979,False
11980,True
11981,False
11982,False
11983,False
11984,False
11985,False
11986,False
11987,False
11988,False
11989,False
11990,False
11991,False
11992,False
11993,False
11994,False
11995,False
11996,False
11997,False
11998,False
11999,False
12000,False
12001,False
12002,False
12003,True
12004,True
12005,False
12006,False
12007,False
12008,False
12009,False
12010,False
12011,True
12012,True
12013,True
12014,True
12015,False
12016,False
12017,False
12018,False
12019,False
12020,True
12021,False
12022,False
12023,True
12024,False
12025,False
12026,False
12027,False
12028,False
12029,False
12030,False
12031,False
12032,False
12033,False
12034,True
12035,False
12036,False
12037,True
12038,False
12039,False
12040,False
12041,True
12042,True
12043,False
12044,False
12045,False
12046,False
12047,False
12048,False
12049,True
12050,True
12051,False
12052,True
12053,False
12054,False
12055,False
12056,False
12057,False
12058,True
12059,False
12060,True
12061,False
12062,True
12063,False
12064,False
12065,True
12066,False
12067,False
12068,True
12069,False
12070,False
12071,False
12072,False
12073,False
12074,False
12075,False
12076,False
12077,False
12078,False
12079,False
12080,False
12081,False
12082,True
12083,True
12084,False
12085,False
12086,False
12087,False
12088,False
12089,False
12090,False
12091,False
12092,False
12093,False
12094,True
12095,True
12096,True
12097,False
12098,True
12099,True
12100,False
12101,False
12102,False
12103,False
12104,False
12105,False
12106,False
12107,False
12108,True
12109,False
12110,False
12111,False
12112,False
12113,False
12114,False
12115,False
12116,False
12117,True
12118,True
12119,False
12120,False
12121,True
12122,False
12123,True
12124,False
12125,False
12126,False
12127,False
12128,False
12129,False
12130,False
12131,False
12132,False
12133,False
12134,False
12135,False
12136,False
12137,False
12138,False
12139,False
12140,False
12141,False
12142,False
12143,False
12144,False
12145,False
12146,False
12147,False
12148,True
12149,True
12150,False
12151,False
12152,False
12153,False
12154,False
12155,True
12156,False
12157,True
12158,True
12159,True
12160,True
12161,False
12162,False
12163,False
12164,False
12165,False
12166,False
12167,False
12168,False
12169,True
12170,True
12171,False
12172,False
12173,False
12174,False
12175,False
12176,False
12177,False
12178,False
12179,False
12180,False
12181,False
12182,True
12183,False
12184,True
12185,True
12186,False
12187,False
12188,False
12189,False
12190,True
12191,False
12192,False
12193,False
12194,False
12195,True
12196,False
12197,False
12198,False
12199,False
12200,True
12201,False
12202,False
12203,True
12204,True
12205,False
12206,False
12207,True
12208,False
12209,False
12210,False
12211,False
12212,False
12213,False
12214,False
12215,True
12216,False
12217,False
12218,False
12219,False
12220,False
12221,False
12222,True
12223,True
12224,False
12225,True
12226,True
12227,True
12228,True
12229,False
12230,False
12231,False
12232,False
12233,True
12234,False
12235,False
12236,False
12237,False
12238,False
12239,True
12240,True
12241,True
12242,False
12243,False
12244,True
12245,False
12246,False
12247,False
12248,False
12249,False
12250,False
12251,False
12252,False
12253,False
12254,True
12255,False
12256,False
12257,False
12258,True
12259,False
12260,False
12261,False
12262,True
12263,True
12264,False
12265,True
12266,True
12267,False
12268,False
12269,False
12270,False
12271,False
12272,False
12273,False
12274,False
12275,True
12276,True
12277,False
12278,False
12279,False
12280,False
12281,True
12282,False
12283,True
12284,False
12285,False
12286,False
12287,False
12288,False
12289,False
12290,False
12291,False
12292,False
12293,False
12294,False
12295,True
12296,False
12297,False
12298,True
12299,True
12300,True
12301,True
12302,False
12303,False
12304,False
12305,False
12306,False
12307,True
12308,False
12309,False
12310,False
12311,False
12312,False
12313,False
12314,False
12315,False
12316,False
12317,True
12318,False
12319,False
12320,False
12321,False
12322,False
12323,False
12324,False
12325,True
12326,False
12327,True
12328,False
12329,False
12330,False
12331,False
12332,False
12333,False
12334,False
12335,False
12336,False
12337,True
12338,False
12339,True
12340,False
12341,False
12342,False
12343,False
12344,False
12345,False
12346,False
12347,False
12348,False
12349,False
12350,False
12351,False
12352,False
12353,False
12354,False
12355,False
12356,False
12357,False
12358,False
12359,False
12360,True
12361,False
12362,False
12363,False
12364,False
12365,True
12366,False
12367,False
12368,False
12369,False
12370,False
12371,False
12372,True
12373,True
12374,False
12375,False
12376,False
12377,False
12378,True
12379,False
12380,False
12381,True
12382,False
12383,False
12384,False
12385,False
12386,False
12387,True
12388,False
12389,False
12390,False
12391,False
12392,False
12393,True
12394,False
12395,False
12396,False
12397,False
12398,False
12399,False
12400,False
12401,False
12402,False
12403,False
12404,False
12405,True
12406,False
12407,True
12408,False
12409,False
12410,False
12411,False
12412,False
12413,True
12414,False
12415,False
12416,False
12417,False
12418,False
12419,False
12420,False
12421,False
12422,False
12423,False
12424,False
12425,True
12426,True
12427,False
12428,False
12429,False
12430,False
12431,False
12432,True
12433,False
12434,False
12435,False
12436,True
12437,True
12438,False
12439,False
12440,False
12441,False
12442,False
12443,False
12444,False
12445,False
12446,False
12447,False
12448,False
12449,False
12450,True
12451,True
12452,False
12453,False
12454,False
12455,False
12456,False
12457,False
12458,False
12459,False
12460,False
12461,False
12462,False
12463,False
12464,False
12465,False
12466,False
12467,True
12468,False
12469,False
12470,False
12471,False
12472,False
12473,False
12474,False
12475,True
12476,False
12477,False
12478,False
12479,False
12480,True
12481,False
12482,False
12483,False
12484,False
12485,False
12486,False
12487,False
12488,True
12489,False
12490,False
12491,False
12492,False
12493,False
12494,False
12495,False
12496,False
12497,True
12498,True
12499,False
12500,True
12501,False
12502,False
12503,False
12504,False
12505,False
12506,False
12507,False
12508,False
12509,False
12510,False
12511,False
12512,True
12513,True
12514,False
12515,False
12516,False
12517,False
12518,False
12519,False
12520,True
12521,False
12522,False
12523,False
12524,True
12525,False
12526,False
12527,True
12528,False
12529,True
12530,False
12531,False
12532,False
12533,False
12534,False
12535,False
12536,True
12537,False
12538,True
12539,False
12540,False
12541,False
12542,False
12543,False
12544,False
12545,True
12546,False
12547,False
12548,False
12549,True
12550,True
12551,True
12552,False
12553,False
12554,False
12555,False
12556,False
12557,False
12558,False
12559,False
12560,False
12561,False
12562,False
12563,False
12564,False
12565,False
12566,False
12567,True
12568,False
12569,False
12570,False
12571,False
12572,False
12573,False
12574,True
12575,False
12576,False
12577,False
12578,False
12579,True
12580,False
12581,True
12582,True
12583,False
12584,False
12585,False
12586,True
12587,True
12588,False
12589,True
12590,True
12591,True
12592,True
12593,False
12594,True
12595,False
12596,False
12597,False
12598,False
12599,False
12600,False
12601,True
12602,True
12603,True
12604,False
12605,False
12606,False
12607,True
12608,True
12609,True
12610,True
12611,True
12612,False
12613,False
12614,False
12615,False
12616,True
12617,False
12618,False
12619,True
12620,True
12621,False
12622,True
12623,False
12624,True
12625,True
12626,False
12627,False
12628,False
12629,False
12630,False
12631,False
12632,False
12633,False
12634,False
12635,False
12636,False
12637,False
12638,False
12639,True
12640,False
12641,True
12642,False
12643,True
12644,True
12645,True
12646,False
12647,True
12648,False
12649,True
12650,False
12651,True
12652,False
12653,False
12654,False
12655,True
12656,True
12657,True
12658,True
12659,False
12660,False
12661,False
12662,False
12663,False
12664,False
12665,False
12666,False
12667,False
12668,False
12669,False
12670,False
12671,False
12672,False
12673,False
12674,False
12675,False
12676,False
12677,False
12678,False
12679,False
12680,False
12681,True
12682,True
12683,False
12684,True
12685,False
12686,False
12687,False
12688,False
12689,False
12690,False
12691,False
12692,False
12693,False
12694,False
12695,True
12696,True
12697,False
12698,True
12699,False
12700,False
12701,False
12702,True
12703,False
12704,True
12705,False
12706,False
12707,True
12708,False
12709,False
12710,False
12711,False
12712,False
12713,True
12714,False
12715,False
12716,False
12717,False
12718,True
12719,True
12720,False
12721,False
12722,False
12723,False
12724,True
12725,False
12726,False
12727,False
12728,False
12729,False
12730,False
12731,False
12732,False
12733,False
12734,False
12735,True
12736,False
12737,False
12738,False
12739,False
12740,True
12741,False
12742,True
12743,False
12744,False
12745,False
12746,False
12747,False
12748,False
12749,False
12750,True
12751,False
12752,False
12753,False
12754,True
12755,False
12756,False
12757,True
12758,True
12759,False
12760,False
12761,False
12762,False
12763,True
12764,True
12765,False
12766,False
12767,False
12768,False
12769,True
12770,False
12771,False
12772,False
12773,False
12774,False
12775,False
12776,False
12777,False
12778,False
12779,False
12780,False
12781,False
12782,False
12783,False
12784,False
12785,True
12786,True
12787,False
12788,True
12789,False
12790,True
12791,True
12792,True
12793,False
12794,False
12795,False
12796,False
12797,False
12798,False
12799,False
12800,False
12801,False
12802,False
12803,False
12804,False
12805,False
12806,False
12807,False
12808,False
12809,True
12810,False
12811,False
12812,True
12813,True
12814,True
12815,True
12816,False
12817,False
12818,False
12819,False
12820,False
12821,False
12822,False
12823,True
12824,False
12825,False
12826,False
12827,False
12828,False
12829,False
12830,False
12831,False
12832,True
12833,True
12834,False
12835,False
12836,False
12837,False
12838,False
12839,False
12840,False
12841,False
12842,False
12843,False
12844,False
12845,False
12846,False
12847,True
12848,False
12849,False
12850,False
12851,True
12852,False
12853,False
12854,True
12855,False
12856,False
12857,True
12858,False
12859,True
12860,False
12861,False
12862,False
12863,False
12864,True
12865,False
12866,False
12867,False
12868,False
12869,False
12870,False
12871,False
12872,True
12873,False
12874,False
12875,True
12876,False
12877,True
12878,False
12879,False
12880,False
12881,False
12882,False
12883,False
12884,False
12885,False
12886,False
12887,False
12888,True
12889,False
12890,False
12891,False
12892,False
12893,True
12894,False
12895,False
12896,False
12897,False
12898,True
12899,False
12900,False
12901,True
12902,False
12903,False
12904,False
12905,False
12906,False
12907,False
12908,True
12909,True
12910,False
12911,False
12912,False
12913,False
12914,False
12915,False
12916,False
12917,False
12918,False
12919,False
12920,False
12921,True
12922,False
12923,True
12924,False
12925,True
12926,True
12927,True
12928,True
12929,False
12930,False
12931,False
12932,False
12933,False
12934,False
12935,True
12936,False
12937,False
12938,False
12939,False
12940,False
12941,False
12942,True
12943,False
12944,False
12945,False
12946,False
12947,False
12948,False
12949,False
12950,True
12951,False
12952,False
12953,False
12954,True
12955,True
12956,False
12957,False
12958,False
12959,True
12960,False
12961,False
12962,False
12963,True
12964,True
12965,False
12966,True
12967,True
12968,False
12969,False
12970,False
12971,False
12972,False
12973,False
12974,False
12975,False
12976,False
12977,False
12978,False
12979,False
12980,True
12981,False
12982,False
12983,False
12984,False
12985,False
12986,False
12987,True
12988,False
12989,False
12990,False
12991,True
12992,True
12993,False
12994,False
12995,False
12996,False
12997,False
12998,True
12999,False
13000,False
13001,False
13002,False
13003,False
13004,False
13005,False
13006,False
13007,True
13008,True
13009,True
13010,True
13011,False
13012,False
13013,False
13014,False
13015,True
13016,False
13017,True
13018,False
13019,True
13020,True
13021,False
13022,False
13023,False
13024,False
13025,True
13026,False
13027,False
13028,True
13029,False
13030,False
13031,False
13032,False
13033,True
13034,False
13035,False
13036,False
13037,False
13038,True
13039,False
13040,False
13041,False
13042,False
13043,False
13044,False
13045,True
13046,False
13047,False
13048,False
13049,True
13050,False
13051,False
13052,False
13053,False
13054,False
13055,False
13056,False
13057,True
13058,False
13059,True
13060,True
13061,False
13062,False
13063,False
13064,False
13065,False
13066,False
13067,False
13068,True
13069,True
13070,False
13071,False
13072,False
13073,False
13074,False
13075,False
13076,True
13077,True
13078,False
13079,False
13080,False
13081,False
13082,False
13083,False
13084,True
13085,False
13086,True
13087,False
13088,False
13089,False
13090,False
13091,False
13092,False
13093,True
13094,False
13095,False
13096,False
13097,True
13098,False
13099,False
13100,True
13101,False
13102,False
13103,False
13104,False
13105,False
13106,False
13107,True
13108,False
13109,False
13110,False
13111,False
13112,False
13113,False
13114,True
13115,False
13116,True
13117,False
13118,False
13119,False
13120,True
13121,True
13122,False
13123,False
13124,True
13125,False
13126,True
13127,False
13128,False
13129,False
13130,False
13131,False
13132,False
13133,False
13134,False
13135,False
13136,False
13137,True
13138,True
13139,False
13140,False
13141,False
13142,False
13143,False
13144,False
13145,False
13146,False
13147,False
13148,False
13149,False
13150,False
13151,False
13152,False
13153,False
13154,True
13155,False
13156,False
13157,False
13158,False
13159,False
13160,False
13161,False
13162,True
13163,True
13164,False
13165,False
13166,False
13167,False
13168,False
13169,False
13170,False
13171,False
13172,False
13173,False
13174,False
13175,False
13176,False
13177,True
13178,False
13179,False
13180,False
13181,False
13182,False
13183,False
13184,True
13185,False
13186,False
13187,False
13188,True
13189,False
13190,False
13191,False
13192,False
13193,False
13194,False
13195,False
13196,False
13197,False
13198,False
13199,True
13200,False
13201,False
13202,True
13203,False
13204,True
13205,False
13206,False
13207,False
13208,False
13209,False
13210,False
13211,False
13212,False
13213,True
13214,True
13215,True
13216,True
13217,False
13218,False
13219,False
13220,False
13221,True
13222,False
13223,True
13224,False
13225,False
13226,True
13227,False
13228,False
13229,False
13230,False
13231,False
13232,True
13233,True
13234,False
13235,False
13236,False
13237,False
13238,False
13239,False
13240,True
13241,False
13242,False
13243,True
13244,False
13245,True
13246,False
13247,False
13248,False
13249,False
13250,False
13251,False
13252,False
13253,True
13254,False
13255,False
13256,False
13257,True
13258,False
13259,True
13260,False
13261,True
13262,True
13263,False
13264,True
13265,False
13266,True
13267,True
13268,False
13269,False
13270,False
13271,False
13272,False
13273,False
13274,False
13275,False
13276,False
13277,False
13278,True
13279,False
13280,True
13281,False
13282,False
13283,False
13284,False
13285,True
13286,False
13287,False
13288,True
13289,True
13290,False
13291,False
13292,False
13293,True
13294,False
13295,False
13296,False
13297,True
13298,False
13299,False
13300,False
13301,False
13302,True
13303,False
13304,False
13305,False
13306,False
13307,False
13308,False
13309,False
13310,False
13311,True
13312,True
13313,False
13314,False
13315,False
13316,False
13317,False
13318,False
13319,False
13320,False
13321,False
13322,False
13323,True
13324,False
13325,False
13326,False
13327,False
13328,False
13329,True
13330,False
13331,False
13332,True
13333,True
13334,True
13335,False
13336,False
13337,True
13338,False
13339,False
13340,False
13341,False
13342,False
13343,False
13344,True
13345,False
13346,False
13347,True
13348,True
13349,False
13350,True
13351,False
13352,False
13353,False
13354,False
13355,True
13356,False
13357,False
13358,True
13359,False
13360,False
13361,False
13362,False
13363,False
13364,False
13365,False
13366,False
13367,False
13368,True
13369,False
13370,False
13371,False
13372,True
13373,False
13374,False
13375,False
13376,True
13377,False
13378,False
13379,False
13380,True
13381,False
13382,True
13383,True
13384,False
13385,False
13386,False
13387,True
13388,True
13389,True
13390,True
13391,False
13392,False
13393,True
13394,False
13395,False
13396,False
13397,False
13398,True
13399,False
13400,False
13401,False
13402,False
13403,False
13404,False
13405,True
13406,False
13407,False
13408,False
13409,True
13410,False
13411,False
13412,True
13413,False
13414,True
13415,True
13416,False
13417,False
13418,False
13419,True
13420,True
13421,True
13422,False
13423,False
13424,True
13425,False
13426,True
13427,False
13428,False
13429,True
13430,True
13431,False
13432,False
13433,False
13434,False
13435,True
13436,False
13437,False
13438,False
13439,False
13440,False
13441,False
13442,False
13443,False
13444,False
13445,False
13446,False
13447,False
13448,False
13449,False
13450,False
13451,False
13452,False
13453,False
13454,False
13455,False
13456,False
13457,False
13458,True
13459,False
13460,False
13461,False
13462,False
13463,False
13464,False
13465,False
13466,False
13467,True
13468,False
13469,False
13470,True
13471,False
13472,False
13473,False
13474,False
13475,False
13476,True
13477,False
13478,False
13479,False
13480,False
13481,False
13482,False
13483,False
13484,False
13485,False
13486,False
13487,True
13488,True
13489,False
13490,False
13491,False
13492,True
13493,False
13494,False
13495,False
13496,False
13497,False
13498,False
13499,False
13500,False
13501,False
13502,False
13503,True
13504,False
13505,True
13506,False
13507,False
13508,False
13509,False
13510,False
13511,False
13512,True
13513,True
13514,False
13515,True
13516,False
13517,False
13518,False
13519,True
13520,False
13521,True
13522,False
13523,False
13524,False
13525,False
13526,False
13527,True
13528,False
13529,False
13530,False
13531,False
13532,False
13533,True
13534,True
13535,False
13536,False
13537,False
13538,False
13539,False
13540,False
13541,False
13542,False
13543,True
13544,False
13545,False
13546,False
13547,False
13548,False
13549,False
13550,False
13551,False
13552,False
13553,False
13554,False
13555,False
13556,False
13557,False
13558,True
13559,False
13560,False
13561,False
13562,False
13563,False
13564,False
13565,False
13566,False
13567,False
13568,False
13569,True
13570,False
13571,True
13572,False
13573,False
13574,False
13575,True
13576,True
13577,False
13578,False
13579,True
13580,True
13581,False
13582,False
13583,False
13584,False
13585,False
13586,False
13587,False
13588,False
13589,False
13590,False
13591,False
13592,False
13593,False
13594,False
13595,False
13596,True
13597,False
13598,False
13599,True
13600,True
13601,True
13602,False
13603,False
13604,False
13605,False
13606,True
13607,False
13608,False
13609,False
13610,True
13611,True
13612,False
13613,False
13614,False
13615,False
13616,False
13617,True
13618,False
13619,False
13620,True
13621,True
13622,True
13623,True
13624,False
13625,False
13626,False
13627,False
13628,True
13629,True
13630,False
13631,False
13632,True
13633,False
13634,False
13635,False
13636,False
13637,False
13638,False
13639,False
13640,False
13641,False
13642,False
13643,False
13644,False
13645,True
13646,False
13647,False
13648,False
13649,True
13650,False
13651,False
13652,False
13653,False
13654,False
13655,False
13656,False
13657,False
13658,False
13659,False
13660,True
13661,False
13662,True
13663,False
13664,False
13665,False
13666,False
13667,True
13668,False
13669,False
13670,False
13671,False
13672,True
13673,True
13674,False
13675,False
13676,False
13677,False
13678,True
13679,False
13680,True
13681,False
13682,True
13683,True
13684,False
13685,False
13686,True
13687,True
13688,False
13689,True
13690,False
13691,True
13692,True
13693,False
13694,False
13695,False
13696,False
13697,True
13698,True
13699,False
13700,False
13701,False
13702,False
13703,False
13704,False
13705,False
13706,False
13707,False
13708,False
13709,False
13710,False
13711,False
13712,True
13713,False
13714,False
13715,False
13716,False
13717,False
13718,False
13719,False
13720,False
13721,True
13722,True
13723,False
13724,True
13725,False
13726,False
13727,False
13728,False
13729,False
13730,False
13731,True
13732,False
13733,False
13734,False
13735,False
13736,True
13737,False
13738,False
13739,True
13740,True
13741,False
13742,False
13743,True
13744,False
13745,False
13746,True
13747,False
13748,False
13749,False
13750,True
13751,False
13752,False
13753,False
13754,False
13755,False
13756,False
13757,False
13758,False
13759,False
13760,False
13761,False
13762,True
13763,True
13764,True
13765,False
13766,False
13767,False
13768,False
13769,False
13770,False
13771,False
13772,False
13773,False
13774,False
13775,False
13776,False
13777,False
13778,True
13779,True
13780,False
13781,False
13782,True
13783,False
13784,False
13785,False
13786,False
13787,False
13788,False
13789,False
13790,False
13791,True
13792,False
13793,False
13794,False
13795,False
13796,True
13797,False
13798,False
13799,False
13800,False
13801,False
13802,False
13803,True
13804,False
13805,False
13806,False
13807,False
13808,False
13809,False
13810,False
13811,False
13812,True
13813,False
13814,False
13815,False
13816,False
13817,False
13818,True
13819,False
13820,False
13821,False
13822,False
13823,False
13824,True
13825,True
13826,True
13827,False
13828,False
13829,False
13830,False
13831,False
13832,False
13833,False
13834,False
13835,True
13836,True
13837,True
13838,False
13839,False
13840,False
13841,False
13842,False
13843,True
13844,True
13845,False
13846,False
13847,True
13848,False
13849,False
13850,False
13851,True
13852,False
13853,False
13854,False
13855,True
13856,False
13857,True
13858,False
13859,True
13860,False
13861,False
13862,False
13863,False
13864,False
13865,False
13866,True
13867,False
13868,False
13869,False
13870,False
13871,False
13872,True
13873,False
13874,False
13875,False
13876,False
13877,False
13878,False
13879,True
13880,False
13881,False
13882,False
13883,False
13884,False
13885,False
13886,False
13887,False
13888,True
13889,False
13890,False
13891,False
13892,False
13893,False
13894,False
13895,False
13896,False
13897,False
13898,False
13899,True
13900,True
13901,False
13902,True
13903,False
13904,False
13905,False
13906,True
13907,True
13908,True
13909,True
13910,True
13911,True
13912,False
13913,False
13914,False
13915,False
13916,False
13917,False
13918,False
13919,True
13920,True
13921,False
13922,False
13923,False
13924,False
13925,False
13926,False
13927,True
13928,True
13929,False
13930,False
13931,False
13932,False
13933,False
13934,False
13935,False
13936,False
13937,False
13938,True
13939,False
13940,False
13941,False
13942,False
13943,True
13944,False
13945,False
13946,False
13947,False
13948,False
13949,False
13950,False
13951,True
13952,False
13953,False
13954,False
13955,False
13956,False
13957,False
13958,False
13959,True
13960,True
13961,False
13962,True
13963,False
13964,True
13965,False
13966,False
13967,False
13968,False
13969,False
13970,False
13971,False
13972,False
13973,True
13974,False
13975,False
13976,True
13977,True
13978,True
13979,False
13980,False
13981,False
13982,False
13983,False
13984,False
13985,False
13986,True
13987,True
13988,True
13989,False
13990,False
13991,False
13992,True
13993,True
13994,False
13995,False
13996,False
13997,False
13998,False
13999,False
14000,False
14001,False
14002,True
14003,False
14004,False
14005,False
14006,False
14007,False
14008,False
14009,False
14010,False
14011,False
14012,False
14013,False
14014,True
14015,False
14016,False
14017,False
14018,True
14019,False
14020,False
14021,False
14022,True
14023,False
14024,False
14025,False
14026,False
14027,False
14028,True
14029,True
14030,False
14031,True
14032,False
14033,False
14034,False
14035,False
14036,False
14037,False
14038,True
14039,True
14040,False
14041,False
14042,True
14043,True
14044,False
14045,False
14046,False
14047,True
14048,False
14049,True
14050,True
14051,False
14052,False
14053,False
14054,False
14055,False
14056,False
14057,False
14058,False
14059,False
14060,True
14061,False
14062,False
14063,False
14064,True
14065,True
14066,False
14067,False
14068,False
14069,False
14070,False
14071,False
14072,True
14073,False
14074,True
14075,False
14076,False
14077,False
14078,False
14079,False
14080,False
14081,False
14082,False
14083,True
14084,True
14085,False
14086,False
14087,True
14088,False
14089,False
14090,False
14091,False
14092,False
14093,False
14094,False
14095,False
14096,False
14097,True
14098,False
14099,False
14100,False
14101,False
14102,True
14103,False
14104,True
14105,False
14106,False
14107,False
14108,False
14109,False
14110,False
14111,False
14112,True
14113,False
14114,True
14115,False
14116,False
14117,False
14118,False
14119,False
14120,False
14121,False
14122,False
14123,False
14124,False
14125,False
14126,False
14127,False
14128,False
14129,False
14130,False
14131,True
14132,False
14133,False
14134,False
14135,False
14136,True
14137,False
14138,False
14139,False
14140,False
14141,False
14142,False
14143,False
14144,False
14145,False
14146,False
14147,False
14148,False
14149,False
14150,False
14151,True
14152,False
14153,False
14154,False
14155,False
14156,False
14157,True
14158,True
14159,True
14160,False
14161,False
14162,False
14163,False
14164,False
14165,False
14166,True
14167,False
14168,True
14169,False
14170,False
14171,True
14172,True
14173,False
14174,False
14175,False
14176,False
14177,False
14178,False
14179,False
14180,False
14181,False
14182,True
14183,False
14184,True
14185,False
14186,True
14187,True
14188,True
14189,False
14190,False
14191,False
14192,True
14193,False
14194,False
14195,False
14196,True
14197,True
14198,False
14199,False
14200,False
14201,True
14202,True
14203,True
14204,False
14205,False
14206,False
14207,True
14208,False
14209,False
14210,False
14211,False
14212,False
14213,False
14214,True
14215,False
14216,False
14217,False
14218,True
14219,True
14220,False
14221,False
14222,False
14223,True
14224,False
14225,False
14226,False
14227,False
14228,True
14229,False
14230,False
14231,False
14232,False
14233,False
14234,False
14235,False
14236,False
14237,False
14238,False
14239,False
14240,True
14241,False
14242,False
14243,False
14244,False
14245,False
14246,True
14247,False
14248,False
14249,False
14250,True
14251,False
14252,False
14253,False
14254,False
14255,False
14256,False
14257,False
14258,True
14259,True
14260,True
14261,False
14262,False
14263,False
14264,False
14265,False
14266,False
14267,False
14268,False
14269,False
14270,False
14271,True
14272,False
14273,False
14274,False
14275,True
14276,False
14277,True
14278,False
14279,False
14280,False
14281,False
14282,False
14283,False
14284,False
14285,False
14286,False
14287,True
14288,True
14289,True
14290,False
14291,False
14292,False
14293,False
14294,False
14295,False
14296,False
14297,False
14298,False
14299,False
14300,False
14301,False
14302,True
14303,False
14304,False
14305,True
14306,False
14307,False
14308,False
14309,True
14310,False
14311,False
14312,False
14313,True
14314,False
14315,False
14316,False
14317,False
14318,False
14319,False
14320,False
14321,True
14322,False
14323,False
14324,False
14325,False
14326,False
14327,False
14328,False
14329,False
14330,False
14331,False
14332,False
14333,False
14334,False
14335,False
14336,False
14337,False
14338,False
14339,False
14340,False
14341,False
14342,False
14343,True
14344,False
14345,False
14346,False
14347,False
14348,False
14349,False
14350,False
14351,False
14352,False
14353,False
14354,False
14355,False
14356,False
14357,False
14358,False
14359,False
14360,False
14361,False
14362,False
14363,False
14364,False
14365,False
14366,False
14367,False
14368,True
14369,True
14370,True
14371,False
14372,False
14373,False
14374,False
14375,False
14376,False
14377,False
14378,False
14379,False
14380,False
14381,False
14382,False
14383,False
14384,False
14385,False
14386,False
14387,True
14388,False
14389,True
14390,False
14391,False
14392,False
14393,False
14394,False
14395,True
14396,True
14397,False
14398,False
14399,False
14400,True
14401,False
14402,False
14403,False
14404,False
14405,False
14406,False
14407,False
14408,False
14409,True
14410,False
14411,True
14412,True
14413,False
14414,True
14415,False
14416,False
14417,False
14418,True
14419,True
14420,False
14421,True
14422,True
14423,False
14424,False
14425,False
14426,True
14427,False
14428,True
14429,False
14430,False
14431,False
14432,False
14433,False
14434,False
14435,False
14436,True
14437,True
14438,False
14439,True
14440,False
14441,False
14442,False
14443,False
14444,False
14445,True
14446,False
14447,False
14448,False
14449,False
14450,False
14451,False
14452,False
14453,False
14454,False
14455,False
14456,True
14457,False
14458,False
14459,False
14460,False
14461,False
14462,True
14463,True
14464,True
14465,False
14466,True
14467,False
14468,False
14469,False
14470,False
14471,True
14472,True
14473,False
14474,False
14475,True
14476,True
14477,True
14478,False
14479,True
14480,False
14481,False
14482,False
14483,True
14484,False
14485,False
14486,False
14487,False
14488,False
14489,False
14490,False
14491,True
14492,False
14493,False
14494,False
14495,False
14496,False
14497,False
14498,True
14499,False
14500,False
14501,False
14502,False
14503,False
14504,False
14505,True
14506,True
14507,False
14508,False
14509,False
14510,False
14511,False
14512,False
14513,False
14514,True
14515,True
14516,False
14517,False
14518,False
14519,False
14520,False
14521,True
14522,False
14523,False
14524,True
14525,False
14526,False
14527,False
14528,False
14529,False
14530,False
14531,False
14532,False
14533,False
14534,False
14535,False
14536,False
14537,False
14538,False
14539,False
14540,False
14541,False
14542,False
14543,False
14544,False
14545,False
14546,True
14547,False
14548,False
14549,False
14550,False
14551,False
14552,True
14553,True
14554,True
14555,False
14556,True
14557,True
14558,False
14559,False
14560,False
14561,False
14562,False
14563,False
14564,True
14565,False
14566,False
14567,True
14568,False
14569,False
14570,False
14571,False
14572,False
14573,True
14574,False
14575,False
14576,False
14577,False
14578,True
14579,False
14580,False
14581,True
14582,False
14583,False
14584,True
14585,True
14586,False
14587,False
14588,False
14589,False
14590,False
14591,False
14592,False
14593,True
14594,False
14595,False
14596,True
14597,True
14598,False
14599,False
14600,False
14601,False
14602,False
14603,False
14604,False
14605,False
14606,False
14607,False
14608,False
14609,False
14610,False
14611,False
14612,True
14613,False
14614,False
14615,False
14616,False
14617,False
14618,False
14619,False
14620,False
14621,True
14622,True
14623,True
14624,False
14625,False
14626,True
14627,True
14628,False
14629,True
14630,True
14631,True
14632,True
14633,False
14634,True
14635,True
14636,False
14637,False
14638,False
14639,False
14640,False
14641,False
14642,False
14643,False
14644,False
14645,False
14646,False
14647,False
14648,True
14649,True
14650,True
14651,False
14652,False
14653,False
14654,False
14655,False
14656,False
14657,False
14658,False
14659,False
14660,False
14661,False
14662,False
14663,False
14664,False
14665,False
14666,False
14667,True
14668,False
14669,False
14670,False
14671,False
14672,True
14673,False
14674,False
14675,False
14676,False
14677,False
14678,False
14679,False
14680,False
14681,False
14682,False
14683,False
14684,False
14685,False
14686,False
14687,False
14688,True
14689,True
14690,True
14691,False
14692,False
14693,False
14694,False
14695,False
14696,False
14697,True
14698,False
14699,True
14700,True
14701,True
14702,True
14703,False
14704,True
14705,True
14706,False
14707,False
14708,True
14709,True
14710,False
14711,False
14712,False
14713,False
14714,False
14715,False
14716,True
14717,False
14718,False
14719,False
14720,False
14721,True
14722,False
14723,False
14724,False
14725,False
14726,False
14727,False
14728,False
14729,False
14730,False
14731,True
14732,False
14733,True
14734,True
14735,False
14736,False
14737,False
14738,False
14739,False
14740,False
14741,True
14742,False
14743,False
14744,False
14745,False
14746,False
14747,False
14748,False
14749,False
14750,True
14751,False
14752,False
14753,False
14754,False
14755,False
14756,False
14757,False
14758,False
14759,False
14760,False
14761,False
14762,False
14763,False
14764,False
14765,False
14766,False
14767,True
14768,False
14769,False
14770,False
14771,True
14772,True
14773,True
14774,True
14775,False
14776,False
14777,False
14778,False
14779,False
14780,False
14781,False
14782,False
14783,False
14784,False
14785,False
14786,False
14787,True
14788,False
14789,False
14790,False
14791,False
14792,False
14793,False
14794,False
14795,False
14796,False
14797,False
14798,False
14799,False
14800,False
14801,False
14802,False
14803,False
14804,False
14805,True
14806,True
14807,True
14808,False
14809,False
14810,True
14811,True
14812,True
14813,True
14814,False
14815,False
14816,False
14817,False
14818,True
14819,False
14820,False
14821,True
14822,False
14823,False
14824,True
14825,True
14826,False
14827,True
14828,True
14829,True
14830,False
14831,True
14832,False
14833,True
14834,True
14835,False
14836,True
14837,True
14838,False
14839,False
14840,False
14841,False
14842,False
14843,False
14844,False
14845,False
14846,False
14847,False
14848,False
14849,False
14850,True
14851,False
14852,False
14853,False
14854,True
14855,True
14856,False
14857,True
14858,False
14859,False
14860,False
14861,False
14862,False
14863,False
14864,False
14865,False
14866,False
14867,True
14868,True
14869,False
14870,False
14871,False
14872,False
14873,False
14874,False
14875,False
14876,False
14877,False
14878,False
14879,False
14880,False
14881,False
14882,False
14883,False
14884,False
14885,False
14886,True
14887,True
14888,False
14889,False
14890,False
14891,False
14892,False
14893,False
14894,False
14895,False
14896,True
14897,False
14898,False
14899,False
14900,False
14901,False
14902,True
14903,False
14904,False
14905,False
14906,True
14907,False
14908,True
14909,False
14910,True
14911,False
14912,False
14913,False
14914,True
14915,False
14916,False
14917,False
14918,False
14919,False
14920,False
14921,False
14922,False
14923,False
14924,False
14925,False
14926,False
14927,True
14928,False
14929,True
14930,False
14931,False
14932,False
14933,False
14934,False
14935,False
14936,False
14937,True
14938,False
14939,False
14940,False
14941,False
14942,False
14943,True
14944,True
14945,True
14946,True
14947,False
14948,True
14949,True
14950,True
14951,False
14952,True
14953,False
14954,False
14955,False
14956,False
14957,False
14958,False
14959,False
14960,False
14961,False
14962,False
14963,False
14964,False
14965,True
14966,False
14967,True
14968,False
14969,True
14970,True
14971,True
14972,False
14973,False
14974,True
14975,False
14976,True
14977,False
14978,False
14979,False
14980,False
14981,False
14982,False
14983,False
14984,True
14985,False
14986,False
14987,False
14988,True
14989,False
14990,False
14991,False
14992,False
14993,False
14994,False
14995,False
14996,False
14997,False
14998,False
14999,True
15000,False
15001,False
15002,True
15003,True
15004,False
15005,True
15006,False
15007,True
15008,False
15009,True
15010,True
15011,True
15012,True
15013,False
15014,False
15015,True
15016,False
15017,False
15018,False
15019,False
15020,True
15021,False
15022,True
15023,False
15024,False
15025,False
15026,True
15027,False
15028,False
15029,False
15030,False
15031,False
15032,False
15033,False
15034,True
15035,True
15036,False
15037,False
15038,False
15039,False
15040,False
15041,False
15042,False
15043,False
15044,True
15045,True
15046,False
15047,False
15048,False
15049,False
15050,True
15051,False
15052,False
15053,False
15054,True
15055,False
15056,False
15057,False
15058,False
15059,False
15060,True
15061,False
15062,False
15063,False
15064,False
15065,False
15066,False
15067,False
15068,True
15069,False
15070,False
15071,False
15072,False
15073,False
15074,False
15075,False
15076,False
15077,False
15078,False
15079,False
15080,True
15081,True
15082,False
15083,False
15084,False
15085,False
15086,True
15087,False
15088,False
15089,True
15090,True
15091,False
15092,False
15093,False
15094,False
15095,False
15096,False
15097,False
15098,False
15099,False
15100,False
15101,False
15102,False
15103,False
15104,True
15105,False
15106,False
15107,False
15108,False
15109,False
15110,False
15111,False
15112,False
15113,False
15114,True
15115,False
15116,False
15117,True
15118,False
15119,False
15120,True
15121,True
15122,True
15123,False
15124,False
15125,True
15126,False
15127,False
15128,False
15129,False
15130,True
15131,False
15132,False
15133,True
15134,True
15135,False
15136,False
15137,False
15138,True
15139,False
15140,False
15141,False
15142,True
15143,True
15144,False
15145,True
15146,True
15147,True
15148,True
15149,False
15150,True
15151,False
15152,True
15153,False
15154,True
15155,False
15156,False
15157,False
15158,False
15159,False
15160,True
15161,True
15162,True
15163,False
15164,False
15165,False
15166,False
15167,False
15168,False
15169,False
15170,True
15171,False
15172,False
15173,True
15174,False
15175,False
15176,False
15177,False
15178,False
15179,False
15180,False
15181,True
15182,True
15183,False
15184,False
15185,False
15186,False
15187,False
15188,False
15189,True
15190,False
15191,False
15192,False
15193,True
15194,False
15195,False
15196,False
15197,False
15198,False
15199,False
15200,False
15201,False
15202,False
15203,False
15204,False
15205,False
15206,False
15207,True
15208,False
15209,False
15210,False
15211,False
15212,False
15213,False
15214,True
15215,True
15216,True
15217,False
15218,True
15219,True
15220,True
15221,True
15222,True
15223,True
15224,True
15225,True
15226,False
15227,False
15228,False
15229,False
15230,False
15231,True
15232,True
15233,False
15234,False
15235,False
15236,False
15237,False
15238,False
15239,False
15240,False
15241,True
15242,False
15243,False
15244,True
15245,True
15246,True
15247,False
15248,True
15249,True
15250,True
15251,True
15252,False
15253,False
15254,False
15255,False
15256,False
15257,False
15258,False
15259,False
15260,False
15261,False
15262,False
15263,True
15264,False
15265,False
15266,True
15267,False
15268,True
15269,False
15270,False
15271,False
15272,False
15273,False
15274,True
15275,False
15276,False
15277,False
15278,False
15279,False
15280,False
15281,False
15282,False
15283,False
15284,False
15285,False
15286,False
15287,True
15288,False
15289,False
15290,False
15291,False
15292,True
15293,True
15294,False
15295,False
15296,False
15297,False
15298,False
15299,False
15300,True
15301,False
15302,True
15303,False
15304,True
15305,False
15306,False
15307,False
15308,False
15309,False
15310,True
15311,False
15312,False
15313,False
15314,False
15315,True
15316,True
15317,True
15318,False
15319,False
15320,False
15321,False
15322,True
15323,False
15324,True
15325,False
15326,False
15327,False
15328,False
15329,False
15330,False
15331,False
15332,False
15333,False
15334,False
15335,False
15336,False
15337,False
15338,False
15339,False
15340,False
15341,False
15342,False
15343,False
15344,False
15345,True
15346,False
15347,False
15348,True
15349,True
15350,True
15351,True
15352,False
15353,False
15354,False
15355,True
15356,False
15357,True
15358,True
15359,True
15360,False
15361,False
15362,True
15363,False
15364,False
15365,False
15366,False
15367,False
15368,False
15369,True
15370,False
15371,True
15372,False
15373,False
15374,False
15375,False
15376,True
15377,True
15378,False
15379,True
15380,False
15381,False
15382,True
15383,True
15384,True
15385,True
15386,False
15387,True
15388,False
15389,False
15390,False
15391,False
15392,False
15393,False
15394,True
15395,False
15396,False
15397,False
15398,True
15399,False
15400,True
15401,False
15402,False
15403,True
15404,False
15405,True
15406,True
15407,True
15408,True
15409,False
15410,False
15411,False
15412,False
15413,False
15414,False
15415,False
15416,False
15417,False
15418,False
15419,False
15420,False
15421,False
15422,False
15423,True
15424,False
15425,False
15426,False
15427,False
15428,True
15429,False
15430,True
15431,False
15432,False
15433,False
15434,False
15435,False
15436,False
15437,False
15438,False
15439,False
15440,False
15441,False
15442,False
15443,False
15444,False
15445,True
15446,True
15447,False
15448,False
15449,True
15450,False
15451,False
15452,False
15453,False
15454,False
15455,False
15456,True
15457,True
15458,False
15459,False
15460,False
15461,False
15462,False
15463,True
15464,False
15465,False
15466,True
15467,True
15468,True
15469,False
15470,False
15471,False
15472,False
15473,False
15474,True
15475,False
15476,True
15477,False
15478,False
15479,False
15480,False
15481,True
15482,False
15483,False
15484,False
15485,False
15486,False
15487,False
15488,False
15489,False
15490,False
15491,True
15492,False
15493,False
15494,False
15495,False
15496,False
15497,True
15498,False
15499,False
15500,False
15501,False
15502,False
15503,False
15504,False
15505,True
15506,False
15507,False
15508,False
15509,True
15510,True
15511,False
15512,False
15513,False
15514,False
15515,False
15516,False
15517,True
15518,True
15519,False
15520,False
15521,True
15522,True
15523,True
15524,True
15525,False
15526,False
15527,False
15528,False
15529,False
15530,False
15531,False
15532,False
15533,False
15534,False
15535,False
15536,True
15537,False
15538,True
15539,False
15540,False
15541,False
15542,False
15543,False
15544,True
15545,False
15546,True
15547,False
15548,False
15549,False
15550,False
15551,False
15552,False
15553,False
15554,True
15555,False
15556,False
15557,False
15558,False
15559,False
15560,False
15561,False
15562,False
15563,False
15564,True
15565,False
15566,False
15567,False
15568,False
15569,False
15570,False
15571,False
15572,False
15573,False
15574,False
15575,False
15576,False
15577,True
15578,False
15579,False
15580,False
15581,False
15582,False
15583,False
15584,False
15585,False
15586,False
15587,False
15588,False
15589,False
15590,True
15591,False
15592,False
15593,True
15594,False
15595,False
15596,False
15597,False
15598,False
15599,False
15600,False
15601,False
15602,False
15603,True
15604,False
15605,False
15606,False
15607,False
15608,False
15609,False
15610,False
15611,False
15612,True
15613,False
15614,False
15615,False
15616,True
15617,False
15618,False
15619,False
15620,False
15621,True
15622,False
15623,True
15624,False
15625,False
15626,False
15627,False
15628,False
15629,True
15630,True
15631,False
15632,False
15633,False
15634,False
15635,True
15636,False
15637,False
15638,False
15639,False
15640,False
15641,False
15642,True
15643,False
15644,False
15645,False
15646,False
15647,False
15648,False
15649,False
15650,False
15651,False
15652,False
15653,False
15654,False
15655,False
15656,False
15657,False
15658,False
15659,True
15660,True
15661,True
15662,True
15663,False
15664,False
15665,True
15666,True
15667,True
15668,False
15669,False
15670,False
15671,False
15672,True
15673,False
15674,False
15675,False
15676,False
15677,True
15678,True
15679,False
15680,False
15681,True
15682,False
15683,False
15684,False
15685,True
15686,False
15687,True
15688,True
15689,True
15690,False
15691,False
15692,False
15693,False
15694,False
15695,True
15696,True
15697,True
15698,False
15699,False
15700,True
15701,True
15702,False
15703,False
15704,True
15705,False
15706,False
15707,True
15708,True
15709,True
15710,False
15711,True
15712,True
15713,True
15714,True
15715,True
15716,True
15717,True
15718,False
15719,False
15720,False
15721,False
15722,False
15723,False
15724,False
15725,True
15726,False
15727,True
15728,False
15729,True
15730,True
15731,True
15732,True
15733,True
15734,False
15735,True
15736,False
15737,True
15738,False
15739,False
15740,False
15741,False
15742,False
15743,False
15744,False
15745,False
15746,True
15747,True
15748,True
15749,False
15750,False
15751,False
15752,False
15753,False
15754,False
15755,True
15756,False
15757,False
15758,False
15759,False
15760,False
15761,True
15762,False
15763,False
15764,False
15765,True
15766,False
15767,False
15768,False
15769,False
15770,False
15771,False
15772,False
15773,False
15774,False
15775,True
15776,False
15777,False
15778,False
15779,False
15780,False
15781,False
15782,True
15783,False
15784,False
15785,False
15786,True
15787,False
15788,False
15789,False
15790,False
15791,True
15792,False
15793,False
15794,False
15795,False
15796,False
15797,False
15798,False
15799,False
15800,True
15801,False
15802,True
15803,False
15804,False
15805,False
15806,False
15807,False
15808,False
15809,False
15810,True
15811,False
15812,False
15813,False
15814,False
15815,True
15816,False
15817,False
15818,True
15819,False
15820,False
15821,False
15822,False
15823,False
15824,False
15825,False
15826,False
15827,False
15828,False
15829,False
15830,False
15831,False
15832,False
15833,False
15834,False
15835,False
15836,False
15837,False
15838,False
15839,False
15840,False
15841,True
15842,False
15843,False
15844,False
15845,True
15846,False
15847,False
15848,False
15849,False
15850,False
15851,False
15852,True
15853,False
15854,False
15855,False
15856,True
15857,False
15858,False
15859,True
15860,False
15861,True
15862,False
15863,True
15864,False
15865,True
15866,True
15867,True
15868,True
15869,True
15870,False
15871,False
15872,False
15873,False
15874,False
15875,True
15876,False
15877,False
15878,False
15879,False
15880,False
15881,True
15882,False
15883,False
15884,False
15885,True
15886,True
15887,False
15888,False
15889,False
15890,False
15891,False
15892,False
15893,False
15894,False
15895,True
15896,True
15897,True
15898,False
15899,True
15900,False
15901,True
15902,False
15903,False
15904,False
15905,False
15906,False
15907,False
15908,True
15909,False
15910,False
15911,True
15912,False
15913,False
15914,False
15915,False
15916,True
15917,False
15918,False
15919,False
15920,False
15921,False
15922,True
15923,True
15924,True
15925,True
15926,True
15927,True
15928,False
15929,False
15930,False
15931,False
15932,True
15933,False
15934,True
15935,False
15936,False
15937,False
15938,False
15939,False
15940,False
15941,False
15942,False
15943,False
15944,False
15945,False
15946,False
15947,True
15948,True
15949,False
15950,False
15951,False
15952,False
15953,False
15954,False
15955,False
15956,False
15957,False
15958,True
15959,False
15960,False
15961,False
15962,False
15963,False
15964,True
15965,False
15966,False
15967,False
15968,False
15969,False
15970,False
15971,False
15972,False
15973,False
15974,False
15975,False
15976,True
15977,False
15978,False
15979,False
15980,False
15981,False
15982,False
15983,True
15984,True
15985,False
15986,False
15987,False
15988,True
15989,True
15990,True
15991,False
15992,True
15993,False
15994,True
15995,False
15996,True
15997,True
15998,False
15999,False
16000,False
16001,False
16002,True
16003,True
16004,True
16005,True
16006,True
16007,True
16008,True
16009,False
16010,True
16011,False
16012,True
16013,False
16014,False
16015,False
16016,True
16017,True
16018,True
16019,False
16020,True
16021,True
16022,False
16023,False
16024,False
16025,False
16026,False
16027,True
16028,False
16029,False
16030,True
16031,False
16032,True
16033,False
16034,False
16035,False
16036,False
16037,False
16038,True
16039,False
16040,False
16041,False
16042,True
16043,False
16044,False
16045,False
16046,False
16047,False
16048,False
16049,False
16050,False
16051,False
16052,False
16053,False
16054,False
16055,False
16056,False
16057,True
16058,False
16059,False
16060,True
16061,False
16062,False
16063,False
16064,False
16065,False
16066,True
16067,True
16068,False
16069,False
16070,False
16071,False
16072,False
16073,False
16074,False
16075,True
16076,False
16077,False
16078,False
16079,False
16080,True
16081,False
16082,False
16083,True
16084,False
16085,False
16086,True
16087,False
16088,False
16089,False
16090,False
16091,False
16092,False
16093,True
16094,False
16095,False
16096,False
16097,False
16098,True
16099,True
16100,False
16101,False
16102,False
16103,False
16104,False
16105,True
16106,True
16107,False
16108,False
16109,False
16110,False
16111,True
16112,False
16113,True
16114,True
16115,True
16116,False
16117,False
16118,False
16119,False
16120,False
16121,False
16122,False
16123,False
16124,False
16125,False
16126,True
16127,True
16128,False
16129,False
16130,False
16131,False
16132,False
16133,True
16134,False
16135,False
16136,False
16137,False
16138,True
16139,True
16140,True
16141,False
16142,False
16143,False
16144,True
16145,False
16146,False
16147,False
16148,False
16149,False
16150,False
16151,False
16152,False
16153,True
16154,True
16155,False
16156,False
16157,False
16158,False
16159,True
16160,False
16161,False
16162,True
16163,False
16164,False
16165,True
16166,False
16167,False
16168,False
16169,False
16170,False
16171,False
16172,False
16173,False
16174,True
16175,True
16176,False
16177,False
16178,False
16179,True
16180,False
16181,True
16182,False
16183,False
16184,False
16185,True
16186,False
16187,False
16188,False
16189,False
16190,False
16191,False
16192,False
16193,False
16194,True
16195,True
16196,False
16197,False
16198,True
16199,False
16200,True
16201,False
16202,False
16203,False
16204,False
16205,True
16206,False
16207,True
16208,True
16209,False
16210,True
16211,False
16212,True
16213,True
16214,False
16215,True
16216,True
16217,True
16218,False
16219,True
16220,False
16221,False
16222,False
16223,False
16224,False
16225,False
16226,False
16227,False
16228,False
16229,False
16230,False
16231,False
16232,False
16233,True
16234,True
16235,False
16236,True
16237,False
16238,False
16239,False
16240,False
16241,False
16242,False
16243,False
16244,False
16245,False
16246,True
16247,False
16248,False
16249,False
16250,False
16251,False
16252,True
16253,False
16254,False
16255,False
16256,False
16257,False
16258,False
16259,False
16260,True
16261,False
16262,False
16263,False
16264,False
16265,False
16266,False
16267,False
16268,False
16269,False
16270,False
16271,False
16272,False
16273,False
16274,False
16275,False
16276,False
16277,False
16278,False
16279,True
16280,False
16281,False
16282,False
16283,True
16284,True
16285,True
16286,False
16287,False
16288,False
16289,False
16290,False
16291,True
16292,False
16293,False
16294,False
16295,False
16296,True
16297,False
16298,True
16299,False
16300,False
16301,True
16302,False
16303,False
16304,False
16305,False
16306,False
16307,False
16308,False
16309,False
16310,False
16311,False
16312,False
16313,True
16314,False
16315,False
16316,False
16317,False
16318,False
16319,False
16320,False
16321,False
16322,False
16323,True
16324,False
16325,False
16326,False
16327,False
16328,False
16329,False
16330,False
16331,False
16332,True
16333,True
16334,False
16335,False
16336,False
16337,False
16338,False
16339,True
16340,False
16341,False
16342,False
16343,False
16344,False
16345,False
16346,False
16347,True
16348,True
16349,False
16350,False
16351,False
16352,False
16353,False
16354,True
16355,True
16356,True
16357,False
16358,False
16359,False
16360,True
16361,False
16362,False
16363,True
16364,True
16365,True
16366,False
16367,True
16368,False
16369,True
16370,True
16371,False
16372,False
16373,False
16374,False
16375,True
16376,False
16377,True
16378,True
16379,False
16380,False
16381,False
16382,False
16383,False
16384,False
16385,False
16386,False
16387,False
16388,False
16389,False
16390,False
16391,True
16392,True
16393,False
16394,False
16395,True
16396,False
16397,True
16398,False
16399,False
16400,False
16401,False
16402,False
16403,False
16404,True
16405,False
16406,False
16407,False
16408,True
16409,False
16410,False
16411,False
16412,False
16413,False
16414,False
16415,True
16416,False
16417,True
16418,False
16419,False
16420,False
16421,True
16422,False
16423,False
16424,True
16425,True
16426,True
16427,True
16428,False
16429,False
16430,False
16431,False
16432,True
16433,False
16434,True
16435,True
16436,True
16437,True
16438,False
16439,False
16440,True
16441,False
16442,False
16443,False
16444,False
16445,False
16446,False
16447,True
16448,False
16449,False
16450,False
16451,False
16452,False
16453,True
16454,False
16455,False
16456,False
16457,False
16458,False
16459,False
16460,False
16461,False
16462,False
16463,False
16464,False
16465,False
16466,False
16467,False
16468,False
16469,False
16470,True
16471,True
16472,False
16473,False
16474,False
16475,False
16476,False
16477,True
16478,False
16479,False
16480,False
16481,False
16482,False
16483,True
16484,False
16485,False
16486,False
16487,False
16488,False
16489,False
16490,False
16491,False
16492,True
16493,False
16494,False
16495,True
16496,False
16497,False
16498,False
16499,False
16500,False
16501,False
16502,False
16503,False
16504,False
16505,False
16506,False
16507,False
16508,False
16509,False
16510,False
16511,False
16512,True
16513,False
16514,True
16515,False
16516,False
16517,False
16518,False
16519,False
16520,False
16521,False
16522,False
16523,False
16524,False
16525,True
16526,False
16527,False
16528,False
16529,False
16530,False
16531,False
16532,False
16533,False
16534,False
16535,False
16536,False
16537,False
16538,False
16539,True
16540,False
16541,False
16542,False
16543,False
16544,False
16545,False
16546,False
16547,False
16548,False
16549,False
16550,False
16551,True
16552,False
16553,False
16554,False
16555,False
16556,False
16557,False
16558,True
16559,False
16560,False
16561,False
16562,False
16563,False
16564,False
16565,False
16566,False
16567,False
16568,False
16569,False
16570,True
16571,False
16572,False
16573,False
16574,True
16575,False
16576,False
16577,False
16578,False
16579,False
16580,False
16581,False
16582,False
16583,False
16584,True
16585,False
16586,True
16587,False
16588,True
16589,False
16590,False
16591,False
16592,False
16593,False
16594,False
16595,False
16596,False
16597,False
16598,False
16599,False
16600,False
16601,True
16602,False
16603,False
16604,False
16605,False
16606,False
16607,False
16608,True
16609,False
16610,False
16611,False
16612,False
16613,False
16614,True
16615,False
16616,False
16617,False
16618,False
16619,False
16620,True
16621,True
16622,False
16623,False
16624,True
16625,False
16626,False
16627,False
16628,False
16629,False
16630,False
16631,False
16632,True
16633,False
16634,True
16635,True
16636,True
16637,False
16638,False
16639,False
16640,True
16641,False
16642,True
16643,False
16644,False
16645,False
16646,False
16647,False
16648,True
16649,False
16650,False
16651,True
16652,False
16653,True
16654,True
16655,False
16656,False
16657,True
16658,False
16659,True
16660,True
16661,False
16662,False
16663,False
16664,False
16665,False
16666,False
16667,False
16668,False
16669,True
16670,True
16671,False
16672,False
16673,True
16674,False
16675,False
16676,False
16677,True
16678,False
16679,False
16680,False
16681,True
16682,True
16683,True
16684,False
16685,True
16686,True
16687,True
16688,False
16689,True
16690,False
16691,False
16692,False
16693,False
16694,False
16695,False
16696,False
16697,True
16698,False
16699,True
16700,False
16701,False
16702,False
16703,True
16704,False
16705,True
16706,True
16707,False
16708,False
16709,False
16710,False
16711,False
16712,True
16713,True
16714,False
16715,False
16716,False
16717,False
16718,True
16719,False
16720,False
16721,True
16722,True
16723,True
16724,True
16725,True
16726,True
16727,False
16728,False
16729,False
16730,True
16731,False
16732,False
16733,True
16734,True
16735,False
16736,False
16737,False
16738,True
16739,False
16740,False
16741,False
16742,True
16743,False
16744,False
16745,False
16746,False
16747,False
16748,False
16749,False
16750,False
16751,True
16752,False
16753,False
16754,False
16755,False
16756,False
16757,False
16758,False
16759,False
16760,False
16761,False
16762,False
16763,False
16764,False
16765,True
16766,False
16767,False
16768,False
16769,True
16770,False
16771,False
16772,False
16773,False
16774,False
16775,False
16776,True
16777,False
16778,False
16779,False
16780,False
16781,False
16782,True
16783,False
16784,False
16785,False
16786,False
16787,True
16788,False
16789,False
16790,False
16791,False
16792,True
16793,False
16794,False
16795,False
16796,False
16797,False
16798,False
16799,False
16800,True
16801,False
16802,False
16803,False
16804,True
16805,True
16806,False
16807,False
16808,False
16809,False
16810,True
16811,False
16812,False
16813,True
16814,False
16815,False
16816,True
16817,False
16818,False
16819,False
16820,False
16821,False
16822,False
16823,False
16824,False
16825,False
16826,False
16827,False
16828,True
16829,False
16830,False
16831,False
16832,True
16833,False
16834,False
16835,False
16836,False
16837,False
16838,False
16839,False
16840,False
16841,False
16842,False
16843,False
16844,False
16845,False
16846,True
16847,False
16848,True
16849,False
16850,True
16851,False
16852,False
16853,True
16854,False
16855,False
16856,True
16857,True
16858,False
16859,False
16860,True
16861,False
16862,False
16863,False
16864,False
16865,False
16866,True
16867,False
16868,True
16869,False
16870,False
16871,False
16872,False
16873,False
16874,False
16875,False
16876,True
16877,False
16878,False
16879,True
16880,False
16881,False
16882,False
16883,False
16884,False
16885,False
16886,False
16887,False
16888,True
16889,False
16890,True
16891,False
16892,False
16893,False
16894,False
16895,True
16896,True
16897,False
16898,True
16899,False
16900,False
16901,False
16902,False
16903,True
16904,True
16905,False
16906,False
16907,True
16908,False
16909,True
16910,False
16911,False
16912,True
16913,False
16914,False
16915,False
16916,True
16917,True
16918,False
16919,False
16920,False
16921,False
16922,False
16923,True
16924,True
16925,True
16926,False
16927,True
16928,True
16929,True
16930,True
16931,False
16932,False
16933,True
16934,False
16935,False
16936,False
16937,False
16938,False
16939,True
16940,True
16941,False
16942,True
16943,False
16944,True
16945,False
16946,True
16947,False
16948,True
16949,True
16950,True
16951,True
16952,True
16953,False
16954,False
16955,False
16956,False
16957,True
16958,False
16959,False
16960,False
16961,True
16962,True
16963,True
16964,False
16965,False
16966,False
16967,True
16968,False
16969,False
16970,False
16971,True
16972,False
16973,False
16974,False
16975,False
16976,False
16977,False
16978,False
16979,False
16980,True
16981,False
16982,True
16983,True
16984,False
16985,True
16986,True
16987,True
16988,False
16989,False
16990,False
16991,True
16992,True
16993,False
16994,False
16995,False
16996,False
16997,True
16998,False
16999,True
17000,True
17001,False
17002,False
17003,False
17004,False
17005,False
17006,True
17007,True
17008,False
17009,False
17010,False
17011,False
17012,False
17013,True
17014,False
17015,False
17016,False
17017,False
17018,False
17019,True
17020,False
17021,False
17022,False
17023,False
17024,False
17025,False
17026,False
17027,True
17028,False
17029,True
17030,False
17031,False
17032,False
17033,False
17034,False
17035,False
17036,False
17037,False
17038,False
17039,True
17040,False
17041,False
17042,False
17043,False
17044,False
17045,False
17046,False
17047,True
17048,False
17049,True
17050,False
17051,False
17052,False
17053,False
17054,True
17055,True
17056,False
17057,False
17058,True
17059,True
17060,True
17061,False
17062,True
17063,False
17064,False
17065,True
17066,False
17067,False
17068,False
17069,True
17070,False
17071,False
17072,False
17073,False
17074,False
17075,True
17076,False
17077,False
17078,False
17079,False
17080,False
17081,True
17082,True
17083,False
17084,False
17085,False
17086,False
17087,False
17088,True
17089,False
17090,False
17091,False
17092,True
17093,False
17094,False
17095,False
17096,False
17097,False
17098,True
17099,False
17100,False
17101,False
17102,False
17103,True
17104,False
17105,False
17106,True
17107,False
17108,False
17109,False
17110,True
17111,False
17112,False
17113,False
17114,False
17115,False
17116,False
17117,False
17118,True
17119,False
17120,True
17121,True
17122,False
17123,False
17124,False
17125,False
17126,False
17127,True
17128,False
17129,False
17130,False
17131,False
17132,False
17133,False
17134,True
17135,False
17136,False
17137,True
17138,False
17139,False
17140,True
17141,True
17142,False
17143,True
17144,True
17145,True
17146,False
17147,False
17148,False
17149,False
17150,False
17151,False
17152,True
17153,True
17154,True
17155,True
17156,True
17157,False
17158,True
17159,True
17160,True
17161,False
17162,False
17163,False
17164,False
17165,False
17166,False
17167,True
17168,False
17169,False
17170,False
17171,True
17172,False
17173,False
17174,True
17175,False
17176,True
17177,True
17178,False
17179,False
17180,False
17181,False
17182,False
17183,False
17184,False
17185,False
17186,False
17187,False
17188,False
17189,False
17190,False
17191,True
17192,False
17193,False
17194,False
17195,False
17196,False
17197,False
17198,False
17199,True
17200,True
17201,True
17202,False
17203,True
17204,True
17205,False
17206,False
17207,False
17208,False
17209,False
17210,True
17211,False
17212,False
17213,True
17214,False
17215,True
17216,False
17217,False
17218,True
17219,False
17220,False
17221,False
17222,False
17223,False
17224,False
17225,False
17226,True
17227,False
17228,False
17229,False
17230,True
17231,False
17232,False
17233,False
17234,False
17235,False
17236,False
17237,False
17238,True
17239,True
17240,False
17241,False
17242,False
17243,False
17244,True
17245,False
17246,True
17247,False
17248,False
17249,True
17250,False
17251,False
17252,False
17253,False
17254,False
17255,True
17256,True
17257,False
17258,False
17259,False
17260,False
17261,False
17262,True
17263,False
17264,False
17265,False
17266,False
17267,False
17268,False
17269,False
17270,True
17271,True
17272,True
17273,True
17274,True
17275,True
17276,False
17277,False
17278,False
17279,True
17280,True
17281,False
17282,False
17283,True
17284,True
17285,False
17286,True
17287,True
17288,False
17289,False
17290,False
17291,False
17292,False
17293,True
17294,True
17295,False
17296,False
17297,False
17298,False
17299,False
17300,False
17301,False
17302,False
17303,False
17304,True
17305,False
17306,False
17307,False
17308,False
17309,True
17310,False
17311,False
17312,True
17313,False
17314,False
17315,True
17316,False
17317,True
17318,True
17319,False
17320,True
17321,True
17322,True
17323,False
17324,False
17325,True
17326,False
17327,False
17328,False
17329,False
17330,False
17331,False
17332,False
17333,False
17334,False
17335,False
17336,False
17337,False
17338,False
17339,False
17340,False
17341,False
17342,True
17343,False
17344,False
17345,False
17346,False
17347,False
17348,False
17349,False
17350,False
17351,True
17352,False
17353,False
17354,False
17355,False
17356,False
17357,False
17358,True
17359,False
17360,False
17361,False
17362,False
17363,False
17364,False
17365,True
17366,True
17367,True
17368,False
17369,False
17370,False
17371,True
17372,False
17373,False
17374,False
17375,False
17376,True
17377,False
17378,False
17379,False
17380,False
17381,False
17382,False
17383,False
17384,False
17385,False
17386,False
17387,False
17388,True
17389,False
17390,False
17391,False
17392,False
17393,False
17394,False
17395,False
17396,False
17397,False
17398,True
17399,False
17400,False
17401,False
17402,False
17403,False
17404,False
17405,True
17406,False
17407,False
17408,False
17409,False
17410,False
17411,False
17412,False
17413,False
17414,False
17415,False
17416,False
17417,False
17418,False
17419,False
17420,True
17421,True
17422,True
17423,True
17424,False
17425,False
17426,False
17427,True
17428,True
17429,False
17430,False
17431,False
17432,False
17433,True
17434,False
17435,True
17436,True
17437,True
17438,True
17439,False
17440,False
17441,False
17442,False
17443,False
17444,False
17445,False
17446,False
17447,False
17448,False
17449,False
17450,False
17451,False
17452,True
17453,True
17454,False
17455,False
17456,False
17457,False
17458,False
17459,False
17460,False
17461,False
17462,False
17463,False
17464,False
17465,False
17466,False
17467,False
17468,False
17469,True
17470,False
17471,False
17472,True
17473,False
17474,False
17475,False
17476,False
17477,True
17478,False
17479,False
17480,False
17481,True
17482,False
17483,False
17484,False
17485,False
17486,False
17487,False
17488,False
17489,True
17490,False
17491,False
17492,False
17493,False
17494,False
17495,False
17496,False
17497,False
17498,False
17499,True
17500,False
17501,False
17502,False
17503,False
17504,False
17505,False
17506,False
17507,False
17508,True
17509,False
17510,False
17511,False
17512,True
17513,True
17514,True
17515,True
17516,False
17517,False
17518,True
17519,True
17520,True
17521,False
17522,False
17523,False
17524,False
17525,True
17526,True
17527,False
17528,True
17529,False
17530,False
17531,True
17532,True
17533,False
17534,False
17535,False
17536,False
17537,False
17538,False
17539,False
17540,False
17541,True
17542,True
17543,False
17544,False
17545,False
17546,False
17547,False
17548,False
17549,False
17550,False
17551,True
17552,False
17553,False
17554,True
17555,False
17556,False
17557,False
17558,False
17559,True
17560,False
17561,False
17562,False
17563,False
17564,False
17565,False
17566,False
17567,False
17568,False
17569,False
17570,True
17571,False
17572,False
17573,False
17574,False
17575,False
17576,True
17577,False
17578,False
17579,True
17580,False
17581,True
17582,True
17583,False
17584,False
17585,False
17586,False
17587,False
17588,True
17589,False
17590,False
17591,False
17592,False
17593,False
17594,False
17595,False
17596,False
17597,False
17598,False
17599,True
17600,True
17601,False
17602,False
17603,False
17604,False
17605,False
17606,False
17607,True
17608,False
17609,False
17610,False
17611,True
17612,False
17613,False
17614,False
17615,False
17616,False
17617,True
17618,True
17619,True
17620,True
17621,False
17622,True
17623,True
17624,True
17625,True
17626,False
17627,False
17628,False
17629,False
17630,False
17631,False
17632,False
17633,False
17634,False
17635,False
17636,False
17637,True
17638,False
17639,True
17640,True
17641,False
17642,False
17643,False
17644,False
17645,False
17646,True
17647,True
17648,True
17649,True
17650,True
17651,True
17652,False
17653,False
17654,False
17655,False
17656,False
17657,False
17658,False
17659,True
17660,True
17661,False
17662,False
17663,False
17664,False
17665,True
17666,True
17667,False
17668,False
17669,True
17670,True
17671,True
17672,True
17673,True
17674,False
17675,False
17676,False
17677,True
17678,False
17679,False
17680,False
17681,False
17682,True
17683,False
17684,False
17685,False
17686,False
17687,False
17688,False
17689,False
17690,False
17691,False
17692,False
17693,False
17694,False
17695,False
17696,False
17697,False
17698,False
17699,False
17700,False
17701,False
17702,False
17703,False
17704,False
17705,False
17706,False
17707,False
17708,True
17709,False
17710,True
17711,False
17712,False
17713,False
17714,True
17715,True
17716,False
17717,False
17718,False
17719,False
17720,True
17721,False
17722,False
17723,False
17724,False
17725,True
17726,False
17727,True
17728,True
17729,True
17730,False
17731,False
17732,False
17733,False
17734,False
17735,False
17736,True
17737,False
17738,True
17739,False
17740,False
17741,True
17742,False
17743,True
17744,False
17745,False
17746,False
17747,False
17748,False
17749,False
17750,False
17751,False
17752,False
17753,False
17754,False
17755,False
17756,False
17757,False
17758,False
17759,False
17760,False
17761,False
17762,False
17763,False
17764,False
17765,False
17766,False
17767,False
17768,False
17769,False
17770,False
17771,False
17772,False
17773,False
17774,False
17775,False
17776,False
17777,False
17778,False
17779,False
17780,False
17781,False
17782,False
17783,False
17784,False
17785,False
17786,False
17787,False
17788,False
17789,False
17790,True
17791,False
17792,True
17793,False
17794,False
17795,False
17796,False
17797,False
17798,False
17799,False
17800,False
17801,False
17802,False
17803,True
17804,False
17805,True
17806,True
17807,False
17808,False
17809,False
17810,False
17811,False
17812,False
17813,False
17814,False
17815,False
17816,False
17817,True
17818,True
17819,False
17820,False
17821,True
17822,True
17823,False
17824,False
17825,False
17826,False
17827,False
17828,True
17829,False
17830,True
17831,False
17832,True
17833,False
17834,False
17835,False
17836,False
17837,False
17838,False
17839,True
17840,False
17841,False
17842,False
17843,True
17844,False
17845,False
17846,False
17847,False
17848,False
17849,False
17850,False
17851,False
17852,True
17853,False
17854,False
17855,False
17856,False
17857,False
17858,False
17859,True
17860,False
17861,False
17862,False
17863,False
17864,False
17865,False
17866,False
17867,False
17868,False
17869,True
17870,False
17871,True
17872,False
17873,False
17874,False
17875,False
17876,False
17877,False
17878,True
17879,True
17880,False
17881,False
17882,False
17883,True
17884,False
17885,False
17886,True
17887,False
17888,False
17889,False
17890,False
17891,False
17892,False
17893,False
17894,False
17895,True
17896,True
17897,True
17898,False
17899,True
17900,False
17901,False
17902,False
17903,False
17904,True
17905,False
17906,False
17907,False
17908,False
17909,True
17910,True
17911,False
17912,False
17913,False
17914,False
17915,False
17916,True
17917,False
17918,False
17919,False
17920,False
17921,False
17922,False
17923,False
17924,False
17925,False
17926,False
17927,False
17928,False
17929,True
17930,False
17931,False
17932,False
17933,False
17934,False
17935,True
17936,True
17937,True
17938,False
17939,False
17940,True
17941,True
17942,True
17943,False
17944,True
17945,True
17946,False
17947,True
17948,False
17949,False
17950,True
17951,True
17952,False
17953,False
17954,False
17955,False
17956,True
17957,False
17958,False
17959,False
17960,False
17961,False
17962,True
17963,True
17964,False
17965,False
17966,False
17967,False
17968,False
17969,True
17970,True
17971,False
17972,False
17973,False
17974,False
17975,True
17976,False
17977,True
17978,True
17979,False
17980,False
17981,False
17982,False
17983,False
17984,False
17985,False
17986,False
17987,False
17988,False
17989,True
17990,True
17991,True
17992,False
17993,True
17994,False
17995,True
17996,False
17997,False
17998,False
17999,False
18000,True
18001,False
18002,False
18003,False
18004,False
18005,False
18006,False
18007,False
18008,False
18009,False
18010,False
18011,False
18012,False
18013,False
18014,False
18015,True
18016,False
18017,False
18018,True
18019,False
18020,False
18021,False
18022,False
18023,False
18024,False
18025,False
18026,False
18027,False
18028,False
18029,False
18030,True
18031,False
18032,False
18033,False
18034,False
18035,False
18036,False
18037,False
18038,True
18039,True
18040,True
18041,False
18042,False
18043,True
18044,False
18045,False
18046,True
18047,True
18048,False
18049,True
18050,False
18051,False
18052,False
18053,False
18054,False
18055,False
18056,False
18057,False
18058,True
18059,False
18060,False
18061,False
18062,False
18063,False
18064,False
18065,True
18066,False
18067,False
18068,True
18069,False
18070,True
18071,False
18072,False
18073,False
18074,False
18075,False
18076,True
18077,True
18078,False
18079,False
18080,True
18081,False
18082,False
18083,False
18084,False
18085,False
18086,False
18087,False
18088,False
18089,False
18090,False
18091,False
18092,False
18093,False
18094,False
18095,False
18096,True
18097,True
18098,False
18099,False
18100,False
18101,False
18102,False
18103,False
18104,True
18105,True
18106,True
18107,False
18108,False
18109,False
18110,False
18111,False
18112,False
18113,True
18114,False
18115,False
18116,False
18117,False
18118,False
18119,False
18120,False
18121,False
18122,False
18123,False
18124,False
18125,False
18126,True
18127,False
18128,False
18129,False
18130,True
18131,False
18132,True
18133,False
18134,True
18135,False
18136,False
18137,True
18138,False
18139,True
18140,False
18141,False
18142,False
18143,False
18144,True
18145,True
18146,True
18147,False
18148,False
18149,False
18150,True
18151,False
18152,True
18153,False
18154,False
18155,False
18156,True
18157,False
18158,False
18159,False
18160,False
18161,True
18162,True
18163,True
18164,True
18165,False
18166,False
18167,False
18168,False
18169,False
18170,False
18171,False
18172,False
18173,False
18174,False
18175,False
18176,False
18177,True
18178,False
18179,True
18180,False
18181,False
18182,False
18183,True
18184,False
18185,False
18186,False
18187,True
18188,False
18189,False
18190,False
18191,False
18192,False
18193,True
18194,False
18195,False
18196,False
18197,False
18198,False
18199,True
18200,False
18201,False
18202,False
18203,True
18204,False
18205,False
18206,False
18207,False
18208,False
18209,False
18210,False
18211,False
18212,False
18213,False
18214,True
18215,False
18216,False
18217,False
18218,False
18219,False
18220,False
18221,False
18222,True
18223,False
18224,False
18225,True
18226,False
18227,True
18228,True
18229,True
18230,False
18231,False
18232,False
18233,False
18234,False
18235,False
18236,True
18237,False
18238,True
18239,True
18240,False
18241,False
18242,False
18243,True
18244,False
18245,False
18246,False
18247,False
18248,False
18249,False
18250,False
18251,False
18252,False
18253,False
18254,False
18255,False
18256,False
18257,False
18258,False
18259,False
18260,False
18261,False
18262,False
18263,True
18264,False
18265,False
18266,False
18267,False
18268,False
18269,False
18270,False
18271,False
18272,True
18273,True
18274,False
18275,False
18276,True
18277,False
18278,False
18279,False
18280,True
18281,False
18282,False
18283,False
18284,False
18285,False
18286,False
18287,True
18288,True
18289,True
18290,True
18291,False
18292,True
18293,False
18294,False
18295,False
18296,True
18297,False
18298,True
18299,False
18300,False
18301,False
18302,True
18303,False
18304,False
18305,False
18306,False
18307,True
18308,False
18309,False
18310,False
18311,False
18312,False
18313,False
18314,True
18315,True
18316,True
18317,False
18318,False
18319,False
18320,False
18321,False
18322,True
18323,True
18324,False
18325,False
18326,False
18327,False
18328,False
18329,False
18330,False
18331,False
18332,False
18333,False
18334,False
18335,False
18336,True
18337,False
18338,False
18339,False
18340,False
18341,False
18342,True
18343,True
18344,False
18345,False
18346,False
18347,False
18348,False
18349,False
18350,False
18351,True
18352,True
18353,False
18354,False
18355,False
18356,False
18357,False
18358,False
18359,False
18360,True
18361,False
18362,False
18363,False
18364,False
18365,False
18366,False
18367,True
18368,True
18369,True
18370,True
18371,False
18372,True
18373,False
18374,False
18375,False
18376,False
18377,False
18378,False
18379,False
18380,False
18381,True
18382,False
18383,True
18384,False
18385,False
18386,False
18387,False
18388,True
18389,True
18390,False
18391,False
18392,False
18393,False
18394,False
18395,False
18396,False
18397,False
18398,False
18399,False
18400,False
18401,False
18402,True
18403,False
18404,False
18405,False
18406,False
18407,False
18408,False
18409,False
18410,True
18411,True
18412,True
18413,False
18414,False
18415,False
18416,True
18417,False
18418,False
18419,False
18420,False
18421,False
18422,False
18423,False
18424,False
18425,False
18426,False
18427,True
18428,False
18429,False
18430,False
18431,False
18432,False
18433,False
18434,False
18435,True
18436,False
18437,False
18438,False
18439,False
18440,False
18441,False
18442,False
18443,False
18444,False
18445,False
18446,False
18447,False
18448,False
18449,True
18450,True
18451,False
18452,False
18453,False
18454,False
18455,False
18456,True
18457,True
18458,False
18459,True
18460,False
18461,True
18462,True
18463,False
18464,True
18465,False
18466,False
18467,False
18468,False
18469,False
18470,False
18471,False
18472,False
18473,False
18474,False
18475,False
18476,False
18477,False
18478,False
18479,False
18480,False
18481,False
18482,False
18483,False
18484,False
18485,False
18486,False
18487,False
18488,False
18489,False
18490,False
18491,False
18492,True
18493,True
18494,False
18495,False
18496,False
18497,False
18498,True
18499,True
18500,False
18501,False
18502,False
18503,False
18504,False
18505,True
18506,True
18507,False
18508,True
18509,False
18510,False
18511,False
18512,True
18513,False
18514,False
18515,False
18516,False
18517,False
18518,False
18519,False
18520,True
18521,True
18522,True
18523,True
18524,False
18525,False
18526,False
18527,False
18528,False
18529,False
18530,True
18531,False
18532,False
18533,False
18534,False
18535,False
18536,True
18537,False
18538,False
18539,False
18540,False
18541,False
18542,True
18543,False
18544,True
18545,False
18546,False
18547,False
18548,False
18549,True
18550,True
18551,False
18552,False
18553,True
18554,False
18555,False
18556,False
18557,True
18558,False
18559,False
18560,False
18561,False
18562,False
18563,False
18564,True
18565,False
18566,True
18567,False
18568,False
18569,False
18570,False
18571,True
18572,False
18573,False
18574,False
18575,False
18576,False
18577,False
18578,True
18579,False
18580,True
18581,True
18582,True
18583,False
18584,True
18585,False
18586,False
18587,False
18588,False
18589,False
18590,False
18591,False
18592,False
18593,False
18594,False
18595,False
18596,False
18597,False
18598,False
18599,False
18600,False
18601,False
18602,False
18603,False
18604,False
18605,False
18606,True
18607,False
18608,False
18609,False
18610,False
18611,True
18612,False
18613,False
18614,False
18615,True
18616,True
18617,False
18618,False
18619,True
18620,False
18621,True
18622,False
18623,False
18624,False
18625,False
18626,False
18627,True
18628,False
18629,False
18630,False
18631,False
18632,True
18633,False
18634,False
18635,False
18636,False
18637,False
18638,False
18639,False
18640,False
18641,False
18642,False
18643,True
18644,False
18645,False
18646,True
18647,False
18648,False
18649,False
18650,False
18651,True
18652,False
18653,False
18654,False
18655,False
18656,False
18657,False
18658,False
18659,False
18660,False
18661,False
18662,False
18663,False
18664,False
18665,False
18666,False
18667,False
18668,False
18669,False
18670,True
18671,False
18672,False
18673,False
18674,False
18675,False
18676,False
18677,False
18678,False
18679,False
18680,False
18681,False
18682,False
18683,False
18684,False
18685,False
18686,False
18687,False
18688,False
18689,False
18690,True
18691,False
18692,False
18693,False
18694,False
18695,False
18696,True
18697,False
18698,False
18699,False
18700,False
18701,False
18702,False
18703,False
18704,False
18705,False
18706,False
18707,False
18708,False
18709,False
18710,False
18711,False
18712,False
18713,True
18714,False
18715,False
18716,False
18717,False
18718,False
18719,True
18720,False
18721,False
18722,False
18723,False
18724,True
18725,False
18726,True
18727,True
18728,False
18729,False
18730,False
18731,False
18732,False
18733,False
18734,True
18735,False
18736,False
18737,False
18738,False
18739,True
18740,True
18741,True
18742,True
18743,False
18744,False
18745,True
18746,False
18747,False
18748,True
18749,False
18750,False
18751,False
18752,False
18753,True
18754,False
18755,False
18756,True
18757,False
18758,False
18759,False
18760,False
18761,False
18762,False
18763,True
18764,False
18765,False
18766,False
18767,False
18768,False
18769,False
18770,False
18771,False
18772,False
18773,False
18774,True
18775,False
18776,False
18777,False
18778,False
18779,False
18780,False
18781,False
18782,True
18783,False
18784,False
18785,False
18786,False
18787,False
18788,False
18789,False
18790,False
18791,True
18792,False
18793,False
18794,True
18795,False
18796,False
18797,False
18798,False
18799,True
18800,False
18801,False
18802,False
18803,False
18804,False
18805,True
18806,True
18807,False
18808,False
18809,False
18810,True
18811,True
18812,False
18813,False
18814,False
18815,False
18816,False
18817,False
18818,False
18819,True
18820,False
18821,False
18822,False
18823,True
18824,True
18825,True
18826,False
18827,False
18828,False
18829,False
18830,True
18831,False
18832,True
18833,False
18834,True
18835,True
18836,False
18837,True
18838,False
18839,False
18840,False
18841,False
18842,False
18843,False
18844,False
18845,False
18846,False
18847,True
18848,False
18849,False
18850,False
18851,False
18852,False
18853,False
18854,True
18855,False
18856,True
18857,True
18858,True
18859,False
18860,False
18861,False
18862,False
18863,False
18864,False
18865,False
18866,True
18867,True
18868,False
18869,False
18870,False
18871,False
18872,True
18873,False
18874,False
18875,True
18876,False
18877,False
18878,False
18879,False
18880,True
18881,False
18882,False
18883,False
18884,False
18885,False
18886,False
18887,False
18888,True
18889,False
18890,True
18891,False
18892,False
18893,False
18894,False
18895,False
18896,False
18897,True
18898,True
18899,True
18900,False
18901,False
18902,False
18903,False
18904,True
18905,False
18906,False
18907,False
18908,False
18909,False
18910,False
18911,False
18912,False
18913,False
18914,False
18915,False
18916,False
18917,True
18918,True
18919,False
18920,False
18921,False
18922,False
18923,False
18924,False
18925,False
18926,False
18927,False
18928,False
18929,False
18930,True
18931,False
18932,False
18933,False
18934,False
18935,False
18936,False
18937,False
18938,False
18939,False
18940,False
18941,False
18942,False
18943,False
18944,False
18945,False
18946,False
18947,False
18948,False
18949,False
18950,False
18951,False
18952,False
18953,False
18954,False
18955,True
18956,False
18957,True
18958,True
18959,True
18960,False
18961,True
18962,True
18963,True
18964,False
18965,True
18966,True
18967,True
18968,False
18969,False
18970,False
18971,False
18972,False
18973,False
18974,True
18975,False
18976,True
18977,False
18978,True
18979,False
18980,False
18981,False
18982,True
18983,False
18984,False
18985,False
18986,True
18987,False
18988,False
18989,False
18990,False
18991,True
18992,False
18993,True
18994,False
18995,False
18996,False
18997,True
18998,True
18999,False
19000,False
19001,False
19002,False
19003,False
19004,False
19005,False
19006,False
19007,False
19008,False
19009,False
19010,False
19011,False
19012,False
19013,False
19014,False
19015,False
19016,True
19017,False
19018,False
19019,False
19020,False
19021,True
19022,True
19023,True
19024,False
19025,False
19026,False
19027,False
19028,False
19029,False
19030,False
19031,True
19032,False
19033,False
19034,True
19035,True
19036,False
19037,True
19038,True
19039,True
19040,False
19041,True
19042,False
19043,True
19044,False
19045,False
19046,False
19047,False
19048,True
19049,True
19050,True
19051,False
19052,False
19053,False
19054,False
19055,False
19056,False
19057,False
19058,False
19059,False
19060,False
19061,False
19062,False
19063,False
19064,False
19065,False
19066,False
19067,True
19068,False
19069,False
19070,False
19071,False
19072,False
19073,True
19074,True
19075,False
19076,True
19077,False
19078,False
19079,False
19080,False
19081,True
19082,False
19083,False
19084,False
19085,False
19086,True
19087,False
19088,False
19089,False
19090,False
19091,False
19092,False
19093,False
19094,True
19095,False
19096,False
19097,True
19098,False
19099,False
19100,False
19101,False
19102,False
19103,False
19104,False
19105,True
19106,False
19107,False
19108,False
19109,False
19110,True
19111,False
19112,False
19113,True
19114,False
19115,False
19116,False
19117,False
19118,True
19119,False
19120,True
19121,False
19122,True
19123,False
19124,True
19125,True
19126,True
19127,False
19128,False
19129,False
19130,False
19131,True
19132,True
19133,True
19134,False
19135,False
19136,False
19137,True
19138,True
19139,True
19140,True
19141,False
19142,False
19143,False
19144,False
19145,False
19146,True
19147,False
19148,False
19149,False
19150,False
19151,False
19152,False
19153,False
19154,False
19155,False
19156,True
19157,False
19158,False
19159,False
19160,False
19161,False
19162,False
19163,False
19164,False
19165,False
19166,False
19167,False
19168,False
19169,False
19170,False
19171,False
19172,False
19173,False
19174,False
19175,True
19176,False
19177,False
19178,True
19179,True
19180,False
19181,False
19182,False
19183,False
19184,False
19185,False
19186,False
19187,False
19188,False
19189,False
19190,False
19191,False
19192,False
19193,True
19194,False
19195,False
19196,False
19197,False
19198,False
19199,True
19200,False
19201,False
19202,True
19203,False
19204,False
19205,False
19206,False
19207,False
19208,False
19209,False
19210,False
19211,True
19212,True
19213,False
19214,False
19215,True
19216,False
19217,False
19218,False
19219,True
19220,False
19221,False
19222,True
19223,False
19224,False
19225,True
19226,False
19227,False
19228,False
19229,False
19230,False
19231,True
19232,True
19233,True
19234,False
19235,False
19236,False
19237,False
19238,False
19239,False
19240,False
19241,False
19242,False
19243,False
19244,False
19245,False
19246,False
19247,False
19248,False
19249,False
19250,False
19251,False
19252,False
19253,False
19254,False
19255,True
19256,True
19257,False
19258,False
19259,False
19260,True
19261,True
19262,True
19263,True
19264,True
19265,True
19266,True
19267,True
19268,True
19269,True
19270,True
19271,False
19272,True
19273,True
19274,False
19275,False
19276,False
19277,False
19278,False
19279,True
19280,False
19281,False
19282,True
19283,True
19284,False
19285,False
19286,False
19287,True
19288,False
19289,False
19290,False
19291,False
19292,False
19293,False
19294,False
19295,False
19296,True
19297,False
19298,True
19299,False
19300,False
19301,False
19302,False
19303,False
19304,False
19305,False
19306,True
19307,True
19308,False
19309,False
19310,False
19311,False
19312,False
19313,False
19314,False
19315,True
19316,False
19317,False
19318,False
19319,False
19320,False
19321,False
19322,False
19323,False
19324,True
19325,False
19326,False
19327,True
19328,True
19329,False
19330,False
19331,False
19332,False
19333,False
19334,False
19335,False
19336,False
19337,False
19338,False
19339,False
19340,False
19341,False
19342,False
19343,False
19344,False
19345,False
19346,False
19347,False
19348,False
19349,True
19350,True
19351,True
19352,True
19353,False
19354,False
19355,True
19356,False
19357,False
19358,False
19359,False
19360,False
19361,False
19362,False
19363,False
19364,False
19365,False
19366,False
19367,False
19368,False
19369,False
19370,False
19371,False
19372,False
19373,False
19374,True
19375,False
19376,False
19377,False
19378,False
19379,False
19380,False
19381,False
19382,False
19383,True
19384,False
19385,False
19386,False
19387,False
19388,True
19389,False
19390,False
19391,False
19392,False
19393,False
19394,False
19395,False
19396,False
19397,True
19398,False
19399,False
19400,False
19401,False
19402,True
19403,False
19404,False
19405,False
19406,False
19407,False
19408,True
19409,True
19410,False
19411,False
19412,False
19413,False
19414,True
19415,False
19416,False
19417,True
19418,False
19419,True
19420,False
19421,False
19422,False
19423,False
19424,True
19425,True
19426,True
19427,False
19428,True
19429,False
19430,False
19431,False
19432,False
19433,False
19434,False
19435,False
19436,False
19437,False
19438,False
19439,False
19440,False
19441,False
19442,True
19443,False
19444,False
19445,False
19446,True
19447,True
19448,False
19449,False
19450,True
19451,False
19452,True
19453,True
19454,True
19455,True
19456,True
19457,False
19458,False
19459,False
19460,True
19461,False
19462,False
19463,False
19464,False
19465,False
19466,True
19467,False
19468,False
19469,False
19470,True
19471,False
19472,False
19473,False
19474,False
19475,True
19476,False
19477,False
19478,False
19479,False
19480,False
19481,False
19482,False
19483,True
19484,False
19485,False
19486,False
19487,False
19488,False
19489,False
19490,False
19491,False
19492,False
19493,False
19494,True
19495,True
19496,False
19497,False
19498,False
19499,False
19500,True
19501,True
19502,False
19503,False
19504,False
19505,True
19506,False
19507,True
19508,False
19509,True
19510,False
19511,True
19512,False
19513,True
19514,True
19515,False
19516,False
19517,False
19518,False
19519,False
19520,False
19521,False
19522,False
19523,False
19524,False
19525,False
19526,False
19527,False
19528,False
19529,False
19530,True
19531,True
19532,True
19533,True
19534,True
19535,True
19536,False
19537,False
19538,True
19539,False
19540,False
19541,False
19542,True
19543,True
19544,False
19545,False
19546,True
19547,False
19548,False
19549,False
19550,False
19551,True
19552,False
19553,False
19554,True
19555,False
19556,False
19557,False
19558,False
19559,False
19560,False
19561,False
19562,False
19563,False
19564,False
19565,False
19566,False
19567,False
19568,False
19569,True
19570,True
19571,True
19572,False
19573,False
19574,True
19575,False
19576,False
19577,False
19578,False
19579,False
19580,False
19581,False
19582,False
19583,True
19584,True
19585,False
19586,False
19587,False
19588,False
19589,False
19590,False
19591,False
19592,False
19593,False
19594,True
19595,False
19596,False
19597,False
19598,True
19599,True
19600,False
19601,False
19602,False
19603,False
19604,False
19605,False
19606,False
19607,False
19608,False
19609,False
19610,False
19611,False
19612,False
19613,False
19614,False
19615,False
19616,False
19617,False
19618,False
19619,True
19620,False
19621,False
19622,False
19623,False
19624,False
19625,False
19626,False
19627,False
19628,False
19629,False
19630,False
19631,True
19632,False
19633,False
19634,True
19635,True
19636,True
19637,True
19638,False
19639,False
19640,False
19641,False
19642,False
19643,False
19644,True
19645,False
19646,False
19647,False
19648,False
19649,False
19650,False
19651,False
19652,False
19653,False
19654,False
19655,False
19656,False
19657,False
19658,False
19659,False
19660,False
19661,True
19662,False
19663,False
19664,False
19665,False
19666,False
19667,True
19668,False
19669,False
19670,False
19671,False
19672,False
19673,False
19674,False
19675,False
19676,True
19677,False
19678,False
19679,True
19680,True
19681,False
19682,False
19683,False
19684,False
19685,False
19686,False
19687,False
19688,True
19689,True
19690,True
19691,False
19692,False
19693,False
19694,True
19695,False
19696,False
19697,True
19698,True
19699,True
19700,False
19701,False
19702,False
19703,False
19704,True
19705,True
19706,True
19707,False
19708,False
19709,False
19710,False
19711,False
19712,False
19713,False
19714,False
19715,False
19716,True
19717,False
19718,False
19719,False
19720,False
19721,False
19722,True
19723,True
19724,False
19725,False
19726,True
19727,False
19728,False
19729,False
19730,False
19731,False
19732,False
19733,False
19734,False
19735,False
19736,False
19737,False
19738,False
19739,True
19740,True
19741,True
19742,False
19743,True
19744,False
19745,True
19746,True
19747,False
19748,False
19749,False
19750,False
19751,False
19752,False
19753,False
19754,False
19755,False
19756,False
19757,False
19758,False
19759,False
19760,False
19761,True
19762,False
19763,True
19764,False
19765,False
19766,False
19767,False
19768,False
19769,True
19770,False
19771,False
19772,False
19773,False
19774,False
19775,False
19776,False
19777,False
19778,False
19779,False
19780,False
19781,False
19782,False
19783,False
19784,False
19785,False
19786,True
19787,True
19788,True
19789,True
19790,False
19791,False
19792,False
19793,False
19794,False
19795,False
19796,False
19797,False
19798,False
19799,False
19800,True
19801,False
19802,False
19803,False
19804,False
19805,False
19806,False
19807,False
19808,False
19809,False
19810,False
19811,False
19812,False
19813,False
19814,False
19815,False
19816,False
19817,True
19818,False
19819,True
19820,False
19821,False
19822,False
19823,False
19824,False
19825,False
19826,False
19827,False
19828,False
19829,False
19830,False
19831,True
19832,True
19833,False
19834,False
19835,False
19836,False
19837,True
19838,False
19839,False
19840,False
19841,False
19842,False
19843,True
19844,False
19845,False
19846,True
19847,True
19848,False
19849,False
19850,False
19851,False
19852,False
19853,True
19854,False
19855,False
19856,False
19857,False
19858,True
19859,False
19860,False
19861,False
19862,False
19863,True
19864,True
19865,False
19866,False
19867,True
19868,True
19869,False
19870,True
19871,False
19872,False
19873,False
19874,False
19875,False
19876,False
19877,False
19878,False
19879,False
19880,False
19881,False
19882,False
19883,True
19884,False
19885,False
19886,True
19887,True
19888,False
19889,False
19890,False
19891,False
19892,False
19893,False
19894,False
19895,False
19896,False
19897,False
19898,False
19899,False
19900,False
19901,False
19902,False
19903,False
19904,False
19905,True
19906,False
19907,False
19908,True
19909,False
19910,False
19911,False
19912,False
19913,False
19914,False
19915,False
19916,False
19917,True
19918,True
19919,True
19920,False
19921,False
19922,False
19923,False
19924,True
19925,False
19926,False
19927,False
19928,False
19929,False
19930,False
19931,False
19932,False
19933,False
19934,True
19935,False
19936,False
19937,False
19938,False
19939,False
19940,False
19941,False
19942,False
19943,False
19944,False
19945,False
19946,False
19947,False
19948,False
19949,False
19950,False
19951,True
19952,False
19953,False
19954,False
19955,True
19956,True
19957,False
19958,False
19959,False
19960,False
19961,False
19962,False
19963,False
19964,False
19965,False
19966,False
19967,True
19968,True
19969,True
19970,False
19971,False
19972,False
19973,False
19974,False
19975,True
19976,True
19977,False
19978,False
19979,False
19980,False
19981,False
19982,False
19983,False
19984,True
19985,False
19986,False
19987,True
19988,False
19989,True
19990,True
19991,True
19992,False
19993,False
19994,True
19995,False
19996,False
19997,False
19998,False
19999,False
20000,False
20001,False
20002,False
20003,False
20004,False
20005,False
20006,False
20007,False
20008,False
20009,False
20010,False
20011,True
20012,True
20013,True
20014,False
20015,True
20016,True
20017,False
20018,False
20019,False
20020,False
20021,False
20022,False
20023,False
20024,False
20025,False
20026,True
20027,True
20028,False
20029,True
20030,False
20031,False
20032,False
20033,True
20034,False
20035,True
20036,False
20037,False
20038,False
20039,False
20040,True
20041,False
20042,False
20043,True
20044,False
20045,False
20046,False
20047,False
20048,False
20049,False
20050,False
20051,False
20052,False
20053,False
20054,False
20055,False
20056,False
20057,False
20058,True
20059,False
20060,True
20061,True
20062,False
20063,False
20064,False
20065,False
20066,False
20067,True
20068,True
20069,False
20070,True
20071,False
20072,False
20073,False
20074,False
20075,False
20076,False
20077,False
20078,False
20079,False
20080,False
20081,False
20082,True
20083,False
20084,False
20085,True
20086,False
20087,False
20088,False
20089,False
20090,False
20091,False
20092,False
20093,True
20094,True
20095,False
20096,True
20097,True
20098,False
20099,False
20100,False
20101,False
20102,False
20103,False
20104,False
20105,False
20106,False
20107,False
20108,True
20109,False
20110,False
20111,False
20112,False
20113,False
20114,False
20115,False
20116,False
20117,False
20118,False
20119,True
20120,False
20121,False
20122,False
20123,False
20124,True
20125,False
20126,False
20127,True
20128,False
20129,True
20130,True
20131,False
20132,False
20133,False
20134,True
20135,False
20136,False
20137,False
20138,True
20139,False
20140,False
20141,True
20142,True
20143,True
20144,False
20145,False
20146,False
20147,False
20148,False
20149,False
20150,True
20151,False
20152,True
20153,True
20154,True
20155,False
20156,True
20157,False
20158,False
20159,False
20160,True
20161,False
20162,False
20163,False
20164,True
20165,False
20166,False
20167,False
20168,False
20169,False
20170,False
20171,False
20172,False
20173,False
20174,False
20175,False
20176,False
20177,False
20178,True
20179,False
20180,False
20181,False
20182,True
20183,False
20184,False
20185,False
20186,True
20187,True
20188,True
20189,True
20190,False
20191,True
20192,False
20193,False
20194,False
20195,False
20196,True
20197,True
20198,False
20199,False
20200,False
20201,False
20202,False
20203,False
20204,True
20205,True
20206,False
20207,False
20208,False
20209,False
20210,False
20211,False
20212,True
20213,True
20214,False
20215,False
20216,True
20217,False
20218,False
20219,False
20220,False
20221,False
20222,False
20223,False
20224,False
20225,False
20226,False
20227,False
20228,False
20229,False
20230,False
20231,False
20232,False
20233,False
20234,False
20235,False
20236,False
20237,False
20238,False
20239,False
20240,False
20241,False
20242,True
20243,False
20244,False
20245,False
20246,False
20247,False
20248,True
20249,False
20250,False
20251,False
20252,False
20253,True
20254,False
20255,True
20256,True
20257,False
20258,False
20259,False
20260,False
20261,False
20262,True
20263,False
20264,False
20265,False
20266,False
20267,False
20268,False
20269,False
20270,False
20271,False
20272,False
20273,False
20274,False
20275,True
20276,False
20277,False
20278,False
20279,False
20280,False
20281,False
20282,False
20283,True
20284,True
20285,False
20286,True
20287,False
20288,False
20289,True
20290,False
20291,False
20292,False
20293,False
20294,False
20295,True
20296,False
20297,False
20298,True
20299,False
20300,False
20301,True
20302,False
20303,False
20304,False
20305,False
20306,False
20307,False
20308,False
20309,False
20310,False
20311,False
20312,False
20313,False
20314,False
20315,True
20316,True
20317,False
20318,False
20319,False
20320,False
20321,False
20322,False
20323,False
20324,False
20325,True
20326,False
20327,False
20328,False
20329,False
20330,False
20331,True
20332,True
20333,True
20334,True
20335,False
20336,True
20337,False
20338,True
20339,False
20340,False
20341,True
20342,True
20343,False
20344,False
20345,False
20346,True
20347,False
20348,False
20349,False
20350,False
20351,False
20352,True
20353,False
20354,False
20355,False
20356,False
20357,True
20358,False
20359,True
20360,False
20361,False
20362,False
20363,False
20364,False
20365,True
20366,False
20367,True
20368,False
20369,False
20370,False
20371,False
20372,True
20373,True
20374,False
20375,False
20376,False
20377,False
20378,False
20379,True
20380,True
20381,False
20382,True
20383,True
20384,False
20385,True
20386,False
20387,True
20388,False
20389,False
20390,False
20391,False
20392,False
20393,False
20394,False
20395,False
20396,False
20397,False
20398,False
20399,False
20400,False
20401,False
20402,False
20403,False
20404,False
20405,False
20406,False
20407,True
20408,False
20409,False
20410,True
20411,True
20412,False
20413,False
20414,False
20415,False
20416,False
20417,False
20418,True
20419,False
20420,False
20421,True
20422,False
20423,False
20424,True
20425,True
20426,False
20427,False
20428,False
20429,False
20430,True
20431,False
20432,False
20433,False
20434,False
20435,False
20436,False
20437,False
20438,False
20439,False
20440,False
20441,False
20442,True
20443,True
20444,False
20445,False
20446,False
20447,False
20448,False
20449,False
20450,False
20451,False
20452,False
20453,True
20454,False
20455,False
20456,False
20457,True
20458,True
20459,False
20460,True
20461,False
20462,False
20463,False
20464,False
20465,False
20466,False
20467,False
20468,False
20469,False
20470,False
20471,False
20472,True
20473,False
20474,False
20475,False
20476,False
20477,False
20478,False
20479,True
20480,False
20481,False
20482,False
20483,False
20484,False
20485,False
20486,False
20487,False
20488,False
20489,False
20490,False
20491,True
20492,False
20493,True
20494,False
20495,True
20496,True
20497,True
20498,True
20499,True
20500,False
20501,False
20502,False
20503,False
20504,False
20505,False
20506,False
20507,False
20508,False
20509,False
20510,False
20511,False
20512,False
20513,False
20514,False
20515,False
20516,False
20517,False
20518,False
20519,False
20520,True
20521,False
20522,False
20523,False
20524,False
20525,False
20526,True
20527,False
20528,True
20529,False
20530,True
20531,False
20532,False
20533,False
20534,False
20535,True
20536,False
20537,False
20538,False
20539,False
20540,True
20541,True
20542,False
20543,False
20544,False
20545,False
20546,False
20547,False
20548,False
20549,False
20550,False
20551,False
20552,False
20553,False
20554,False
20555,False
20556,True
20557,False
20558,False
20559,False
20560,False
20561,False
20562,True
20563,False
20564,False
20565,False
20566,False
20567,False
20568,True
20569,True
20570,True
20571,False
20572,False
20573,False
20574,False
20575,False
20576,False
20577,False
20578,False
20579,False
20580,False
20581,False
20582,False
20583,False
20584,False
20585,True
20586,False
20587,False
20588,False
20589,False
20590,False
20591,False
20592,False
20593,False
20594,False
20595,False
20596,False
20597,False
20598,True
20599,True
20600,False
20601,False
20602,False
20603,False
20604,False
20605,False
20606,False
20607,False
20608,False
20609,True
20610,False
20611,True
20612,False
20613,False
20614,False
20615,False
20616,True
20617,False
20618,False
20619,False
20620,False
20621,False
20622,False
20623,False
20624,False
20625,False
20626,True
20627,False
20628,False
20629,False
20630,False
20631,False
20632,False
20633,False
20634,True
20635,False
20636,True
20637,False
20638,False
20639,False
20640,False
20641,False
20642,False
20643,False
20644,True
20645,False
20646,True
20647,False
20648,False
20649,False
20650,True
20651,True
20652,False
20653,True
20654,False
20655,False
20656,False
20657,False
20658,True
20659,False
20660,False
20661,False
20662,False
20663,False
20664,False
20665,False
20666,True
20667,False
20668,False
20669,False
20670,False
20671,False
20672,False
20673,True
20674,False
20675,False
20676,True
20677,False
20678,True
20679,False
20680,False
20681,True
20682,False
20683,True
20684,False
20685,False
20686,True
20687,False
20688,False
20689,True
20690,False
20691,False
20692,False
20693,True
20694,True
20695,False
20696,False
20697,True
20698,False
20699,False
20700,False
20701,False
20702,True
20703,True
20704,True
20705,True
20706,False
20707,False
20708,True
20709,True
20710,False
20711,False
20712,False
20713,False
20714,False
20715,False
20716,False
20717,False
20718,False
20719,False
20720,False
20721,True
20722,False
20723,True
20724,False
20725,False
20726,False
20727,True
20728,False
20729,False
20730,False
20731,False
20732,False
20733,True
20734,False
20735,False
20736,False
20737,False
20738,False
20739,False
20740,False
20741,False
20742,True
20743,True
20744,False
20745,False
20746,False
20747,True
20748,False
20749,False
20750,False
20751,False
20752,False
20753,False
20754,True
20755,True
20756,False
20757,True
20758,False
20759,False
20760,False
20761,True
20762,False
20763,False
20764,False
20765,True
20766,True
20767,True
20768,True
20769,False
20770,False
20771,False
20772,False
20773,True
20774,False
20775,False
20776,True
20777,False
20778,False
20779,False
20780,False
20781,False
20782,False
20783,False
20784,False
20785,False
20786,False
20787,False
20788,False
20789,False
20790,False
20791,False
20792,True
20793,False
20794,True
20795,False
20796,False
20797,False
20798,False
20799,False
20800,False
20801,False
20802,True
20803,False
20804,False
20805,False
20806,False
20807,True
20808,False
20809,False
20810,False
20811,False
20812,False
20813,False
20814,False
20815,False
20816,False
20817,False
20818,False
20819,True
20820,False
20821,True
20822,False
20823,False
20824,False
20825,False
20826,False
20827,True
20828,False
20829,False
20830,False
20831,True
20832,False
20833,True
20834,True
20835,True
20836,False
20837,False
20838,False
20839,False
20840,False
20841,False
20842,True
20843,False
20844,False
20845,True
20846,False
20847,False
20848,False
20849,False
20850,True
20851,False
20852,False
20853,False
20854,False
20855,False
20856,True
20857,False
20858,False
20859,False
20860,False
20861,False
20862,False
20863,False
20864,False
20865,False
20866,False
20867,True
20868,False
20869,True
20870,False
20871,False
20872,False
20873,False
20874,True
20875,False
20876,True
20877,False
20878,True
20879,True
20880,False
20881,False
20882,False
20883,False
20884,False
20885,True
20886,False
20887,False
20888,True
20889,False
20890,True
20891,False
20892,False
20893,False
20894,False
20895,False
20896,True
20897,True
20898,False
20899,False
20900,False
20901,False
20902,True
20903,True
20904,False
20905,True
20906,False
20907,False
20908,False
20909,False
20910,False
20911,False
20912,True
20913,False
20914,False
20915,False
20916,False
20917,True
20918,False
20919,False
20920,False
20921,False
20922,False
20923,True
20924,True
20925,False
20926,False
20927,False
20928,False
20929,True
20930,False
20931,False
20932,False
20933,False
20934,False
20935,False
20936,False
20937,False
20938,False
20939,False
20940,False
20941,False
20942,True
20943,False
20944,False
20945,True
20946,False
20947,False
20948,True
20949,True
20950,False
20951,False
20952,False
20953,False
20954,False
20955,False
20956,True
20957,False
20958,False
20959,True
20960,False
20961,False
20962,False
20963,False
20964,False
20965,False
20966,False
20967,False
20968,False
20969,False
20970,False
20971,False
20972,False
20973,False
20974,False
20975,False
20976,True
20977,False
20978,False
20979,True
20980,False
20981,False
20982,False
20983,False
20984,False
20985,False
20986,False
20987,False
20988,False
20989,False
20990,False
20991,False
20992,False
20993,False
20994,False
20995,False
20996,False
20997,False
20998,False
20999,False
21000,False
21001,False
21002,False
21003,False
21004,True
21005,False
21006,False
21007,False
21008,True
21009,True
21010,True
21011,True
21012,False
21013,True
21014,False
21015,False
21016,False
21017,True
21018,False
21019,True
21020,False
21021,False
21022,False
21023,False
21024,False
21025,False
21026,False
21027,True
21028,False
21029,False
21030,False
21031,False
21032,False
21033,False
21034,False
21035,False
21036,True
21037,True
21038,False
21039,False
21040,False
21041,False
21042,False
21043,False
21044,False
21045,False
21046,False
21047,False
21048,False
21049,True
21050,False
21051,False
21052,False
21053,False
21054,False
21055,True
21056,False
21057,False
21058,False
21059,False
21060,False
21061,False
21062,False
21063,True
21064,False
21065,True
21066,False
21067,False
21068,False
21069,True
21070,False
21071,False
21072,False
21073,False
21074,True
21075,True
21076,False
21077,False
21078,False
21079,False
21080,False
21081,False
21082,False
21083,False
21084,True
21085,False
21086,False
21087,False
21088,False
21089,False
21090,False
21091,False
21092,False
21093,False
21094,False
21095,False
21096,False
21097,False
21098,False
21099,False
21100,True
21101,False
21102,False
21103,False
21104,False
21105,False
21106,False
21107,True
21108,False
21109,False
21110,True
21111,False
21112,False
21113,False
21114,False
21115,True
21116,False
21117,False
21118,False
21119,False
21120,False
21121,False
21122,False
21123,True
21124,False
21125,False
21126,False
21127,False
21128,True
21129,False
21130,False
21131,False
21132,True
21133,False
21134,False
21135,True
21136,False
21137,False
21138,False
21139,False
21140,False
21141,False
21142,False
21143,True
21144,True
21145,False
21146,False
21147,False
21148,False
21149,False
21150,True
21151,False
21152,False
21153,False
21154,False
21155,False
21156,False
21157,False
21158,False
21159,False
21160,False
21161,False
21162,False
21163,False
21164,False
21165,True
21166,False
21167,True
21168,False
21169,False
21170,False
21171,False
21172,False
21173,False
21174,False
21175,False
21176,False
21177,False
21178,False
21179,False
21180,False
21181,False
21182,False
21183,False
21184,False
21185,False
21186,False
21187,False
21188,True
21189,True
21190,False
21191,False
21192,False
21193,False
21194,False
21195,False
21196,False
21197,True
21198,True
21199,True
21200,False
21201,False
21202,True
21203,False
21204,False
21205,False
21206,True
21207,True
21208,False
21209,False
21210,False
21211,False
21212,False
21213,False
21214,False
21215,False
21216,True
21217,True
21218,False
21219,True
21220,True
21221,True
21222,False
21223,False
21224,False
21225,False
21226,True
21227,False
21228,True
21229,True
21230,False
21231,True
21232,False
21233,False
21234,True
21235,False
21236,False
21237,True
21238,False
21239,False
21240,False
21241,True
21242,False
21243,False
21244,False
21245,False
21246,False
21247,False
21248,True
21249,False
21250,False
21251,True
21252,False
21253,False
21254,False
21255,False
21256,True
21257,False
21258,False
21259,False
21260,False
21261,False
21262,False
21263,False
21264,False
21265,False
21266,False
21267,False
21268,False
21269,False
21270,False
21271,False
21272,False
21273,False
21274,False
21275,False
21276,False
21277,False
21278,False
21279,False
21280,True
21281,True
21282,True
21283,False
21284,False
21285,False
21286,False
21287,False
21288,True
21289,False
21290,True
21291,False
21292,False
21293,False
21294,False
21295,False
21296,False
21297,False
21298,False
21299,False
21300,False
21301,False
21302,False
21303,False
21304,False
21305,False
21306,False
21307,False
21308,False
21309,False
21310,False
21311,False
21312,False
21313,True
21314,False
21315,False
21316,False
21317,False
21318,False
21319,False
21320,False
21321,False
21322,False
21323,True
21324,False
21325,False
21326,False
21327,False
21328,False
21329,False
21330,False
21331,False
21332,True
21333,True
21334,True
21335,False
21336,False
21337,False
21338,False
21339,False
21340,False
21341,False
21342,False
21343,False
21344,False
21345,True
21346,True
21347,True
21348,False
21349,False
21350,True
21351,False
21352,True
21353,False
21354,True
21355,True
21356,False
21357,False
21358,False
21359,True
21360,True
21361,True
21362,False
21363,False
21364,False
21365,False
21366,False
21367,False
21368,False
21369,False
21370,False
21371,False
21372,True
21373,False
21374,True
21375,False
21376,False
21377,False
21378,False
21379,True
21380,False
21381,False
21382,False
21383,True
21384,True
21385,True
21386,False
21387,False
21388,False
21389,True
21390,False
21391,False
21392,True
21393,False
21394,False
21395,False
21396,False
21397,False
21398,True
21399,False
21400,False
21401,False
21402,True
21403,True
21404,True
21405,True
21406,False
21407,False
21408,True
21409,False
21410,True
21411,False
21412,False
21413,True
21414,False
21415,False
21416,False
21417,True
21418,False
21419,False
21420,False
21421,True
21422,False
21423,True
21424,False
21425,True
21426,True
21427,False
21428,True
21429,False
21430,False
21431,False
21432,True
21433,False
21434,False
21435,True
21436,False
21437,False
21438,False
21439,False
21440,True
21441,True
21442,True
21443,False
21444,False
21445,True
21446,False
21447,True
21448,True
21449,True
21450,False
21451,False
21452,True
21453,False
21454,False
21455,True
21456,False
21457,False
21458,True
21459,True
21460,False
21461,False
21462,False
21463,True
21464,True
21465,False
21466,False
21467,False
21468,False
21469,False
21470,True
21471,False
21472,False
21473,False
21474,False
21475,False
21476,False
21477,False
21478,False
21479,False
21480,False
21481,False
21482,True
21483,True
21484,False
21485,False
21486,False
21487,False
21488,False
21489,False
21490,True
21491,False
21492,False
21493,False
21494,False
21495,False
21496,False
21497,False
21498,False
21499,False
21500,False
21501,False
21502,False
21503,True
21504,False
21505,False
21506,False
21507,False
21508,False
21509,False
21510,False
21511,False
21512,False
21513,True
21514,False
21515,False
21516,True
21517,False
21518,True
21519,True
21520,False
21521,False
21522,False
21523,True
21524,False
21525,False
21526,False
21527,False
21528,False
21529,False
21530,True
21531,True
21532,False
21533,False
21534,False
21535,False
21536,False
21537,False
21538,False
21539,False
21540,False
21541,False
21542,False
21543,True
21544,False
21545,False
21546,True
21547,False
21548,False
21549,False
21550,True
21551,True
21552,False
21553,True
21554,True
21555,False
21556,False
21557,False
21558,False
21559,True
21560,False
21561,False
21562,False
21563,True
21564,False
21565,False
21566,False
21567,False
21568,False
21569,True
21570,False
21571,True
21572,False
21573,False
21574,False
21575,False
21576,False
21577,False
21578,False
21579,False
21580,False
21581,False
21582,False
21583,False
21584,False
21585,False
21586,False
21587,True
21588,False
21589,True
21590,False
21591,False
21592,False
21593,True
21594,True
21595,False
21596,False
21597,False
21598,False
21599,False
21600,False
21601,True
21602,False
21603,False
21604,True
21605,False
21606,False
21607,True
21608,True
21609,False
21610,False
21611,False
21612,False
21613,True
21614,True
21615,True
21616,True
21617,False
21618,True
21619,False
21620,False
21621,False
21622,False
21623,False
21624,False
21625,True
21626,True
21627,False
21628,False
21629,False
21630,False
21631,False
21632,False
21633,True
21634,True
21635,False
21636,False
21637,False
21638,False
21639,False
21640,False
21641,False
21642,True
21643,True
21644,False
21645,False
21646,False
21647,False
21648,False
21649,False
21650,False
21651,False
21652,False
21653,False
21654,False
21655,True
21656,False
21657,False
21658,False
21659,False
21660,False
21661,False
21662,True
21663,True
21664,False
21665,True
21666,False
21667,False
21668,True
21669,False
21670,False
21671,False
21672,False
21673,False
21674,False
21675,False
21676,False
21677,False
21678,False
21679,False
21680,True
21681,False
21682,True
21683,True
21684,True
21685,False
21686,False
21687,False
21688,False
21689,False
21690,True
21691,True
21692,False
21693,False
21694,False
21695,True
21696,False
21697,False
21698,False
21699,False
21700,True
21701,False
21702,False
21703,False
21704,False
21705,False
21706,False
21707,False
21708,False
21709,False
21710,True
21711,True
21712,True
21713,False
21714,True
21715,False
21716,False
21717,False
21718,True
21719,False
21720,False
21721,True
21722,False
21723,False
21724,False
21725,False
21726,False
21727,False
21728,False
21729,False
21730,False
21731,False
21732,False
21733,False
21734,False
21735,False
21736,False
21737,True
21738,False
21739,True
21740,False
21741,False
21742,False
21743,False
21744,True
21745,False
21746,False
21747,True
21748,False
21749,False
21750,False
21751,False
21752,False
21753,True
21754,True
21755,False
21756,False
21757,False
21758,False
21759,False
21760,True
21761,True
21762,False
21763,False
21764,True
21765,False
21766,False
21767,True
21768,False
21769,False
21770,True
21771,False
21772,False
21773,True
21774,False
21775,False
21776,False
21777,False
21778,False
21779,False
21780,False
21781,False
21782,True
21783,False
21784,False
21785,False
21786,False
21787,False
21788,True
21789,False
21790,False
21791,True
21792,True
21793,True
21794,False
21795,False
21796,False
21797,False
21798,False
21799,False
21800,False
21801,False
21802,False
21803,False
21804,True
21805,True
21806,True
21807,False
21808,True
21809,False
21810,False
21811,False
21812,True
21813,False
21814,False
21815,False
21816,False
21817,False
21818,False
21819,True
21820,False
21821,True
21822,False
21823,False
21824,False
21825,False
21826,False
21827,False
21828,False
21829,False
21830,False
21831,False
21832,False
21833,True
21834,True
21835,True
21836,True
21837,False
21838,False
21839,True
21840,False
21841,False
21842,True
21843,False
21844,False
21845,False
21846,False
21847,False
21848,False
21849,True
21850,True
21851,False
21852,False
21853,True
21854,True
21855,True
21856,True
21857,False
21858,True
21859,False
21860,True
21861,True
21862,False
21863,True
21864,False
21865,False
21866,False
21867,False
21868,False
21869,False
21870,False
21871,True
21872,False
21873,False
21874,False
21875,False
21876,False
21877,True
21878,False
21879,False
21880,False
21881,True
21882,True
21883,False
21884,False
21885,False
21886,False
21887,False
21888,False
21889,True
21890,False
21891,False
21892,False
21893,True
21894,False
21895,False
21896,True
21897,False
21898,False
21899,False
21900,False
21901,False
21902,False
21903,False
21904,False
21905,False
21906,False
21907,False
21908,False
21909,False
21910,False
21911,False
21912,False
21913,False
21914,False
21915,True
21916,True
21917,False
21918,False
21919,False
21920,True
21921,True
21922,False
21923,False
21924,True
21925,False
21926,False
21927,False
21928,True
21929,False
21930,True
21931,False
21932,True
21933,True
21934,False
21935,False
21936,False
21937,False
21938,False
21939,False
21940,True
21941,False
21942,False
21943,False
21944,False
21945,False
21946,False
21947,True
21948,False
21949,True
21950,False
21951,False
21952,False
21953,False
21954,False
21955,False
21956,True
21957,True
21958,False
21959,True
21960,False
21961,True
21962,True
21963,True
21964,True
21965,False
21966,True
21967,True
21968,True
21969,False
21970,False
21971,False
21972,True
21973,False
21974,False
21975,False
21976,False
21977,False
21978,False
21979,True
21980,False
21981,False
21982,True
21983,True
21984,False
21985,False
21986,False
21987,False
21988,False
21989,False
21990,False
21991,False
21992,False
21993,False
21994,False
21995,True
21996,False
21997,False
21998,False
21999,False
22000,False
22001,False
22002,True
22003,True
22004,False
22005,False
22006,False
22007,False
22008,False
22009,False
22010,False
22011,False
22012,False
22013,False
22014,False
22015,False
22016,False
22017,False
22018,False
22019,False
22020,False
22021,False
22022,False
22023,False
22024,True
22025,False
22026,False
22027,False
22028,True
22029,True
22030,True
22031,True
22032,False
22033,True
22034,False
22035,False
22036,False
22037,False
22038,False
22039,False
22040,False
22041,True
22042,False
22043,False
22044,False
22045,False
22046,False
22047,False
22048,False
22049,False
22050,False
22051,False
22052,False
22053,False
22054,False
22055,False
22056,False
22057,False
22058,False
22059,False
22060,True
22061,False
22062,True
22063,False
22064,False
22065,False
22066,False
22067,True
22068,True
22069,False
22070,False
22071,False
22072,False
22073,False
22074,False
22075,False
22076,False
22077,False
22078,False
22079,False
22080,False
22081,False
22082,False
22083,False
22084,False
22085,False
22086,False
22087,True
22088,False
22089,False
22090,False
22091,False
22092,True
22093,False
22094,False
22095,False
22096,False
22097,False
22098,False
22099,False
22100,False
22101,False
22102,False
22103,False
22104,False
22105,False
22106,True
22107,True
22108,True
22109,False
22110,False
22111,True
22112,False
22113,False
22114,False
22115,True
22116,True
22117,True
22118,True
22119,False
22120,False
22121,False
22122,True
22123,False
22124,False
22125,False
22126,False
22127,False
22128,True
22129,True
22130,False
22131,False
22132,False
22133,False
22134,False
22135,False
22136,False
22137,False
22138,True
22139,False
22140,False
22141,False
22142,True
22143,False
22144,False
22145,False
22146,True
22147,False
22148,True
22149,False
22150,False
22151,False
22152,False
22153,False
22154,False
22155,False
22156,False
22157,True
22158,False
22159,False
22160,False
22161,False
22162,False
22163,True
22164,True
22165,False
22166,False
22167,True
22168,True
22169,False
22170,True
22171,False
22172,False
22173,False
22174,True
22175,True
22176,True
22177,False
22178,True
22179,False
22180,False
22181,False
22182,False
22183,False
22184,True
22185,False
22186,False
22187,False
22188,False
22189,True
22190,False
22191,False
22192,False
22193,False
22194,True
22195,False
22196,False
22197,False
22198,True
22199,True
22200,False
22201,False
22202,True
22203,True
22204,True
22205,False
22206,False
22207,False
22208,False
22209,False
22210,False
22211,False
22212,False
22213,False
22214,False
22215,True
22216,True
22217,True
22218,True
22219,False
22220,False
22221,False
22222,False
22223,False
22224,False
22225,False
22226,False
22227,False
22228,True
22229,True
22230,False
22231,False
22232,True
22233,False
22234,False
22235,False
22236,False
22237,False
22238,False
22239,True
22240,True
22241,True
22242,False
22243,False
22244,False
22245,False
22246,False
22247,False
22248,True
22249,False
22250,False
22251,False
22252,False
22253,False
22254,False
22255,True
22256,False
22257,False
22258,False
22259,False
22260,False
22261,False
22262,True
22263,False
22264,False
22265,False
22266,False
22267,False
22268,False
22269,False
22270,False
22271,False
22272,False
22273,False
22274,False
22275,True
22276,False
22277,False
22278,False
22279,False
22280,True
22281,True
22282,False
22283,True
22284,False
22285,False
22286,False
22287,False
22288,False
22289,False
22290,False
22291,False
22292,True
22293,True
22294,False
22295,True
22296,True
22297,False
22298,False
22299,False
22300,False
22301,False
22302,False
22303,False
22304,False
22305,False
22306,False
22307,False
22308,False
22309,False
22310,False
22311,False
22312,False
22313,True
22314,False
22315,False
22316,False
22317,True
22318,True
22319,False
22320,False
22321,False
22322,False
22323,False
22324,False
22325,False
22326,False
22327,True
22328,True
22329,True
22330,False
22331,True
22332,True
22333,False
22334,False
22335,True
22336,True
22337,False
22338,True
22339,False
22340,False
22341,False
22342,False
22343,True
22344,False
22345,False
22346,False
22347,False
22348,False
22349,True
22350,True
22351,False
22352,False
22353,False
22354,False
22355,False
22356,False
22357,False
22358,True
22359,False
22360,False
22361,False
22362,True
22363,False
22364,False
22365,False
22366,False
22367,False
22368,False
22369,False
22370,False
22371,False
22372,True
22373,False
22374,False
22375,True
22376,False
22377,False
22378,False
22379,False
22380,False
22381,False
22382,False
22383,True
22384,False
22385,False
22386,False
22387,False
22388,False
22389,False
22390,False
22391,False
22392,False
22393,True
22394,False
22395,False
22396,True
22397,False
22398,False
22399,False
22400,False
22401,True
22402,False
22403,False
22404,True
22405,False
22406,False
22407,False
22408,False
22409,False
22410,True
22411,False
22412,False
22413,True
22414,True
22415,True
22416,True
22417,True
22418,True
22419,False
22420,False
22421,False
22422,False
22423,False
22424,True
22425,True
22426,False
22427,False
22428,False
22429,False
22430,False
22431,False
22432,True
22433,True
22434,False
22435,False
22436,False
22437,True
22438,False
22439,True
22440,False
22441,False
22442,False
22443,False
22444,True
22445,False
22446,False
22447,False
22448,False
22449,True
22450,False
22451,False
22452,False
22453,True
22454,False
22455,False
22456,False
22457,False
22458,False
22459,False
22460,False
22461,True
22462,False
22463,False
22464,False
22465,False
22466,False
22467,False
22468,True
22469,False
22470,False
22471,False
22472,False
22473,False
22474,False
22475,False
22476,False
22477,False
22478,True
22479,False
22480,False
22481,False
22482,False
22483,True
22484,False
22485,False
22486,False
22487,False
22488,True
22489,False
22490,False
22491,True
22492,False
22493,False
22494,True
22495,True
22496,True
22497,True
22498,False
22499,False
22500,False
22501,False
22502,True
22503,False
22504,True
22505,True
22506,False
22507,False
22508,False
22509,False
22510,False
22511,False
22512,False
22513,False
22514,True
22515,False
22516,False
22517,False
22518,False
22519,False
22520,False
22521,False
22522,False
22523,True
22524,True
22525,False
22526,False
22527,False
22528,False
22529,True
22530,True
22531,False
22532,True
22533,False
22534,False
22535,True
22536,False
22537,False
22538,False
22539,False
22540,False
22541,True
22542,False
22543,True
22544,False
22545,False
22546,False
22547,False
22548,False
22549,False
22550,False
22551,False
22552,True
22553,False
22554,True
22555,True
22556,False
22557,False
22558,False
22559,True
22560,True
22561,False
22562,True
22563,False
22564,False
22565,False
22566,False
22567,False
22568,False
22569,True
22570,False
22571,False
22572,False
22573,True
22574,False
22575,False
22576,False
22577,False
22578,False
22579,False
22580,False
22581,True
22582,False
22583,True
22584,False
22585,False
22586,False
22587,True
22588,True
22589,False
22590,False
22591,True
22592,False
22593,False
22594,True
22595,False
22596,False
22597,False
22598,True
22599,False
22600,False
22601,False
22602,False
22603,False
22604,False
22605,False
22606,False
22607,False
22608,False
22609,False
22610,False
22611,False
22612,False
22613,False
22614,True
22615,False
22616,False
22617,False
22618,False
22619,False
22620,False
22621,False
22622,True
22623,False
22624,False
22625,False
22626,True
22627,False
22628,True
22629,False
22630,False
22631,False
22632,False
22633,False
22634,False
22635,False
22636,False
22637,False
22638,False
22639,False
22640,False
22641,False
22642,False
22643,True
22644,False
22645,False
22646,False
22647,True
22648,False
22649,False
22650,False
22651,False
22652,False
22653,False
22654,False
22655,False
22656,False
22657,False
22658,False
22659,True
22660,True
22661,False
22662,False
22663,False
22664,False
22665,True
22666,False
22667,False
22668,False
22669,False
22670,False
22671,False
22672,False
22673,False
22674,False
22675,False
22676,False
22677,False
22678,False
22679,False
22680,True
22681,False
22682,False
22683,False
22684,False
22685,False
22686,False
22687,False
22688,True
22689,False
22690,False
22691,False
22692,False
22693,False
22694,False
22695,True
22696,False
22697,False
22698,False
22699,True
22700,False
22701,False
22702,False
22703,False
22704,True
22705,False
22706,False
22707,False
22708,False
22709,False
22710,False
22711,False
22712,False
22713,False
22714,True
22715,True
22716,False
22717,False
22718,False
22719,False
22720,True
22721,False
22722,True
22723,False
22724,False
22725,False
22726,False
22727,False
22728,True
22729,False
22730,False
22731,False
22732,False
22733,True
22734,True
22735,False
22736,False
22737,False
22738,True
22739,True
22740,True
22741,False
22742,False
22743,False
22744,False
22745,False
22746,False
22747,True
22748,False
22749,False
22750,False
22751,False
22752,False
22753,False
22754,False
22755,True
22756,True
22757,False
22758,False
22759,False
22760,False
22761,False
22762,True
22763,True
22764,False
22765,False
22766,False
22767,True
22768,False
22769,False
22770,False
22771,False
22772,True
22773,False
22774,False
22775,False
22776,False
22777,False
22778,False
22779,True
22780,False
22781,False
22782,False
22783,False
22784,True
22785,False
22786,False
22787,True
22788,False
22789,False
22790,False
22791,False
22792,True
22793,True
22794,True
22795,True
22796,False
22797,False
22798,False
22799,False
22800,False
22801,False
22802,False
22803,False
22804,False
22805,True
22806,False
22807,True
22808,False
22809,True
22810,True
22811,True
22812,True
22813,True
22814,False
22815,False
22816,False
22817,False
22818,False
22819,False
22820,False
22821,False
22822,False
22823,False
22824,False
22825,False
22826,False
22827,False
22828,False
22829,False
22830,False
22831,False
22832,True
22833,False
22834,True
22835,False
22836,False
22837,False
22838,False
22839,False
22840,True
22841,True
22842,False
22843,False
22844,False
22845,False
22846,False
22847,False
22848,False
22849,False
22850,False
22851,False
22852,False
22853,False
22854,True
22855,True
22856,False
22857,False
22858,True
22859,True
22860,False
22861,False
22862,False
22863,False
22864,False
22865,False
22866,False
22867,False
22868,True
22869,False
22870,False
22871,False
22872,True
22873,False
22874,False
22875,False
22876,True
22877,False
22878,False
22879,False
22880,True
22881,True
22882,False
22883,True
22884,False
22885,False
22886,False
22887,False
22888,False
22889,False
22890,False
22891,False
22892,False
22893,False
22894,False
22895,False
22896,False
22897,False
22898,False
22899,True
22900,False
22901,False
22902,False
22903,False
22904,False
22905,False
22906,True
22907,False
22908,False
22909,False
22910,False
22911,False
22912,True
22913,False
22914,False
22915,False
22916,False
22917,False
22918,False
22919,False
22920,False
22921,False
22922,False
22923,False
22924,True
22925,False
22926,False
22927,False
22928,False
22929,False
22930,False
22931,False
22932,False
22933,False
22934,False
22935,False
22936,False
22937,False
22938,False
22939,True
22940,False
22941,False
22942,True
22943,True
22944,False
22945,True
22946,False
22947,False
22948,True
22949,False
22950,True
22951,False
22952,True
22953,True
22954,False
22955,False
22956,False
22957,False
22958,False
22959,False
22960,False
22961,False
22962,False
22963,False
22964,True
22965,False
22966,True
22967,False
22968,False
22969,False
22970,False
22971,False
22972,False
22973,True
22974,False
22975,False
22976,False
22977,True
22978,True
22979,False
22980,True
22981,False
22982,True
22983,False
22984,False
22985,False
22986,False
22987,False
22988,True
22989,False
22990,False
22991,False
22992,False
22993,False
22994,False
22995,False
22996,False
22997,False
22998,True
22999,True
23000,False
23001,False
23002,True
23003,False
23004,False
23005,False
23006,False
23007,False
23008,False
23009,False
23010,False
23011,True
23012,False
23013,False
23014,False
23015,False
23016,False
23017,True
23018,False
23019,True
23020,False
23021,False
23022,True
23023,False
23024,False
23025,False
23026,False
23027,False
23028,False
23029,False
23030,True
23031,True
23032,True
23033,True
23034,True
23035,False
23036,False
23037,False
23038,False
23039,False
23040,False
23041,False
23042,False
23043,False
23044,False
23045,False
23046,False
23047,True
23048,True
23049,True
23050,True
23051,False
23052,False
23053,True
23054,False
23055,False
23056,False
23057,False
23058,False
23059,False
23060,False
23061,False
23062,False
23063,False
23064,False
23065,False
23066,False
23067,False
23068,False
23069,False
23070,False
23071,False
23072,True
23073,False
23074,False
23075,False
23076,False
23077,True
23078,False
23079,False
23080,False
23081,False
23082,True
23083,False
23084,False
23085,False
23086,False
23087,False
23088,False
23089,True
23090,True
23091,False
23092,False
23093,False
23094,True
23095,False
23096,False
23097,False
23098,False
23099,False
23100,False
23101,False
23102,False
23103,False
23104,False
23105,False
23106,False
23107,False
23108,False
23109,False
23110,True
23111,True
23112,False
23113,False
23114,False
23115,True
23116,False
23117,False
23118,True
23119,False
23120,False
23121,False
23122,False
23123,False
23124,False
23125,False
23126,False
23127,False
23128,False
23129,False
23130,False
23131,False
23132,False
23133,False
23134,False
23135,False
23136,False
23137,False
23138,False
23139,False
23140,False
23141,False
23142,True
23143,False
23144,False
23145,True
23146,False
23147,False
23148,False
23149,False
23150,False
23151,False
23152,True
23153,False
23154,False
23155,False
23156,True
23157,False
23158,False
23159,False
23160,True
23161,False
23162,False
23163,False
23164,False
23165,False
23166,False
23167,False
23168,False
23169,True
23170,True
23171,False
23172,False
23173,False
23174,False
23175,False
23176,False
23177,False
23178,False
23179,True
23180,False
23181,True
23182,False
23183,False
23184,False
23185,False
23186,False
23187,False
23188,False
23189,False
23190,False
23191,False
23192,False
23193,False
23194,False
23195,False
23196,False
23197,False
23198,False
23199,False
23200,False
23201,False
23202,False
23203,False
23204,True
23205,True
23206,False
23207,False
23208,False
23209,False
23210,False
23211,False
23212,False
23213,False
23214,False
23215,False
23216,False
23217,False
23218,False
23219,True
23220,False
23221,True
23222,False
23223,False
23224,True
23225,True
23226,False
23227,False
23228,False
23229,False
23230,False
23231,False
23232,True
23233,False
23234,False
23235,True
23236,False
23237,False
23238,False
23239,False
23240,False
23241,True
23242,False
23243,False
23244,True
23245,False
23246,False
23247,True
23248,True
23249,False
23250,False
23251,False
23252,False
23253,False
23254,True
23255,False
23256,False
23257,False
23258,False
23259,False
23260,False
23261,True
23262,True
23263,False
23264,False
23265,False
23266,False
23267,False
23268,False
23269,False
23270,False
23271,False
23272,False
23273,False
23274,False
23275,False
23276,False
23277,False
23278,False
23279,True
23280,False
23281,False
23282,True
23283,False
23284,False
23285,False
23286,True
23287,False
23288,False
23289,False
23290,False
23291,False
23292,False
23293,False
23294,False
23295,False
23296,True
23297,True
23298,False
23299,False
23300,True
23301,False
23302,False
23303,False
23304,True
23305,True
23306,True
23307,False
23308,False
23309,False
23310,False
23311,False
23312,False
23313,False
23314,True
23315,False
23316,False
23317,False
23318,False
23319,True
23320,False
23321,True
23322,False
23323,False
23324,False
23325,False
23326,False
23327,True
23328,True
23329,True
23330,False
23331,False
23332,True
23333,False
23334,False
23335,True
23336,True
23337,False
23338,False
23339,False
23340,True
23341,False
23342,False
23343,True
23344,False
23345,False
23346,True
23347,False
23348,True
23349,False
23350,False
23351,False
23352,False
23353,True
23354,False
23355,True
23356,True
23357,False
23358,True
23359,True
23360,False
23361,False
23362,True
23363,False
23364,False
23365,False
23366,False
23367,True
23368,False
23369,True
23370,False
23371,False
23372,False
23373,True
23374,False
23375,False
23376,False
23377,False
23378,False
23379,False
23380,True
23381,False
23382,False
23383,True
23384,False
23385,False
23386,False
23387,False
23388,False
23389,False
23390,False
23391,True
23392,False
23393,False
23394,False
23395,False
23396,False
23397,False
23398,False
23399,False
23400,False
23401,False
23402,False
23403,False
23404,False
23405,True
23406,True
23407,True
23408,False
23409,True
23410,False
23411,False
23412,False
23413,False
23414,False
23415,False
23416,False
23417,False
23418,True
23419,False
23420,True
23421,True
23422,True
23423,False
23424,False
23425,False
23426,False
23427,False
23428,False
23429,False
23430,True
23431,True
23432,True
23433,True
23434,False
23435,False
23436,False
23437,False
23438,False
23439,False
23440,False
23441,False
23442,False
23443,False
23444,False
23445,False
23446,False
23447,False
23448,False
23449,False
23450,False
23451,False
23452,True
23453,False
23454,False
23455,False
23456,True
23457,False
23458,False
23459,False
23460,False
23461,True
23462,False
23463,True
23464,True
23465,False
23466,False
23467,True
23468,True
23469,True
23470,True
23471,True
23472,False
23473,False
23474,False
23475,False
23476,False
23477,True
23478,False
23479,False
23480,False
23481,False
23482,True
23483,False
23484,False
23485,False
23486,False
23487,False
23488,True
23489,True
23490,False
23491,False
23492,False
23493,False
23494,False
23495,False
23496,False
23497,False
23498,False
23499,False
23500,False
23501,False
23502,False
23503,False
23504,False
23505,False
23506,False
23507,False
23508,False
23509,False
23510,False
23511,True
23512,True
23513,True
23514,True
23515,False
23516,True
23517,False
23518,True
23519,False
23520,True
23521,False
23522,False
23523,False
23524,False
23525,False
23526,False
23527,False
23528,True
23529,True
23530,False
23531,False
23532,False
23533,False
23534,False
23535,False
23536,False
23537,False
23538,False
23539,False
23540,False
23541,False
23542,False
23543,True
23544,True
23545,False
23546,True
23547,False
23548,True
23549,False
23550,False
23551,True
23552,False
23553,False
23554,False
23555,False
23556,False
23557,False
23558,False
23559,True
23560,True
23561,False
23562,False
23563,True
23564,True
23565,False
23566,True
23567,False
23568,False
23569,False
23570,False
23571,False
23572,False
23573,False
23574,False
23575,False
23576,False
23577,False
23578,False
23579,False
23580,False
23581,False
23582,False
23583,False
23584,False
23585,True
23586,True
23587,False
23588,False
23589,True
23590,False
23591,False
23592,False
23593,False
23594,False
23595,False
23596,True
23597,False
23598,False
23599,False
23600,False
23601,False
23602,False
23603,True
23604,True
23605,False
23606,False
23607,False
23608,False
23609,False
23610,False
23611,False
23612,False
23613,False
23614,False
23615,False
23616,False
23617,False
23618,False
23619,False
23620,True
23621,False
23622,False
23623,True
23624,False
23625,False
23626,False
23627,False
23628,False
23629,False
23630,True
23631,False
23632,True
23633,True
23634,False
23635,False
23636,False
23637,False
23638,True
23639,False
23640,False
23641,False
23642,False
23643,True
23644,False
23645,False
23646,False
23647,False
23648,False
23649,False
23650,False
23651,False
23652,False
23653,False
23654,False
23655,False
23656,False
23657,False
23658,False
23659,False
23660,False
23661,False
23662,False
23663,False
23664,False
23665,False
23666,False
23667,False
23668,False
23669,True
23670,False
23671,False
23672,False
23673,False
23674,True
23675,True
23676,False
23677,True
23678,False
23679,False
23680,False
23681,False
23682,False
23683,False
23684,False
23685,False
23686,False
23687,False
23688,True
23689,False
23690,False
23691,False
23692,True
23693,False
23694,False
23695,True
23696,True
23697,False
23698,True
23699,False
23700,True
23701,False
23702,False
23703,False
23704,True
23705,False
23706,False
23707,False
23708,False
23709,False
23710,False
23711,False
23712,True
23713,False
23714,False
23715,False
23716,False
23717,False
23718,False
23719,True
23720,False
23721,False
23722,False
23723,False
23724,True
23725,False
23726,False
23727,False
23728,False
23729,False
23730,False
23731,True
23732,False
23733,False
23734,False
23735,False
23736,False
23737,False
23738,False
23739,False
23740,False
23741,False
23742,False
23743,False
23744,False
23745,True
23746,False
23747,False
23748,True
23749,False
23750,True
23751,False
23752,False
23753,True
23754,True
23755,True
23756,False
23757,True
23758,True
23759,True
23760,False
23761,True
23762,True
23763,False
23764,False
23765,True
23766,True
23767,False
23768,False
23769,False
23770,False
23771,False
23772,False
23773,False
23774,True
23775,True
23776,True
23777,False
23778,False
23779,True
23780,True
23781,True
23782,False
23783,True
23784,False
23785,False
23786,False
23787,True
23788,False
23789,False
23790,False
23791,False
23792,False
23793,False
23794,False
23795,False
23796,False
23797,False
23798,False
23799,False
23800,False
23801,False
23802,False
23803,False
23804,False
23805,False
23806,True
23807,False
23808,False
23809,True
23810,False
23811,False
23812,False
23813,False
23814,False
23815,False
23816,True
23817,False
23818,False
23819,True
23820,False
23821,False
23822,True
23823,False
23824,False
23825,False
23826,False
23827,False
23828,True
23829,False
23830,False
23831,False
23832,False
23833,False
23834,False
23835,False
23836,True
23837,False
23838,False
23839,False
23840,False
23841,False
23842,False
23843,False
23844,False
23845,False
23846,False
23847,False
23848,False
23849,True
23850,False
23851,False
23852,False
23853,False
23854,False
23855,False
23856,False
23857,False
23858,True
23859,False
23860,False
23861,False
23862,False
23863,False
23864,False
23865,True
23866,False
23867,False
23868,False
23869,False
23870,True
23871,False
23872,False
23873,False
23874,False
23875,False
23876,False
23877,False
23878,False
23879,False
23880,True
23881,False
23882,True
23883,False
23884,False
23885,True
23886,False
23887,False
23888,False
23889,False
23890,False
23891,True
23892,False
23893,False
23894,False
23895,True
23896,False
23897,True
23898,False
23899,False
23900,True
23901,False
23902,False
23903,False
23904,False
23905,False
23906,False
23907,False
23908,False
23909,False
23910,False
23911,False
23912,False
23913,False
23914,False
23915,False
23916,True
23917,True
23918,False
23919,False
23920,False
23921,False
23922,False
23923,False
23924,False
23925,False
23926,False
23927,False
23928,True
23929,True
23930,False
23931,False
23932,False
23933,False
23934,False
23935,False
23936,False
23937,False
23938,False
23939,False
23940,False
23941,False
23942,False
23943,False
23944,False
23945,False
23946,False
23947,False
23948,False
23949,False
23950,False
23951,False
23952,False
23953,False
23954,False
23955,False
23956,False
23957,False
23958,False
23959,False
23960,False
23961,False
23962,True
23963,False
23964,False
23965,False
23966,False
23967,False
23968,True
23969,False
23970,False
23971,False
23972,False
23973,False
23974,False
23975,True
23976,False
23977,False
23978,False
23979,False
23980,False
23981,False
23982,False
23983,False
23984,False
23985,False
23986,True
23987,True
23988,True
23989,True
23990,True
23991,True
23992,True
23993,False
23994,False
23995,False
23996,False
23997,True
23998,False
23999,False
24000,False
24001,False
24002,False
24003,False
24004,False
24005,False
24006,False
24007,False
24008,False
24009,False
24010,False
24011,False
24012,False
24013,False
24014,False
24015,True
24016,True
24017,True
24018,False
24019,False
24020,True
24021,False
24022,False
24023,False
24024,False
24025,False
24026,False
24027,False
24028,True
24029,True
24030,True
24031,True
24032,False
24033,False
24034,False
24035,False
24036,False
24037,True
24038,False
24039,True
24040,False
24041,False
24042,False
24043,False
24044,False
24045,False
24046,True
24047,False
24048,True
24049,True
24050,True
24051,True
24052,True
24053,False
24054,False
24055,False
24056,True
24057,False
24058,False
24059,False
24060,True
24061,False
24062,False
24063,False
24064,False
24065,False
24066,False
24067,False
24068,False
24069,True
24070,False
24071,False
24072,False
24073,False
24074,False
24075,False
24076,True
24077,False
24078,False
24079,False
24080,False
24081,False
24082,False
24083,False
24084,False
24085,True
24086,True
24087,False
24088,True
24089,False
24090,True
24091,True
24092,False
24093,True
24094,False
24095,False
24096,False
24097,False
24098,False
24099,False
24100,True
24101,False
24102,False
24103,False
24104,False
24105,False
24106,True
24107,False
24108,False
24109,False
24110,False
24111,False
24112,False
24113,False
24114,False
24115,False
24116,False
24117,False
24118,False
24119,False
24120,False
24121,False
24122,False
24123,False
24124,False
24125,True
24126,False
24127,True
24128,False
24129,False
24130,True
24131,False
24132,False
24133,False
24134,True
24135,False
24136,False
24137,True
24138,False
24139,False
24140,True
24141,False
24142,False
24143,True
24144,False
24145,False
24146,True
24147,False
24148,True
24149,True
24150,False
24151,False
24152,False
24153,True
24154,True
24155,True
24156,False
24157,False
24158,False
24159,False
24160,False
24161,True
24162,False
24163,True
24164,False
24165,False
24166,True
24167,False
24168,True
24169,False
24170,False
24171,False
24172,True
24173,False
24174,False
24175,False
24176,False
24177,False
24178,False
24179,False
24180,False
24181,False
24182,False
24183,False
24184,True
24185,False
24186,False
24187,True
24188,False
24189,False
24190,True
24191,False
24192,True
24193,False
24194,True
24195,True
24196,False
24197,False
24198,False
24199,True
24200,True
24201,True
24202,True
24203,False
24204,False
24205,False
24206,False
24207,False
24208,False
24209,False
24210,False
24211,False
24212,False
24213,False
24214,False
24215,False
24216,False
24217,False
24218,False
24219,False
24220,False
24221,False
24222,False
24223,False
24224,False
24225,False
24226,True
24227,False
24228,False
24229,True
24230,True
24231,False
24232,True
24233,False
24234,False
24235,True
24236,False
24237,False
24238,False
24239,True
24240,False
24241,False
24242,True
24243,False
24244,True
24245,False
24246,False
24247,False
24248,False
24249,False
24250,False
24251,False
24252,False
24253,False
24254,True
24255,False
24256,False
24257,True
24258,False
24259,False
24260,True
24261,True
24262,False
24263,False
24264,False
24265,False
24266,False
24267,True
24268,False
24269,True
24270,False
24271,False
24272,True
24273,True
24274,True
24275,False
24276,False
24277,False
24278,True
24279,False
24280,False
24281,False
24282,False
24283,True
24284,True
24285,False
24286,False
24287,False
24288,False
24289,False
24290,True
24291,False
24292,False
24293,False
24294,False
24295,False
24296,True
24297,False
24298,False
24299,False
24300,True
24301,True
24302,True
24303,False
24304,False
24305,True
24306,False
24307,False
24308,False
24309,False
24310,False
24311,False
24312,False
24313,False
24314,False
24315,False
24316,False
24317,False
24318,False
24319,False
24320,False
24321,False
24322,False
24323,False
24324,False
24325,True
24326,False
24327,False
24328,False
24329,False
24330,True
24331,False
24332,False
24333,True
24334,True
24335,True
24336,False
24337,True
24338,False
24339,False
24340,True
24341,False
24342,False
24343,False
24344,False
24345,False
24346,False
24347,False
24348,False
24349,False
24350,False
24351,False
24352,True
24353,True
24354,True
24355,True
24356,False
24357,True
24358,False
24359,False
24360,False
24361,False
24362,False
24363,False
24364,False
24365,True
24366,True
24367,False
24368,False
24369,False
24370,True
24371,False
24372,False
24373,False
24374,False
24375,False
24376,False
24377,False
24378,False
24379,False
24380,False
24381,False
24382,False
24383,False
24384,False
24385,False
24386,False
24387,True
24388,True
24389,True
24390,False
24391,True
24392,False
24393,False
24394,False
24395,False
24396,False
24397,False
24398,False
24399,False
24400,False
24401,False
24402,False
24403,False
24404,False
24405,False
24406,False
24407,False
24408,False
24409,False
24410,False
24411,False
24412,False
24413,False
24414,False
24415,False
24416,False
24417,False
24418,True
24419,True
24420,False
24421,False
24422,False
24423,False
24424,False
24425,False
24426,True
24427,True
24428,False
24429,False
24430,False
24431,False
24432,False
24433,True
24434,False
24435,False
24436,False
24437,False
24438,False
24439,False
24440,False
24441,True
24442,True
24443,False
24444,False
24445,False
24446,True
24447,True
24448,True
24449,False
24450,False
24451,False
24452,False
24453,False
24454,True
24455,True
24456,True
24457,True
24458,False
24459,False
24460,False
24461,False
24462,True
24463,False
24464,False
24465,False
24466,False
24467,True
24468,True
24469,True
24470,True
24471,False
24472,False
24473,False
24474,False
24475,False
24476,False
24477,False
24478,False
24479,False
24480,False
24481,False
24482,False
24483,False
24484,False
24485,True
24486,False
24487,False
24488,False
24489,False
24490,True
24491,False
24492,False
24493,True
24494,False
24495,False
24496,False
24497,False
24498,True
24499,True
24500,False
24501,False
24502,False
24503,False
24504,True
24505,True
24506,False
24507,False
24508,False
24509,False
24510,False
24511,False
24512,True
24513,False
24514,False
24515,False
24516,True
24517,False
24518,False
24519,True
24520,False
24521,False
24522,True
24523,True
24524,False
24525,False
24526,False
24527,False
24528,False
24529,False
24530,True
24531,True
24532,False
24533,True
24534,False
24535,False
24536,False
24537,False
24538,False
24539,True
24540,True
24541,True
24542,True
24543,False
24544,False
24545,False
24546,False
24547,False
24548,False
24549,False
24550,True
24551,True
24552,True
24553,True
24554,False
24555,True
24556,False
24557,False
24558,False
24559,False
24560,True
24561,False
24562,True
24563,True
24564,False
24565,False
24566,False
24567,False
24568,False
24569,False
24570,True
24571,False
24572,False
24573,False
24574,False
24575,False
24576,False
24577,True
24578,False
24579,False
24580,False
24581,False
24582,False
24583,False
24584,False
24585,False
24586,False
24587,False
24588,False
24589,False
24590,False
24591,True
24592,True
24593,False
24594,True
24595,False
24596,False
24597,False
24598,False
24599,False
24600,False
24601,False
24602,False
24603,False
24604,False
24605,True
24606,False
24607,False
24608,False
24609,False
24610,False
24611,True
24612,False
24613,False
24614,False
24615,False
24616,False
24617,False
24618,True
24619,False
24620,True
24621,True
24622,False
24623,False
24624,False
24625,True
24626,True
24627,False
24628,False
24629,False
24630,False
24631,False
24632,False
24633,False
24634,False
24635,False
24636,False
24637,False
24638,True
24639,False
24640,False
24641,False
24642,True
24643,False
24644,False
24645,True
24646,False
24647,False
24648,False
24649,False
24650,True
24651,True
24652,True
24653,False
24654,False
24655,False
24656,False
24657,False
24658,False
24659,False
24660,False
24661,False
24662,False
24663,False
24664,False
24665,False
24666,False
24667,False
24668,True
24669,True
24670,False
24671,False
24672,False
24673,True
24674,True
24675,True
24676,True
24677,True
24678,True
24679,False
24680,False
24681,False
24682,True
24683,False
24684,True
24685,True
24686,False
24687,False
24688,False
24689,False
24690,False
24691,False
24692,False
24693,False
24694,False
24695,False
24696,False
24697,False
24698,True
24699,False
24700,False
24701,False
24702,False
24703,True
24704,True
24705,False
24706,False
24707,False
24708,False
24709,True
24710,True
24711,False
24712,False
24713,False
24714,False
24715,False
24716,False
24717,False
24718,False
24719,False
24720,False
24721,False
24722,False
24723,False
24724,False
24725,False
24726,False
24727,False
24728,True
24729,False
24730,False
24731,False
24732,False
24733,False
24734,False
24735,False
24736,False
24737,False
24738,False
24739,False
24740,False
24741,True
24742,True
24743,False
24744,False
24745,False
24746,True
24747,False
24748,False
24749,False
24750,True
24751,False
24752,False
24753,False
24754,False
24755,False
24756,False
24757,False
24758,False
24759,False
24760,True
24761,True
24762,False
24763,False
24764,False
24765,True
24766,False
24767,False
24768,False
24769,False
24770,False
24771,False
24772,False
24773,False
24774,True
24775,True
24776,True
24777,False
24778,False
24779,False
24780,False
24781,False
24782,False
24783,False
24784,False
24785,False
24786,False
24787,False
24788,False
24789,True
24790,False
24791,False
24792,False
24793,False
24794,False
24795,False
24796,False
24797,False
24798,False
24799,False
24800,False
24801,True
24802,False
24803,False
24804,False
24805,False
24806,False
24807,False
24808,False
24809,False
24810,False
24811,False
24812,False
24813,False
24814,False
24815,False
24816,False
24817,False
24818,False
24819,False
24820,False
24821,False
24822,False
24823,False
24824,True
24825,False
24826,False
24827,False
24828,False
24829,False
24830,False
24831,False
24832,False
24833,False
24834,False
24835,False
24836,False
24837,False
24838,True
24839,False
24840,False
24841,False
24842,False
24843,False
24844,True
24845,False
24846,False
24847,False
24848,False
24849,False
24850,False
24851,False
24852,False
24853,False
24854,False
24855,False
24856,False
24857,False
24858,False
24859,False
24860,True
24861,False
24862,False
24863,False
24864,False
24865,False
24866,True
24867,False
24868,False
24869,True
24870,False
24871,False
24872,False
24873,True
24874,True
24875,True
24876,False
24877,False
24878,False
24879,False
24880,False
24881,False
24882,False
24883,False
24884,False
24885,True
24886,False
24887,False
24888,False
24889,False
24890,False
24891,False
24892,False
24893,False
24894,False
24895,False
24896,False
24897,False
24898,False
24899,False
24900,False
24901,False
24902,False
24903,False
24904,False
24905,False
24906,True
24907,False
24908,False
24909,False
24910,False
24911,False
24912,False
24913,False
24914,False
24915,False
24916,False
24917,False
24918,False
24919,False
24920,False
24921,False
24922,True
24923,False
24924,False
24925,False
24926,True
24927,False
24928,True
24929,False
24930,False
24931,False
24932,False
24933,False
24934,False
24935,False
24936,False
24937,False
24938,False
24939,False
24940,False
24941,False
24942,False
24943,False
24944,False
24945,False
24946,False
24947,False
24948,False
24949,False
24950,False
24951,False
24952,False
24953,False
24954,False
24955,False
24956,False
24957,False
24958,False
24959,True
24960,False
24961,False
24962,False
24963,False
24964,False
24965,False
24966,False
24967,False
24968,False
24969,False
24970,True
24971,False
24972,False
24973,False
24974,True
24975,True
24976,False
24977,False
24978,False
24979,False
24980,True
24981,False
24982,True
24983,False
24984,False
24985,False
24986,True
24987,False
24988,False
24989,True
24990,False
24991,True
24992,False
24993,False
24994,False
24995,False
24996,False
24997,True
24998,False
24999,True
25000,False
25001,True
25002,False
25003,False
25004,False
25005,False
25006,False
25007,False
25008,False
25009,False
25010,False
25011,False
25012,False
25013,False
25014,False
25015,False
25016,False
25017,False
25018,False
25019,False
25020,False
25021,False
25022,False
25023,False
25024,True
25025,True
25026,False
25027,True
25028,True
25029,False
25030,False
25031,False
25032,True
25033,False
25034,False
25035,False
25036,False
25037,False
25038,False
25039,False
25040,False
25041,False
25042,False
25043,False
25044,False
25045,False
25046,False
25047,False
25048,False
25049,False
25050,False
25051,False
25052,True
25053,False
25054,False
25055,False
25056,False
25057,False
25058,False
25059,False
25060,True
25061,False
25062,False
25063,False
25064,False
25065,False
25066,True
25067,True
25068,False
25069,True
25070,False
25071,False
25072,False
25073,False
25074,False
25075,False
25076,True
25077,True
25078,True
25079,True
25080,False
25081,False
25082,True
25083,True
25084,True
25085,False
25086,False
25087,False
25088,False
25089,False
25090,False
25091,False
25092,False
25093,False
25094,False
25095,False
25096,False
25097,False
25098,False
25099,True
25100,False
25101,False
25102,False
25103,False
25104,False
25105,False
25106,False
25107,False
25108,False
25109,False
25110,False
25111,False
25112,False
25113,True
25114,False
25115,False
25116,False
25117,False
25118,False
25119,False
25120,False
25121,False
25122,True
25123,True
25124,False
25125,False
25126,True
25127,False
25128,False
25129,True
25130,False
25131,True
25132,False
25133,True
25134,False
25135,False
25136,False
25137,False
25138,False
25139,False
25140,False
25141,False
25142,False
25143,True
25144,False
25145,False
25146,False
25147,False
25148,True
25149,False
25150,True
25151,True
25152,False
25153,False
25154,False
25155,False
25156,True
25157,True
25158,False
25159,False
25160,False
25161,False
25162,False
25163,False
25164,False
25165,False
25166,False
25167,False
25168,False
25169,False
25170,False
25171,False
25172,True
25173,False
25174,True
25175,True
25176,False
25177,False
25178,False
25179,False
25180,False
25181,False
25182,True
25183,False
25184,False
25185,True
25186,False
25187,False
25188,True
25189,False
25190,True
25191,False
25192,False
25193,False
25194,False
25195,False
25196,False
25197,True
25198,False
25199,False
25200,False
25201,False
25202,False
25203,False
25204,False
25205,False
25206,True
25207,False
25208,True
25209,False
25210,False
25211,False
25212,False
25213,True
25214,True
25215,True
25216,True
25217,False
25218,False
25219,False
25220,False
25221,False
25222,False
25223,False
25224,False
25225,False
25226,False
25227,False
25228,False
25229,False
25230,False
25231,False
25232,False
25233,False
25234,False
25235,False
25236,True
25237,False
25238,False
25239,False
25240,False
25241,False
25242,False
25243,False
25244,False
25245,False
25246,True
25247,True
25248,False
25249,False
25250,False
25251,False
25252,False
25253,False
25254,True
25255,False
25256,False
25257,False
25258,False
25259,False
25260,False
25261,False
25262,False
25263,False
25264,True
25265,False
25266,True
25267,False
25268,False
25269,False
25270,False
25271,False
25272,False
25273,True
25274,False
25275,True
25276,False
25277,True
25278,False
25279,False
25280,False
25281,False
25282,False
25283,True
25284,True
25285,False
25286,False
25287,False
25288,False
25289,False
25290,False
25291,False
25292,False
25293,True
25294,False
25295,False
25296,False
25297,True
25298,True
25299,False
25300,False
25301,True
25302,False
25303,False
25304,True
25305,False
25306,False
25307,True
25308,False
25309,False
25310,False
25311,False
25312,False
25313,True
25314,False
25315,False
25316,False
25317,False
25318,False
25319,False
25320,False
25321,False
25322,False
25323,False
25324,False
25325,False
25326,False
25327,False
25328,True
25329,False
25330,False
25331,True
25332,True
25333,False
25334,False
25335,False
25336,False
25337,False
25338,True
25339,False
25340,False
25341,False
25342,False
25343,False
25344,False
25345,False
25346,False
25347,False
25348,True
25349,False
25350,False
25351,False
25352,True
25353,False
25354,True
25355,False
25356,False
25357,True
25358,False
25359,False
25360,False
25361,False
25362,False
25363,True
25364,True
25365,False
25366,True
25367,False
25368,False
25369,False
25370,True
25371,False
25372,False
25373,False
25374,False
25375,False
25376,False
25377,False
25378,True
25379,False
25380,True
25381,True
25382,True
25383,False
25384,False
25385,False
25386,False
25387,False
25388,False
25389,False
25390,False
25391,True
25392,False
25393,True
25394,True
25395,True
25396,False
25397,False
25398,False
25399,False
25400,False
25401,True
25402,False
25403,True
25404,True
25405,True
25406,True
25407,True
25408,False
25409,False
25410,True
25411,True
25412,True
25413,False
25414,True
25415,True
25416,False
25417,False
25418,True
25419,False
25420,False
25421,False
25422,True
25423,False
25424,False
25425,False
25426,False
25427,False
25428,False
25429,False
25430,False
25431,False
25432,True
25433,False
25434,False
25435,False
25436,False
25437,False
25438,False
25439,False
25440,True
25441,False
25442,True
25443,False
25444,False
25445,False
25446,False
25447,False
25448,False
25449,True
25450,False
25451,False
25452,False
25453,False
25454,True
25455,True
25456,False
25457,False
25458,False
25459,True
25460,False
25461,False
25462,False
25463,False
25464,False
25465,False
25466,False
25467,True
25468,False
25469,False
25470,False
25471,True
25472,False
25473,False
25474,False
25475,True
25476,True
25477,True
25478,True
25479,False
25480,False
25481,False
25482,True
25483,False
25484,False
25485,False
25486,False
25487,False
25488,False
25489,False
25490,True
25491,True
25492,False
25493,False
25494,False
25495,False
25496,False
25497,False
25498,True
25499,False
25500,False
25501,False
25502,False
25503,False
25504,False
25505,False
25506,False
25507,False
25508,False
25509,False
25510,False
25511,False
25512,False
25513,False
25514,False
25515,False
25516,False
25517,False
25518,False
25519,True
25520,True
25521,False
25522,False
25523,False
25524,False
25525,False
25526,True
25527,False
25528,True
25529,True
25530,True
25531,False
25532,False
25533,False
25534,False
25535,False
25536,False
25537,False
25538,False
25539,True
25540,False
25541,False
25542,True
25543,False
25544,False
25545,False
25546,False
25547,False
25548,False
25549,False
25550,False
25551,False
25552,False
25553,False
25554,False
25555,False
25556,False
25557,True
25558,True
25559,True
25560,False
25561,False
25562,False
25563,False
25564,False
25565,False
25566,True
25567,False
25568,False
25569,True
25570,False
25571,False
25572,False
25573,False
25574,True
25575,False
25576,True
25577,False
25578,True
25579,False
25580,False
25581,False
25582,False
25583,False
25584,False
25585,True
25586,True
25587,False
25588,False
25589,False
25590,False
25591,True
25592,True
25593,False
25594,False
25595,True
25596,False
25597,False
25598,False
25599,False
25600,False
25601,False
25602,False
25603,False
25604,False
25605,False
25606,True
25607,False
25608,False
25609,True
25610,False
25611,False
25612,True
25613,False
25614,False
25615,True
25616,False
25617,False
25618,False
25619,True
25620,True
25621,False
25622,False
25623,True
25624,True
25625,False
25626,False
25627,False
25628,False
25629,False
25630,False
25631,False
25632,False
25633,True
25634,False
25635,False
25636,False
25637,False
25638,False
25639,True
25640,False
25641,False
25642,False
25643,False
25644,True
25645,True
25646,False
25647,False
25648,True
25649,False
25650,False
25651,False
25652,False
25653,False
25654,False
25655,False
25656,True
25657,True
25658,True
25659,False
25660,True
25661,True
25662,True
25663,False
25664,True
25665,False
25666,False
25667,False
25668,False
25669,True
25670,False
25671,False
25672,False
25673,False
25674,False
25675,False
25676,False
25677,False
25678,False
25679,False
25680,False
25681,False
25682,True
25683,False
25684,False
25685,False
25686,True
25687,True
25688,False
25689,False
25690,False
25691,False
25692,True
25693,False
25694,True
25695,True
25696,True
25697,False
25698,False
25699,False
25700,False
25701,False
25702,False
25703,False
25704,True
25705,False
25706,True
25707,False
25708,False
25709,False
25710,True
25711,True
25712,False
25713,False
25714,False
25715,False
25716,False
25717,False
25718,True
25719,True
25720,False
25721,False
25722,False
25723,False
25724,False
25725,True
25726,False
25727,False
25728,False
25729,False
25730,False
25731,False
25732,False
25733,False
25734,False
25735,False
25736,False
25737,False
25738,False
25739,False
25740,False
25741,False
25742,False
25743,False
25744,False
25745,False
25746,False
25747,False
25748,False
25749,False
25750,False
25751,False
25752,False
25753,False
25754,False
25755,False
25756,False
25757,True
25758,False
25759,True
25760,False
25761,False
25762,False
25763,False
25764,False
25765,False
25766,False
25767,False
25768,False
25769,False
25770,False
25771,True
25772,False
25773,False
25774,True
25775,False
25776,True
25777,False
25778,True
25779,False
25780,False
25781,False
25782,False
25783,True
25784,False
25785,True
25786,False
25787,False
25788,False
25789,True
25790,False
25791,False
25792,True
25793,True
25794,False
25795,True
25796,False
25797,False
25798,False
25799,False
25800,False
25801,False
25802,True
25803,False
25804,False
25805,False
25806,False
25807,False
25808,True
25809,True
25810,False
25811,True
25812,False
25813,False
25814,False
25815,False
25816,False
25817,False
25818,False
25819,False
25820,False
25821,True
25822,False
25823,True
25824,False
25825,True
25826,False
25827,False
25828,False
25829,False
25830,False
25831,False
25832,False
25833,False
25834,False
25835,False
25836,False
25837,False
25838,False
25839,False
25840,True
25841,False
25842,False
25843,True
25844,True
25845,True
25846,False
25847,False
25848,False
25849,True
25850,True
25851,True
25852,False
25853,False
25854,False
25855,False
25856,False
25857,False
25858,False
25859,False
25860,False
25861,True
25862,False
25863,False
25864,False
25865,False
25866,False
25867,False
25868,True
25869,False
25870,False
25871,False
25872,False
25873,False
25874,False
25875,False
25876,False
25877,False
25878,False
25879,False
25880,False
25881,False
25882,False
25883,False
25884,False
25885,False
25886,False
25887,False
25888,False
25889,False
25890,False
25891,False
25892,False
25893,False
25894,False
25895,True
25896,False
25897,False
25898,True
25899,False
25900,False
25901,True
25902,True
25903,False
25904,False
25905,False
25906,False
25907,False
25908,False
25909,False
25910,True
25911,False
25912,False
25913,False
25914,False
25915,False
25916,False
25917,False
25918,False
25919,False
25920,False
25921,False
25922,False
25923,False
25924,False
25925,True
25926,False
25927,False
25928,True
25929,True
25930,False
25931,True
25932,False
25933,False
25934,False
25935,False
25936,False
25937,True
25938,False
25939,False
25940,False
25941,False
25942,False
25943,False
25944,False
25945,False
25946,False
25947,False
25948,False
25949,False
25950,False
25951,False
25952,True
25953,True
25954,True
25955,False
25956,False
25957,False
25958,True
25959,False
25960,False
25961,False
25962,True
25963,True
25964,True
25965,False
25966,False
25967,True
25968,False
25969,False
25970,False
25971,False
25972,False
25973,False
25974,False
25975,True
25976,False
25977,True
25978,False
25979,True
25980,True
25981,False
25982,False
25983,False
25984,False
25985,False
25986,False
25987,True
25988,False
25989,False
25990,False
25991,False
25992,False
25993,False
25994,False
25995,False
25996,False
25997,True
25998,False
25999,True
26000,True
26001,False
26002,True
26003,True
26004,False
26005,True
26006,True
26007,True
26008,True
26009,False
26010,False
26011,False
26012,False
26013,False
26014,False
26015,False
26016,False
26017,True
26018,False
26019,False
26020,False
26021,False
26022,False
26023,False
26024,False
26025,False
26026,False
26027,False
26028,False
26029,False
26030,False
26031,False
26032,False
26033,False
26034,False
26035,False
26036,True
26037,True
26038,True
26039,False
26040,False
26041,False
26042,False
26043,True
26044,True
26045,False
26046,False
26047,False
26048,False
26049,False
26050,False
26051,True
26052,False
26053,False
26054,False
26055,False
26056,False
26057,False
26058,False
26059,False
26060,False
26061,False
26062,False
26063,False
26064,False
26065,False
26066,False
26067,False
26068,False
26069,False
26070,False
26071,True
26072,False
26073,True
26074,False
26075,True
26076,False
26077,False
26078,True
26079,False
26080,False
26081,False
26082,False
26083,False
26084,False
26085,False
26086,False
26087,False
26088,False
26089,False
26090,False
26091,False
26092,False
26093,False
26094,False
26095,False
26096,False
26097,False
26098,False
26099,False
26100,False
26101,False
26102,False
26103,True
26104,False
26105,False
26106,False
26107,False
26108,False
26109,False
26110,True
26111,False
26112,False
26113,False
26114,False
26115,True
26116,False
26117,True
26118,True
26119,False
26120,False
26121,True
26122,False
26123,False
26124,True
26125,False
26126,False
26127,False
26128,False
26129,False
26130,False
26131,False
26132,True
26133,True
26134,False
26135,False
26136,False
26137,False
26138,False
26139,True
26140,False
26141,False
26142,False
26143,False
26144,False
26145,False
26146,False
26147,False
26148,False
26149,False
26150,False
26151,True
26152,True
26153,False
26154,False
26155,False
26156,False
26157,True
26158,True
26159,True
26160,True
26161,True
26162,False
26163,False
26164,False
26165,False
26166,False
26167,False
26168,False
26169,True
26170,False
26171,False
26172,True
26173,True
26174,False
26175,False
26176,False
26177,False
26178,False
26179,False
26180,False
26181,False
26182,False
26183,True
26184,True
26185,False
26186,False
26187,False
26188,False
26189,False
26190,False
26191,False
26192,True
26193,False
26194,False
26195,False
26196,False
26197,False
26198,False
26199,True
26200,False
26201,False
26202,False
26203,True
26204,False
26205,False
26206,False
26207,False
26208,False
26209,True
26210,False
26211,False
26212,True
26213,False
26214,True
26215,True
26216,False
26217,False
26218,False
26219,False
26220,False
26221,False
26222,True
26223,True
26224,True
26225,True
26226,False
26227,False
26228,False
26229,False
26230,True
26231,True
26232,False
26233,False
26234,True
26235,True
26236,False
26237,False
26238,False
26239,False
26240,True
26241,True
26242,True
26243,True
26244,False
26245,False
26246,False
26247,False
26248,False
26249,False
26250,False
26251,False
26252,False
26253,False
26254,False
26255,False
26256,False
26257,False
26258,False
26259,False
26260,False
26261,False
26262,False
26263,False
26264,True
26265,False
26266,False
26267,False
26268,False
26269,False
26270,False
26271,False
26272,True
26273,False
26274,False
26275,False
26276,False
26277,True
26278,False
26279,False
26280,True
26281,False
26282,False
26283,False
26284,False
26285,False
26286,False
26287,False
26288,True
26289,False
26290,False
26291,False
26292,False
26293,True
26294,True
26295,False
26296,True
26297,False
26298,False
26299,False
26300,False
26301,False
26302,False
26303,False
26304,False
26305,False
26306,False
26307,False
26308,False
26309,False
26310,True
26311,False
26312,False
26313,False
26314,False
26315,False
26316,False
26317,False
26318,False
26319,True
26320,False
26321,False
26322,False
26323,True
26324,False
26325,False
26326,False
26327,False
26328,False
26329,False
26330,False
26331,False
26332,False
26333,False
26334,False
26335,True
26336,False
26337,False
26338,False
26339,False
26340,False
26341,False
26342,False
26343,False
26344,False
26345,False
26346,False
26347,False
26348,False
26349,False
26350,False
26351,True
26352,True
26353,False
26354,False
26355,False
26356,False
26357,False
26358,False
26359,False
26360,True
26361,False
26362,False
26363,False
26364,False
26365,True
26366,True
26367,False
26368,False
26369,False
26370,False
26371,False
26372,False
26373,True
26374,True
26375,True
26376,False
26377,False
26378,True
26379,False
26380,True
26381,False
26382,True
26383,True
26384,True
26385,True
26386,True
26387,True
26388,True
26389,True
26390,True
26391,False
26392,False
26393,False
26394,False
26395,False
26396,False
26397,False
26398,False
26399,False
26400,False
26401,False
26402,False
26403,False
26404,False
26405,False
26406,False
26407,False
26408,True
26409,False
26410,False
26411,False
26412,False
26413,False
26414,False
26415,False
26416,True
26417,False
26418,True
26419,False
26420,False
26421,False
26422,True
26423,False
26424,True
26425,True
26426,False
26427,False
26428,False
26429,True
26430,False
26431,True
26432,False
26433,False
26434,False
26435,False
26436,True
26437,False
26438,False
26439,False
26440,True
26441,False
26442,False
26443,True
26444,False
26445,True
26446,False
26447,True
26448,False
26449,False
26450,False
26451,False
26452,True
26453,False
26454,False
26455,False
26456,False
26457,False
26458,True
26459,False
26460,False
26461,False
26462,False
26463,False
26464,False
26465,False
26466,False
26467,False
26468,False
26469,False
26470,False
26471,False
26472,True
26473,False
26474,False
26475,False
26476,False
26477,False
26478,False
26479,True
26480,False
26481,True
26482,True
26483,False
26484,True
26485,False
26486,False
26487,False
26488,False
26489,False
26490,False
26491,False
26492,False
26493,True
26494,True
26495,False
26496,False
26497,False
26498,False
26499,False
26500,False
26501,True
26502,False
26503,True
26504,False
26505,False
26506,False
26507,False
26508,False
26509,False
26510,False
26511,False
26512,False
26513,False
26514,False
26515,False
26516,False
26517,False
26518,False
26519,False
26520,False
26521,True
26522,False
26523,False
26524,False
26525,False
26526,False
26527,False
26528,False
26529,False
26530,False
26531,False
26532,True
26533,False
26534,False
26535,False
26536,False
26537,False
26538,False
26539,False
26540,False
26541,False
26542,False
26543,False
26544,False
26545,False
26546,False
26547,False
26548,False
26549,False
26550,False
26551,False
26552,False
26553,False
26554,False
26555,False
26556,True
26557,True
26558,True
26559,False
26560,False
26561,False
26562,False
26563,False
26564,False
26565,False
26566,False
26567,True
26568,True
26569,False
26570,True
26571,False
26572,False
26573,False
26574,True
26575,False
26576,False
26577,True
26578,False
26579,False
26580,False
26581,False
26582,False
26583,False
26584,False
26585,False
26586,True
26587,False
26588,False
26589,False
26590,False
26591,False
26592,False
26593,False
26594,False
26595,False
26596,False
26597,True
26598,True
26599,False
26600,False
26601,False
26602,False
26603,False
26604,True
26605,False
26606,False
26607,False
26608,False
26609,False
26610,False
26611,False
26612,False
26613,False
26614,False
26615,False
26616,True
26617,False
26618,False
26619,False
26620,False
26621,False
26622,True
26623,False
26624,False
26625,False
26626,False
26627,True
26628,False
26629,False
26630,False
26631,False
26632,False
26633,False
26634,False
26635,False
26636,True
26637,False
26638,False
26639,False
26640,False
26641,False
26642,False
26643,True
26644,False
26645,False
26646,False
26647,False
26648,False
26649,False
26650,False
26651,False
26652,False
26653,True
26654,False
26655,True
26656,True
26657,True
26658,False
26659,False
26660,False
26661,False
26662,False
26663,False
26664,False
26665,True
26666,True
26667,False
26668,True
26669,False
26670,False
26671,False
26672,False
26673,False
26674,False
26675,False
26676,False
26677,False
26678,False
26679,True
26680,True
26681,False
26682,False
26683,False
26684,False
26685,False
26686,False
26687,False
26688,True
26689,False
26690,False
26691,False
26692,False
26693,True
26694,True
26695,False
26696,False
26697,False
26698,False
26699,True
26700,False
26701,False
26702,False
26703,False
26704,True
26705,False
26706,False
26707,False
26708,False
26709,False
26710,True
26711,True
26712,True
26713,True
26714,False
26715,False
26716,False
26717,False
26718,False
26719,False
26720,False
26721,False
26722,True
26723,False
26724,False
26725,False
26726,False
26727,True
26728,False
26729,True
26730,False
26731,False
26732,False
26733,False
26734,False
26735,False
26736,False
26737,False
26738,True
26739,False
26740,False
26741,False
26742,False
26743,True
26744,False
26745,False
26746,False
26747,False
26748,False
26749,False
26750,False
26751,False
26752,False
26753,False
26754,False
26755,False
26756,True
26757,False
26758,False
26759,False
26760,True
26761,True
26762,False
26763,False
26764,False
26765,False
26766,True
26767,False
26768,False
26769,False
26770,True
26771,False
26772,False
26773,False
26774,False
26775,False
26776,False
26777,False
26778,True
26779,True
26780,False
26781,True
26782,True
26783,False
26784,True
26785,False
26786,True
26787,True
26788,False
26789,False
26790,False
26791,True
26792,True
26793,True
26794,True
26795,False
26796,False
26797,False
26798,False
26799,False
26800,False
26801,False
26802,False
26803,True
26804,True
26805,True
26806,False
26807,False
26808,False
26809,False
26810,True
26811,False
26812,False
26813,False
26814,True
26815,False
26816,False
26817,False
26818,False
26819,False
26820,False
26821,True
26822,False
26823,True
26824,False
26825,False
26826,True
26827,False
26828,True
26829,False
26830,False
26831,False
26832,False
26833,False
26834,False
26835,False
26836,False
26837,True
26838,False
26839,False
26840,False
26841,False
26842,False
26843,False
26844,False
26845,False
26846,False
26847,False
26848,True
26849,False
26850,False
26851,True
26852,False
26853,False
26854,False
26855,False
26856,False
26857,True
26858,False
26859,False
26860,False
26861,False
26862,False
26863,False
26864,False
26865,False
26866,False
26867,False
26868,True
26869,True
26870,True
26871,False
26872,False
26873,False
26874,False
26875,False
26876,False
26877,False
26878,False
26879,False
26880,False
26881,False
26882,False
26883,True
26884,False
26885,False
26886,False
26887,False
26888,False
26889,False
26890,True
26891,False
26892,False
26893,False
26894,False
26895,False
26896,True
26897,False
26898,False
26899,False
26900,False
26901,True
26902,False
26903,False
26904,True
26905,False
26906,False
26907,False
26908,True
26909,True
26910,False
26911,False
26912,False
26913,False
26914,False
26915,False
26916,False
26917,False
26918,True
26919,False
26920,False
26921,False
26922,False
26923,False
26924,True
26925,False
26926,False
26927,False
26928,False
26929,True
26930,True
26931,True
26932,False
26933,False
26934,False
26935,True
26936,False
26937,False
26938,False
26939,False
26940,False
26941,True
26942,False
26943,True
26944,False
26945,False
26946,False
26947,False
26948,False
26949,False
26950,False
26951,False
26952,False
26953,False
26954,False
26955,False
26956,False
26957,False
26958,False
26959,True
26960,False
26961,False
26962,False
26963,False
26964,False
26965,True
26966,True
26967,False
26968,True
26969,True
26970,False
26971,True
26972,False
26973,True
26974,True
26975,True
26976,False
26977,False
26978,False
26979,False
26980,False
26981,False
26982,False
26983,False
26984,True
26985,False
26986,False
26987,False
26988,False
26989,False
26990,False
26991,False
26992,False
26993,False
26994,False
26995,False
26996,False
26997,False
26998,False
26999,False
27000,False
27001,True
27002,False
27003,False
27004,False
27005,False
27006,False
27007,False
27008,True
27009,False
27010,False
27011,False
27012,True
27013,True
27014,False
27015,False
27016,False
27017,False
27018,False
27019,True
27020,False
27021,False
27022,True
27023,True
27024,False
27025,False
27026,True
27027,False
27028,True
27029,False
27030,True
27031,True
27032,True
27033,True
27034,False
27035,False
27036,True
27037,False
27038,False
27039,False
27040,False
27041,True
27042,False
27043,False
27044,False
27045,True
27046,False
27047,False
27048,False
27049,False
27050,False
27051,False
27052,False
27053,False
27054,True
27055,False
27056,False
27057,False
27058,False
27059,True
27060,True
27061,True
27062,True
27063,False
27064,True
27065,False
27066,True
27067,True
27068,True
27069,False
27070,False
27071,False
27072,False
27073,False
27074,False
27075,False
27076,False
27077,False
27078,False
27079,True
27080,False
27081,False
27082,True
27083,False
27084,False
27085,False
27086,True
27087,True
27088,False
27089,True
27090,False
27091,False
27092,True
27093,False
27094,True
27095,True
27096,False
27097,False
27098,False
27099,False
27100,False
27101,False
27102,False
27103,False
27104,False
27105,False
27106,True
27107,False
27108,False
27109,False
27110,False
27111,False
27112,False
27113,False
27114,True
27115,True
27116,True
27117,True
27118,True
27119,False
27120,False
27121,False
27122,False
27123,False
27124,False
27125,False
27126,True
27127,False
27128,False
27129,True
27130,False
27131,False
27132,True
27133,False
27134,False
27135,True
27136,False
27137,False
27138,False
27139,False
27140,False
27141,False
27142,False
27143,False
27144,False
27145,False
27146,False
27147,False
27148,False
27149,False
27150,False
27151,False
27152,False
27153,False
27154,False
27155,False
27156,False
27157,True
27158,True
27159,False
27160,False
27161,True
27162,False
27163,False
27164,False
27165,False
27166,False
27167,True
27168,False
27169,False
27170,False
27171,False
27172,False
27173,False
27174,False
27175,False
27176,False
27177,False
27178,False
27179,False
27180,False
27181,False
27182,False
27183,False
27184,False
27185,True
27186,False
27187,False
27188,False
27189,False
27190,False
27191,False
27192,False
27193,True
27194,False
27195,False
27196,False
27197,False
27198,False
27199,True
27200,True
27201,False
27202,False
27203,False
27204,False
27205,False
27206,False
27207,False
27208,False
27209,False
27210,True
27211,False
27212,False
27213,False
27214,False
27215,False
27216,False
27217,False
27218,False
27219,False
27220,False
27221,True
27222,False
27223,False
27224,False
27225,False
27226,False
27227,False
27228,False
27229,False
27230,True
27231,False
27232,False
27233,True
27234,False
27235,False
27236,False
27237,False
27238,False
27239,False
27240,True
27241,False
27242,True
27243,False
27244,False
27245,False
27246,False
27247,False
27248,False
27249,True
27250,False
27251,False
27252,False
27253,False
27254,True
27255,False
27256,False
27257,True
27258,False
27259,False
27260,False
27261,True
27262,False
27263,False
27264,False
27265,False
27266,False
27267,True
27268,False
27269,False
27270,False
27271,True
27272,False
27273,False
27274,False
27275,False
27276,False
27277,False
27278,False
27279,False
27280,False
27281,False
27282,False
27283,False
27284,False
27285,False
27286,True
27287,True
27288,True
27289,False
27290,False
27291,False
27292,False
27293,False
27294,True
27295,False
27296,True
27297,False
27298,False
27299,False
27300,False
27301,False
27302,False
27303,False
27304,False
27305,False
27306,True
27307,False
27308,False
27309,True
27310,True
27311,False
27312,False
27313,False
27314,False
27315,False
27316,False
27317,False
27318,True
27319,False
27320,False
27321,False
27322,False
27323,False
27324,False
27325,True
27326,False
27327,False
27328,False
27329,False
27330,False
27331,True
27332,True
27333,False
27334,True
27335,False
27336,False
27337,False
27338,True
27339,True
27340,False
27341,False
27342,False
27343,True
27344,False
27345,False
27346,False
27347,False
27348,False
27349,False
27350,False
27351,False
27352,True
27353,True
27354,False
27355,False
27356,False
27357,False
27358,True
27359,False
27360,False
27361,False
27362,True
27363,False
27364,False
27365,False
27366,False
27367,True
27368,True
27369,True
27370,False
27371,False
27372,False
27373,False
27374,False
27375,False
27376,False
27377,False
27378,False
27379,False
27380,True
27381,False
27382,False
27383,False
27384,True
27385,True
27386,False
27387,True
27388,False
27389,False
27390,True
27391,False
27392,False
27393,True
27394,False
27395,True
27396,True
27397,False
27398,False
27399,True
27400,False
27401,True
27402,True
27403,False
27404,False
27405,False
27406,True
27407,False
27408,False
27409,False
27410,True
27411,False
27412,False
27413,False
27414,False
27415,False
27416,False
27417,False
27418,False
27419,False
27420,False
27421,False
27422,True
27423,False
27424,False
27425,False
27426,False
27427,True
27428,True
27429,True
27430,False
27431,True
27432,False
27433,False
27434,False
27435,False
27436,False
27437,False
27438,False
27439,False
27440,False
27441,True
27442,True
27443,False
27444,False
27445,False
27446,False
27447,True
27448,True
27449,False
27450,False
27451,False
27452,False
27453,False
27454,True
27455,True
27456,True
27457,True
27458,True
27459,False
27460,False
27461,False
27462,False
27463,False
27464,True
27465,False
27466,True
27467,False
27468,True
27469,False
27470,False
27471,False
27472,False
27473,False
27474,False
27475,False
27476,True
27477,True
27478,True
27479,True
27480,False
27481,True
27482,False
27483,False
27484,False
27485,False
27486,False
27487,False
27488,False
27489,False
27490,False
27491,False
27492,False
27493,False
27494,False
27495,False
27496,False
27497,True
27498,False
27499,False
27500,True
27501,False
27502,False
27503,False
27504,False
27505,True
27506,True
27507,False
27508,False
27509,False
27510,False
27511,False
27512,False
27513,False
27514,False
27515,False
27516,False
27517,False
27518,False
27519,True
27520,False
27521,False
27522,False
27523,False
27524,False
27525,False
27526,False
27527,False
27528,True
27529,False
27530,False
27531,False
27532,False
27533,True
27534,True
27535,True
27536,False
27537,False
27538,False
27539,False
27540,False
27541,False
27542,False
27543,False
27544,False
27545,False
27546,True
27547,True
27548,False
27549,False
27550,False
27551,False
27552,False
27553,False
27554,True
27555,True
27556,True
27557,False
27558,False
27559,True
27560,True
27561,True
27562,False
27563,False
27564,False
27565,False
27566,True
27567,False
27568,False
27569,False
27570,True
27571,True
27572,False
27573,False
27574,True
27575,False
27576,False
27577,False
27578,False
27579,False
27580,False
27581,False
27582,False
27583,False
27584,False
27585,False
27586,False
27587,False
27588,False
27589,False
27590,False
27591,True
27592,False
27593,False
27594,False
27595,False
27596,False
27597,False
27598,False
27599,True
27600,True
27601,True
27602,True
27603,False
27604,False
27605,False
27606,False
27607,False
27608,True
27609,False
27610,False
27611,False
27612,True
27613,False
27614,True
27615,False
27616,False
27617,True
27618,True
27619,False
27620,False
27621,False
27622,False
27623,True
27624,False
27625,False
27626,True
27627,False
27628,True
27629,False
27630,False
27631,False
27632,False
27633,False
27634,True
27635,False
27636,False
27637,False
27638,False
27639,False
27640,False
27641,False
27642,False
27643,True
27644,False
27645,False
27646,False
27647,False
27648,False
27649,False
27650,True
27651,True
27652,True
27653,False
27654,True
27655,False
27656,False
27657,False
27658,False
27659,False
27660,False
27661,False
27662,False
27663,True
27664,False
27665,False
27666,False
27667,False
27668,False
27669,False
27670,False
27671,False
27672,False
27673,False
27674,False
27675,False
27676,False
27677,False
27678,False
27679,False
27680,False
27681,False
27682,False
27683,False
27684,True
27685,False
27686,False
27687,False
27688,False
27689,False
27690,True
27691,False
27692,False
27693,False
27694,False
27695,True
27696,False
27697,False
27698,False
27699,False
27700,False
27701,False
27702,True
27703,False
27704,False
27705,False
27706,False
27707,True
27708,True
27709,False
27710,False
27711,False
27712,False
27713,False
27714,True
27715,False
27716,False
27717,False
27718,False
27719,True
27720,False
27721,False
27722,False
27723,False
27724,False
27725,False
27726,False
27727,False
27728,False
27729,False
27730,False
27731,False
27732,False
27733,False
27734,False
27735,True
27736,False
27737,False
27738,False
27739,True
27740,False
27741,False
27742,True
27743,False
27744,False
27745,True
27746,False
27747,True
27748,False
27749,False
27750,False
27751,False
27752,False
27753,False
27754,True
27755,False
27756,False
27757,False
27758,False
27759,False
27760,False
27761,False
27762,False
27763,True
27764,True
27765,False
27766,True
27767,False
27768,False
27769,True
27770,False
27771,False
27772,True
27773,False
27774,False
27775,True
27776,True
27777,False
27778,True
27779,False
27780,True
27781,False
27782,False
27783,False
27784,False
27785,False
27786,True
27787,False
27788,False
27789,False
27790,False
27791,False
27792,False
27793,False
27794,False
27795,True
27796,False
27797,False
27798,False
27799,False
27800,False
27801,False
27802,False
27803,False
27804,False
27805,False
27806,False
27807,False
27808,True
27809,False
27810,False
27811,True
27812,False
27813,False
27814,False
27815,False
27816,False
27817,False
27818,False
27819,False
27820,False
27821,False
27822,False
27823,False
27824,False
27825,False
27826,True
27827,True
27828,False
27829,False
27830,False
27831,False
27832,True
27833,False
27834,False
27835,False
27836,True
27837,False
27838,False
27839,True
27840,False
27841,False
27842,True
27843,False
27844,False
27845,False
27846,False
27847,False
27848,True
27849,False
27850,False
27851,False
27852,True
27853,False
27854,True
27855,False
27856,False
27857,False
27858,False
27859,False
27860,False
27861,False
27862,False
27863,True
27864,False
27865,True
27866,False
27867,True
27868,True
27869,False
27870,False
27871,True
27872,False
27873,True
27874,True
27875,False
27876,False
27877,False
27878,True
27879,False
27880,False
27881,False
27882,False
27883,True
27884,True
27885,False
27886,False
27887,False
27888,False
27889,True
27890,False
27891,False
27892,False
27893,True
27894,False
27895,False
27896,False
27897,False
27898,False
27899,True
27900,False
27901,True
27902,True
27903,True
27904,False
27905,True
27906,False
27907,False
27908,False
27909,False
27910,True
27911,False
27912,True
27913,True
27914,True
27915,False
27916,True
27917,False
27918,False
27919,False
27920,False
27921,False
27922,False
27923,False
27924,True
27925,False
27926,False
27927,True
27928,False
27929,True
27930,False
27931,True
27932,False
27933,True
27934,True
27935,False
27936,True
27937,False
27938,False
27939,False
27940,False
27941,False
27942,False
27943,False
27944,True
27945,True
27946,False
27947,False
27948,False
27949,False
27950,False
27951,False
27952,False
27953,False
27954,False
27955,False
27956,False
27957,False
27958,True
27959,False
27960,True
27961,False
27962,False
27963,False
27964,True
27965,True
27966,True
27967,False
27968,False
27969,False
27970,False
27971,False
27972,False
27973,False
27974,False
27975,False
27976,False
27977,False
27978,False
27979,True
27980,False
27981,True
27982,False
27983,False
27984,False
27985,False
27986,False
27987,False
27988,True
27989,False
27990,False
27991,False
27992,False
27993,False
27994,False
27995,False
27996,False
27997,False
27998,True
27999,False
28000,False
28001,False
28002,False
28003,False
28004,True
28005,False
28006,False
28007,False
28008,False
28009,False
28010,True
28011,False
28012,False
28013,True
28014,False
28015,True
28016,False
28017,False
28018,True
28019,False
28020,False
28021,True
28022,True
28023,True
28024,False
28025,False
28026,False
28027,False
28028,False
28029,False
28030,False
28031,False
28032,False
28033,False
28034,False
28035,False
28036,False
28037,False
28038,False
28039,False
28040,False
28041,False
28042,False
28043,False
28044,False
28045,False
28046,False
28047,True
28048,False
28049,False
28050,False
28051,False
28052,False
28053,False
28054,False
28055,False
28056,False
28057,False
28058,True
28059,True
28060,True
28061,True
28062,False
28063,False
28064,False
28065,False
28066,False
28067,False
28068,True
28069,False
28070,False
28071,False
28072,False
28073,False
28074,True
28075,False
28076,False
28077,False
28078,False
28079,False
28080,False
28081,True
28082,False
28083,False
28084,True
28085,False
28086,False
28087,True
28088,False
28089,False
28090,False
28091,False
28092,False
28093,False
28094,False
28095,False
28096,False
28097,False
28098,True
28099,False
28100,False
28101,False
28102,False
28103,False
28104,False
28105,True
28106,False
28107,False
28108,False
28109,False
28110,False
28111,False
28112,False
28113,False
28114,False
28115,True
28116,True
28117,False
28118,False
28119,False
28120,True
28121,False
28122,False
28123,True
28124,True
28125,False
28126,False
28127,False
28128,True
28129,False
28130,True
28131,True
28132,True
28133,False
28134,True
28135,False
28136,False
28137,False
28138,False
28139,False
28140,False
28141,False
28142,True
28143,False
28144,False
28145,False
28146,False
28147,True
28148,False
28149,True
28150,True
28151,False
28152,False
28153,False
28154,True
28155,False
28156,True
28157,False
28158,False
28159,False
28160,False
28161,True
28162,False
28163,False
28164,False
28165,False
28166,False
28167,False
28168,False
28169,False
28170,False
28171,False
28172,False
28173,False
28174,False
28175,True
28176,False
28177,True
28178,True
28179,False
28180,False
28181,False
28182,False
28183,False
28184,True
28185,False
28186,False
28187,True
28188,False
28189,False
28190,False
28191,False
28192,False
28193,False
28194,False
28195,False
28196,False
28197,False
28198,False
28199,False
28200,False
28201,False
28202,False
28203,False
28204,True
28205,False
28206,False
28207,False
28208,False
28209,True
28210,False
28211,False
28212,False
28213,False
28214,False
28215,False
28216,True
28217,False
28218,False
28219,True
28220,True
28221,True
28222,True
28223,False
28224,False
28225,True
28226,True
28227,True
28228,True
28229,False
28230,False
28231,False
28232,False
28233,False
28234,False
28235,False
28236,True
28237,False
28238,True
28239,True
28240,False
28241,True
28242,True
28243,False
28244,False
28245,False
28246,False
28247,False
28248,False
28249,True
28250,True
28251,False
28252,False
28253,False
28254,True
28255,False
28256,False
28257,False
28258,False
28259,False
28260,False
28261,True
28262,True
28263,True
28264,False
28265,False
28266,False
28267,False
28268,False
28269,False
28270,False
28271,True
28272,False
28273,False
28274,False
28275,False
28276,False
28277,False
28278,False
28279,False
28280,False
28281,False
28282,True
28283,True
28284,False
28285,False
28286,False
28287,False
28288,True
28289,False
28290,True
28291,True
28292,True
28293,False
28294,True
28295,True
28296,False
28297,True
28298,False
28299,False
28300,False
28301,True
28302,False
28303,True
28304,False
28305,False
28306,False
28307,False
28308,False
28309,False
28310,False
28311,False
28312,False
28313,False
28314,True
28315,False
28316,True
28317,False
28318,False
28319,False
28320,True
28321,False
28322,False
28323,False
28324,False
28325,True
28326,False
28327,False
28328,False
28329,False
28330,False
28331,False
28332,False
28333,False
28334,False
28335,True
28336,False
28337,False
28338,False
28339,True
28340,False
28341,False
28342,False
28343,False
28344,False
28345,False
28346,True
28347,False
28348,False
28349,False
28350,True
28351,True
28352,True
28353,False
28354,False
28355,True
28356,False
28357,True
28358,False
28359,False
28360,False
28361,False
28362,False
28363,False
28364,False
28365,False
28366,False
28367,False
28368,False
28369,False
28370,False
28371,False
28372,False
28373,True
28374,True
28375,False
28376,True
28377,False
28378,False
28379,False
28380,False
28381,True
28382,True
28383,False
28384,False
28385,False
28386,False
28387,False
28388,False
28389,False
28390,True
28391,False
28392,False
28393,False
28394,True
28395,True
28396,True
28397,True
28398,True
28399,False
28400,False
28401,False
28402,True
28403,False
28404,False
28405,False
28406,False
28407,True
28408,True
28409,False
28410,False
28411,True
28412,False
28413,False
28414,False
28415,False
28416,False
28417,True
28418,True
28419,True
28420,True
28421,False
28422,True
28423,True
28424,False
28425,False
28426,False
28427,False
28428,True
28429,True
28430,False
28431,False
28432,False
28433,False
28434,False
28435,True
28436,False
28437,True
28438,False
28439,True
28440,True
28441,False
28442,True
28443,False
28444,False
28445,True
28446,True
28447,True
28448,False
28449,True
28450,True
28451,False
28452,True
28453,False
28454,False
28455,False
28456,False
28457,True
28458,True
28459,False
28460,False
28461,False
28462,False
28463,False
28464,False
28465,False
28466,False
28467,True
28468,False
28469,False
28470,False
28471,False
28472,False
28473,False
28474,False
28475,False
28476,False
28477,False
28478,False
28479,False
28480,False
28481,False
28482,True
28483,False
28484,False
28485,False
28486,False
28487,True
28488,False
28489,True
28490,False
28491,True
28492,True
28493,True
28494,False
28495,True
28496,False
28497,False
28498,True
28499,False
28500,True
28501,False
28502,True
28503,True
28504,False
28505,True
28506,True
28507,False
28508,False
28509,False
28510,False
28511,False
28512,True
28513,False
28514,False
28515,False
28516,False
28517,True
28518,True
28519,False
28520,False
28521,False
28522,False
28523,False
28524,False
28525,False
28526,False
28527,True
28528,False
28529,True
28530,False
28531,False
28532,False
28533,False
28534,False
28535,True
28536,False
28537,False
28538,False
28539,True
28540,True
28541,False
28542,True
28543,False
28544,False
28545,False
28546,False
28547,True
28548,False
28549,False
28550,False
28551,False
28552,False
28553,False
28554,False
28555,False
28556,True
28557,False
28558,False
28559,False
28560,False
28561,True
28562,True
28563,False
28564,True
28565,False
28566,True
28567,False
28568,False
28569,True
28570,False
28571,True
28572,False
28573,True
28574,False
28575,True
28576,False
28577,False
28578,False
28579,False
28580,False
28581,True
28582,True
28583,True
28584,False
28585,True
28586,True
28587,False
28588,False
28589,False
28590,False
28591,False
28592,False
28593,True
28594,False
28595,False
28596,False
28597,False
28598,False
28599,False
28600,False
28601,False
28602,False
28603,False
28604,False
28605,True
28606,False
28607,False
28608,False
28609,False
28610,False
28611,True
28612,False
28613,False
28614,False
28615,False
28616,False
28617,False
28618,False
28619,False
28620,True
28621,True
28622,True
28623,False
28624,True
28625,False
28626,True
28627,False
28628,False
28629,False
28630,False
28631,False
28632,True
28633,True
28634,False
28635,False
28636,True
28637,False
28638,False
28639,False
28640,False
28641,False
28642,False
28643,True
28644,False
28645,False
28646,False
28647,False
28648,False
28649,True
28650,True
28651,True
28652,False
28653,False
28654,True
28655,True
28656,False
28657,False
28658,True
28659,False
28660,False
28661,False
28662,False
28663,False
28664,False
28665,False
28666,False
28667,False
28668,False
28669,True
28670,False
28671,True
28672,False
28673,False
28674,True
28675,True
28676,True
28677,False
28678,False
28679,False
28680,False
28681,False
28682,False
28683,False
28684,False
28685,True
28686,True
28687,True
28688,False
28689,True
28690,True
28691,False
28692,True
28693,False
28694,False
28695,True
28696,False
28697,False
28698,False
28699,True
28700,False
28701,True
28702,False
28703,False
28704,False
28705,False
28706,False
28707,False
28708,True
28709,False
28710,False
28711,False
28712,True
28713,True
28714,True
28715,True
28716,True
28717,True
28718,True
28719,False
28720,False
28721,False
28722,False
28723,False
28724,False
28725,False
28726,False
28727,False
28728,False
28729,False
28730,False
28731,False
28732,False
28733,False
28734,False
28735,False
28736,False
28737,False
28738,False
28739,True
28740,True
28741,False
28742,False
28743,False
28744,False
28745,False
28746,True
28747,False
28748,False
28749,False
28750,False
28751,False
28752,False
28753,False
28754,False
28755,False
28756,False
28757,True
28758,False
28759,False
28760,False
28761,True
28762,False
28763,False
28764,False
28765,False
28766,False
28767,False
28768,False
28769,False
28770,False
28771,True
28772,True
28773,False
28774,False
28775,True
28776,True
28777,False
28778,False
28779,False
28780,False
28781,True
28782,True
28783,True
28784,False
28785,True
28786,False
28787,True
28788,False
28789,False
28790,False
28791,False
28792,False
28793,False
28794,False
28795,False
28796,True
28797,False
28798,False
28799,False
28800,True
28801,True
28802,False
28803,False
28804,True
28805,True
28806,False
28807,False
28808,False
28809,False
28810,True
28811,True
28812,True
28813,False
28814,False
28815,False
28816,True
28817,False
28818,True
28819,False
28820,False
28821,False
28822,False
28823,True
28824,True
28825,False
28826,False
28827,True
28828,False
28829,False
28830,False
28831,False
28832,False
28833,False
28834,False
28835,False
28836,False
28837,False
28838,False
28839,True
28840,True
28841,False
28842,False
28843,False
28844,False
28845,False
28846,False
28847,False
28848,False
28849,True
28850,True
28851,False
28852,False
28853,False
28854,True
28855,True
28856,True
28857,False
28858,False
28859,False
28860,False
28861,False
28862,False
28863,False
28864,True
28865,True
28866,False
28867,False
28868,False
28869,False
28870,True
28871,False
28872,True
28873,False
28874,False
28875,False
28876,False
28877,True
28878,True
28879,False
28880,True
28881,False
28882,False
28883,False
28884,False
28885,False
28886,False
28887,False
28888,False
28889,False
28890,False
28891,False
28892,False
28893,True
28894,True
28895,False
28896,False
28897,True
28898,True
28899,True
28900,False
28901,False
28902,False
28903,False
28904,False
28905,True
28906,False
28907,False
28908,True
28909,False
28910,False
28911,True
28912,False
28913,False
28914,False
28915,True
28916,True
28917,False
28918,False
28919,False
28920,False
28921,False
28922,False
28923,False
28924,False
28925,False
28926,False
28927,False
28928,True
28929,False
28930,True
28931,True
28932,False
28933,True
28934,False
28935,False
28936,False
28937,False
28938,False
28939,False
28940,False
28941,True
28942,False
28943,True
28944,True
28945,False
28946,False
28947,False
28948,False
28949,False
28950,False
28951,True
28952,False
28953,False
28954,True
28955,True
28956,False
28957,False
28958,False
28959,False
28960,False
28961,False
28962,False
28963,False
28964,True
28965,True
28966,True
28967,False
28968,False
28969,False
28970,False
28971,False
28972,False
28973,True
28974,False
28975,True
28976,False
28977,False
28978,False
28979,True
28980,True
28981,True
28982,False
28983,True
28984,True
28985,True
28986,True
28987,False
28988,False
28989,False
28990,False
28991,False
28992,False
28993,False
28994,False
28995,False
28996,False
28997,False
28998,True
28999,True
29000,True
29001,True
29002,False
29003,False
29004,False
29005,False
29006,True
29007,False
29008,False
29009,False
29010,False
29011,False
29012,False
29013,True
29014,False
29015,False
29016,False
29017,True
29018,True
29019,True
29020,False
29021,False
29022,False
29023,False
29024,False
29025,False
29026,False
29027,True
29028,False
29029,False
29030,False
29031,True
29032,False
29033,False
29034,False
29035,False
29036,False
29037,False
29038,True
29039,False
29040,True
29041,False
29042,False
29043,False
29044,False
29045,True
29046,False
29047,False
29048,False
29049,False
29050,False
29051,False
29052,True
29053,False
29054,False
29055,True
29056,False
29057,False
29058,False
29059,False
29060,True
29061,False
29062,False
29063,False
29064,True
29065,False
29066,False
29067,False
29068,False
29069,False
29070,False
29071,False
29072,True
29073,True
29074,False
29075,False
29076,False
29077,False
29078,False
29079,False
29080,False
29081,False
29082,True
29083,True
29084,False
29085,False
29086,False
29087,False
29088,False
29089,False
29090,False
29091,False
29092,True
29093,False
29094,False
29095,True
29096,False
29097,False
29098,False
29099,True
29100,False
29101,False
29102,False
29103,False
29104,False
29105,False
29106,True
29107,False
29108,False
29109,True
29110,False
29111,False
29112,False
29113,True
29114,False
29115,True
29116,False
29117,True
29118,False
29119,True
29120,False
29121,False
29122,False
29123,True
29124,False
29125,False
29126,False
29127,False
29128,False
29129,False
29130,False
29131,False
29132,True
29133,False
29134,False
29135,False
29136,False
29137,False
29138,True
29139,False
29140,True
29141,False
29142,True
29143,False
29144,False
29145,False
29146,False
29147,False
29148,False
29149,False
29150,False
29151,False
29152,True
29153,False
29154,False
29155,False
29156,False
29157,False
29158,False
29159,False
29160,False
29161,False
29162,False
29163,False
29164,True
29165,False
29166,False
29167,True
29168,True
29169,False
29170,True
29171,False
29172,True
29173,True
29174,False
29175,True
29176,False
29177,False
29178,False
29179,False
29180,False
29181,False
29182,False
29183,False
29184,False
29185,False
29186,False
29187,False
29188,False
29189,False
29190,False
29191,False
29192,True
29193,True
29194,False
29195,False
29196,False
29197,False
29198,True
29199,True
29200,True
29201,False
29202,False
29203,False
29204,False
29205,False
29206,True
29207,True
29208,True
29209,False
29210,False
29211,False
29212,False
29213,False
29214,False
29215,False
29216,True
29217,False
29218,False
29219,False
29220,False
29221,True
29222,False
29223,False
29224,False
29225,True
29226,False
29227,False
29228,False
29229,False
29230,False
29231,False
29232,False
29233,False
29234,False
29235,False
29236,False
29237,False
29238,False
29239,False
29240,False
29241,False
29242,False
29243,False
29244,False
29245,False
29246,False
29247,True
29248,False
29249,False
29250,True
29251,False
29252,True
29253,True
29254,True
29255,True
29256,False
29257,True
29258,True
29259,False
29260,False
29261,True
29262,False
29263,False
29264,False
29265,True
29266,False
29267,False
29268,False
29269,False
29270,True
29271,True
29272,False
29273,False
29274,False
29275,False
29276,False
29277,False
29278,False
29279,False
29280,False
29281,True
29282,False
29283,False
29284,False
29285,True
29286,True
29287,True
29288,True
29289,False
29290,False
29291,False
29292,False
29293,False
29294,False
29295,False
29296,False
29297,False
29298,False
29299,False
29300,False
29301,False
29302,False
29303,False
29304,False
29305,False
29306,False
29307,False
29308,False
29309,False
29310,False
29311,False
29312,False
29313,False
29314,False
29315,False
29316,True
29317,False
29318,False
29319,True
29320,False
29321,True
29322,True
29323,False
29324,False
29325,False
29326,False
29327,False
29328,True
29329,False
29330,False
29331,False
29332,False
29333,False
29334,False
29335,True
29336,False
29337,False
29338,False
29339,False
29340,True
29341,False
29342,False
29343,False
29344,True
29345,False
29346,False
29347,True
29348,False
29349,False
29350,False
29351,False
29352,False
29353,True
29354,False
29355,False
29356,False
29357,True
29358,True
29359,True
29360,True
29361,False
29362,True
29363,True
29364,True
29365,False
29366,False
29367,False
29368,False
29369,False
29370,False
29371,False
29372,False
29373,False
29374,False
29375,False
29376,False
29377,False
29378,False
29379,False
29380,False
29381,False
29382,True
29383,False
29384,False
29385,False
29386,False
29387,True
29388,True
29389,False
29390,True
29391,False
29392,False
29393,False
29394,True
29395,True
29396,True
29397,False
29398,False
29399,False
29400,True
29401,False
29402,True
29403,False
29404,False
29405,True
29406,False
29407,True
29408,False
29409,False
29410,False
29411,True
29412,False
29413,False
29414,False
29415,False
29416,True
29417,False
29418,False
29419,False
29420,True
29421,False
29422,False
29423,False
29424,True
29425,False
29426,False
29427,True
29428,False
29429,False
29430,False
29431,False
29432,False
29433,True
29434,True
29435,True
29436,False
29437,True
29438,True
29439,False
29440,False
29441,False
29442,True
29443,False
29444,False
29445,False
29446,False
29447,True
29448,True
29449,True
29450,True
29451,False
29452,False
29453,False
29454,False
29455,True
29456,False
29457,False
29458,False
29459,True
29460,True
29461,True
29462,False
29463,False
29464,False
29465,False
29466,False
29467,False
29468,True
29469,True
29470,True
29471,False
29472,False
29473,True
29474,True
29475,False
29476,False
29477,True
29478,False
29479,True
29480,False
29481,False
29482,False
29483,True
29484,False
29485,False
29486,False
29487,False
29488,False
29489,False
29490,False
29491,False
29492,False
29493,False
29494,False
29495,False
29496,False
29497,False
29498,True
29499,False
29500,True
29501,False
29502,False
29503,True
29504,True
29505,True
29506,False
29507,False
29508,True
29509,True
29510,False
29511,False
29512,False
29513,False
29514,False
29515,True
29516,True
29517,True
29518,False
29519,False
29520,False
29521,False
29522,False
29523,False
29524,False
29525,False
29526,False
29527,False
29528,True
29529,False
29530,False
29531,False
29532,True
29533,True
29534,False
29535,False
29536,False
29537,False
29538,True
29539,True
29540,True
29541,True
29542,True
29543,False
29544,False
29545,False
29546,True
29547,True
29548,True
29549,False
29550,True
29551,True
29552,True
29553,True
29554,True
29555,False
29556,False
29557,False
29558,False
29559,False
29560,False
29561,False
29562,False
29563,False
29564,False
29565,False
29566,False
29567,False
29568,False
29569,True
29570,False
29571,True
29572,True
29573,False
29574,False
29575,False
29576,False
29577,False
29578,False
29579,True
29580,False
29581,False
29582,False
29583,False
29584,True
29585,False
29586,False
29587,False
29588,False
29589,True
29590,False
29591,False
29592,False
29593,False
29594,True
29595,False
29596,False
29597,False
29598,False
29599,True
29600,False
29601,True
29602,False
29603,True
29604,False
29605,False
29606,False
29607,False
29608,False
29609,True
29610,True
29611,False
29612,False
29613,False
29614,False
29615,False
29616,True
29617,True
29618,False
29619,False
29620,False
29621,False
29622,False
29623,False
29624,True
29625,False
29626,True
29627,True
29628,True
29629,True
29630,False
29631,True
29632,False
29633,False
29634,False
29635,False
29636,False
29637,False
29638,False
29639,False
29640,False
29641,True
29642,True
29643,False
29644,False
29645,False
29646,False
29647,True
29648,False
29649,False
29650,False
29651,False
29652,True
29653,False
29654,False
29655,False
29656,True
29657,False
29658,False
29659,False
29660,False
29661,False
29662,False
29663,False
29664,False
29665,False
29666,False
29667,False
29668,True
29669,False
29670,False
29671,False
29672,False
29673,True
29674,False
29675,False
29676,False
29677,False
29678,True
29679,False
29680,False
29681,False
29682,True
29683,True
29684,True
29685,True
29686,True
29687,False
29688,True
29689,False
29690,False
29691,False
29692,True
29693,True
29694,True
29695,True
29696,False
29697,False
29698,True
29699,False
29700,False
29701,False
29702,False
29703,False
29704,False
29705,True
29706,False
29707,False
29708,True
29709,True
29710,True
29711,False
29712,False
29713,False
29714,False
29715,False
29716,False
29717,True
29718,False
29719,False
29720,False
29721,False
29722,False
29723,False
29724,False
29725,False
29726,False
29727,False
29728,True
29729,True
29730,False
29731,False
29732,False
29733,False
29734,False
29735,False
29736,False
29737,False
29738,False
29739,False
29740,False
29741,True
29742,False
29743,False
29744,False
29745,False
29746,True
29747,True
29748,True
29749,False
29750,False
29751,False
29752,False
29753,False
29754,False
29755,True
29756,True
29757,False
29758,False
29759,False
29760,False
29761,False
29762,False
29763,True
29764,False
29765,False
29766,False
29767,False
29768,False
29769,False
29770,False
29771,False
29772,False
29773,False
29774,False
29775,True
29776,False
29777,True
29778,True
29779,False
29780,False
29781,False
29782,False
29783,False
29784,False
29785,True
29786,False
29787,False
29788,False
29789,True
29790,False
29791,False
29792,False
29793,False
29794,True
29795,True
29796,False
29797,False
29798,True
29799,True
29800,False
29801,False
29802,True
29803,False
29804,False
29805,False
29806,False
29807,True
29808,True
29809,False
29810,True
29811,False
29812,False
29813,False
29814,False
29815,False
29816,False
29817,False
29818,False
29819,True
29820,False
29821,False
29822,False
29823,False
29824,False
29825,False
29826,True
29827,False
29828,False
29829,True
29830,True
29831,True
29832,False
29833,False
29834,False
29835,False
29836,True
29837,False
29838,True
29839,True
29840,False
29841,False
29842,False
29843,False
29844,False
29845,False
29846,False
29847,False
29848,False
29849,False
29850,False
29851,False
29852,False
29853,False
29854,False
29855,False
29856,False
29857,False
29858,False
29859,False
29860,False
29861,False
29862,False
29863,False
29864,False
29865,False
29866,False
29867,False
29868,True
29869,True
29870,True
29871,True
29872,False
29873,False
29874,False
29875,False
29876,False
29877,False
29878,True
29879,True
29880,True
29881,False
29882,False
29883,False
29884,False
29885,False
29886,False
29887,False
29888,False
29889,False
29890,False
29891,True
29892,False
29893,False
29894,False
29895,False
29896,False
29897,False
29898,False
29899,False
29900,True
29901,False
29902,False
29903,False
29904,False
29905,False
29906,False
29907,False
29908,False
29909,False
29910,False
29911,False
29912,False
29913,False
29914,False
29915,False
29916,False
29917,False
29918,True
29919,False
29920,False
29921,True
29922,False
29923,False
29924,False
29925,False
29926,False
29927,True
29928,True
29929,True
29930,False
29931,False
29932,False
29933,True
29934,False
29935,False
29936,False
29937,True
29938,False
29939,False
29940,False
29941,False
29942,False
29943,False
29944,False
29945,False
29946,False
29947,True
29948,False
29949,False
29950,True
29951,False
29952,False
29953,False
29954,False
29955,True
29956,False
29957,False
29958,False
29959,False
29960,False
29961,False
29962,False
29963,False
29964,False
29965,False
29966,False
29967,False
29968,False
29969,False
29970,True
29971,False
29972,False
29973,False
29974,False
29975,False
29976,False
29977,False
29978,False
29979,True
29980,True
29981,False
29982,False
29983,True
29984,True
29985,False
29986,False
29987,True
29988,True
29989,False
29990,False
29991,False
29992,False
29993,True
29994,True
29995,False
29996,True
29997,True
29998,False
29999,False
30000,False
30001,False
30002,False
30003,False
30004,False
30005,False
30006,False
30007,False
30008,True
30009,False
30010,False
30011,False
30012,False
30013,False
30014,True
30015,True
30016,True
30017,False
30018,False
30019,False
30020,False
30021,False
30022,False
30023,False
30024,False
30025,False
30026,False
30027,False
30028,False
30029,False
30030,False
30031,False
30032,False
30033,False
30034,False
30035,False
30036,False
30037,False
30038,False
30039,False
30040,False
30041,False
30042,True
30043,False
30044,False
30045,True
30046,False
30047,False
30048,False
30049,False
30050,False
30051,False
30052,False
30053,False
30054,False
30055,False
30056,False
30057,False
30058,False
30059,False
30060,True
30061,False
30062,False
30063,False
30064,False
30065,False
30066,False
30067,False
30068,False
30069,False
30070,False
30071,False
30072,False
30073,False
30074,False
30075,False
30076,True
30077,False
30078,False
30079,True
30080,False
30081,False
30082,False
30083,True
30084,True
30085,True
30086,False
30087,False
30088,False
30089,False
30090,False
30091,True
30092,True
30093,False
30094,False
30095,True
30096,False
30097,False
30098,False
30099,False
30100,False
30101,False
30102,False
30103,False
30104,False
30105,False
30106,False
30107,False
30108,False
30109,False
30110,False
30111,False
30112,True
30113,False
30114,False
30115,False
30116,False
30117,False
30118,False
30119,False
30120,False
30121,False
30122,False
30123,False
30124,False
30125,False
30126,False
30127,False
30128,False
30129,False
30130,False
30131,False
30132,False
30133,True
30134,True
30135,False
30136,False
30137,False
30138,True
30139,False
30140,False
30141,False
30142,False
30143,False
30144,False
30145,False
30146,False
30147,True
30148,False
30149,True
30150,False
30151,False
30152,True
30153,False
30154,False
30155,False
30156,True
30157,True
30158,True
30159,True
30160,False
30161,False
30162,False
30163,True
30164,True
30165,True
30166,True
30167,False
30168,False
30169,False
30170,False
30171,False
30172,False
30173,False
30174,False
30175,False
30176,False
30177,False
30178,False
30179,False
30180,True
30181,False
30182,True
30183,False
30184,True
30185,False
30186,False
30187,False
30188,False
30189,True
30190,True
30191,True
30192,False
30193,False
30194,True
30195,True
30196,False
30197,False
30198,True
30199,False
30200,False
30201,True
30202,True
30203,True
30204,True
30205,False
30206,True
30207,True
30208,False
30209,False
30210,True
30211,False
30212,False
30213,False
30214,False
30215,False
30216,False
30217,False
30218,True
30219,False
30220,False
30221,False
30222,False
30223,False
30224,False
30225,True
30226,False
30227,False
30228,True
30229,False
30230,True
30231,True
30232,False
30233,True
30234,True
30235,False
30236,False
30237,False
30238,False
30239,False
30240,False
30241,False
30242,False
30243,True
30244,False
30245,False
30246,False
30247,False
30248,False
30249,False
30250,False
30251,False
30252,False
30253,False
30254,False
30255,False
30256,False
30257,True
30258,False
30259,False
30260,False
30261,False
30262,False
30263,False
30264,True
30265,True
30266,False
30267,False
30268,True
30269,False
30270,True
30271,False
30272,True
30273,False
30274,False
30275,False
30276,False
30277,False
30278,False
30279,False
30280,False
30281,False
30282,False
30283,True
30284,True
30285,False
30286,True
30287,False
30288,False
30289,False
30290,False
30291,False
30292,False
30293,False
30294,False
30295,False
30296,False
30297,False
30298,False
30299,False
30300,False
30301,False
30302,True
30303,False
30304,False
30305,False
30306,False
30307,True
30308,True
30309,False
30310,False
30311,False
30312,False
30313,False
30314,False
30315,True
30316,False
30317,False
30318,False
30319,True
30320,True
30321,False
30322,False
30323,False
30324,False
30325,False
30326,False
30327,False
30328,False
30329,False
30330,False
30331,False
30332,False
30333,False
30334,False
30335,False
30336,False
30337,False
30338,False
30339,False
30340,False
30341,False
30342,True
30343,False
30344,False
30345,False
30346,False
30347,False
30348,False
30349,True
30350,True
30351,False
30352,False
30353,False
30354,False
30355,False
30356,False
30357,False
30358,False
30359,True
30360,False
30361,True
30362,False
30363,False
30364,False
30365,False
30366,True
30367,False
30368,False
30369,False
30370,False
30371,True
30372,False
30373,False
30374,False
30375,False
30376,False
30377,False
30378,False
30379,False
30380,False
30381,False
30382,False
30383,False
30384,True
30385,True
30386,False
30387,False
30388,False
30389,False
30390,False
30391,False
30392,False
30393,False
30394,False
30395,False
30396,True
30397,True
30398,False
30399,False
30400,False
30401,True
30402,True
30403,False
30404,False
30405,False
30406,False
30407,False
30408,False
30409,False
30410,False
30411,False
30412,False
30413,False
30414,False
30415,True
30416,True
30417,False
30418,True
30419,False
30420,False
30421,True
30422,False
30423,False
30424,False
30425,True
30426,False
30427,True
30428,False
30429,True
30430,False
30431,True
30432,True
30433,False
30434,False
30435,True
30436,False
30437,True
30438,False
30439,False
30440,False
30441,False
30442,False
30443,False
30444,False
30445,False
30446,False
30447,False
30448,False
30449,False
30450,True
30451,False
30452,False
30453,False
30454,False
30455,False
30456,True
30457,False
30458,False
30459,True
30460,False
30461,False
30462,False
30463,True
30464,True
30465,True
30466,False
30467,False
30468,False
30469,False
30470,False
30471,False
30472,False
30473,False
30474,True
30475,False
30476,True
30477,False
30478,False
30479,False
30480,False
30481,True
30482,False
30483,False
30484,False
30485,False
30486,False
30487,False
30488,False
30489,False
30490,False
30491,False
30492,False
30493,False
30494,False
30495,False
30496,False
30497,True
30498,False
30499,True
30500,False
30501,True
30502,True
30503,False
30504,False
30505,False
30506,False
30507,True
30508,True
30509,False
30510,False
30511,False
30512,False
30513,False
30514,True
30515,False
30516,False
30517,False
30518,False
30519,False
30520,False
30521,False
30522,False
30523,False
30524,False
30525,False
30526,False
30527,False
30528,False
30529,False
30530,False
30531,False
30532,True
30533,True
30534,True
30535,False
30536,False
30537,False
30538,False
30539,False
30540,False
30541,False
30542,False
30543,True
30544,True
30545,True
30546,True
30547,True
30548,True
30549,True
30550,False
30551,False
30552,False
30553,False
30554,False
30555,False
30556,True
30557,False
30558,False
30559,False
30560,False
30561,False
30562,False
30563,False
30564,False
30565,False
30566,False
30567,False
30568,False
30569,False
30570,False
30571,False
30572,False
30573,False
30574,False
30575,False
30576,False
30577,True
30578,False
30579,True
30580,True
30581,False
30582,False
30583,True
30584,False
30585,True
30586,False
30587,False
30588,True
30589,False
30590,False
30591,False
30592,False
30593,False
30594,False
30595,False
30596,False
30597,False
30598,False
30599,False
30600,False
30601,False
30602,True
30603,False
30604,False
30605,False
30606,False
30607,False
30608,False
30609,False
30610,True
30611,False
30612,True
30613,True
30614,False
30615,False
30616,True
30617,True
30618,True
30619,True
30620,False
30621,False
30622,True
30623,False
30624,True
30625,False
30626,True
30627,False
30628,False
30629,False
30630,True
30631,False
30632,False
30633,True
30634,True
30635,False
30636,False
30637,True
30638,False
30639,False
30640,True
30641,True
30642,False
30643,False
30644,False
30645,False
30646,False
30647,True
30648,False
30649,False
30650,False
30651,False
30652,True
30653,False
30654,True
30655,False
30656,True
30657,False
30658,False
30659,True
30660,False
30661,False
30662,False
30663,False
30664,False
30665,False
30666,False
30667,False
30668,False
30669,False
30670,False
30671,True
30672,False
30673,True
30674,False
30675,True
30676,False
30677,False
30678,False
30679,False
30680,False
30681,True
30682,False
30683,False
30684,False
30685,False
30686,False
30687,False
30688,False
30689,False
30690,False
30691,False
30692,False
30693,False
30694,True
30695,True
30696,False
30697,True
30698,False
30699,False
30700,False
30701,True
30702,False
30703,True
30704,True
30705,True
30706,False
30707,False
30708,False
30709,False
30710,False
30711,False
30712,False
30713,False
30714,False
30715,False
30716,False
30717,True
30718,True
30719,False
30720,True
30721,True
30722,True
30723,True
30724,False
30725,False
30726,False
30727,False
30728,False
30729,False
30730,False
30731,False
30732,False
30733,True
30734,True
30735,False
30736,False
30737,False
30738,False
30739,False
30740,True
30741,False
30742,True
30743,False
30744,False
30745,False
30746,False
30747,False
30748,False
30749,False
30750,False
30751,False
30752,False
30753,False
30754,False
30755,False
30756,False
30757,False
30758,True
30759,False
30760,False
30761,False
30762,False
30763,False
30764,False
30765,False
30766,False
30767,False
30768,False
30769,False
30770,False
30771,False
30772,False
30773,False
30774,False
30775,False
30776,False
30777,False
30778,False
30779,True
30780,True
30781,False
30782,False
30783,False
30784,False
30785,False
30786,False
30787,False
30788,False
30789,False
30790,False
30791,False
30792,False
30793,False
30794,True
30795,False
30796,False
30797,False
30798,False
30799,False
30800,False
30801,False
30802,False
30803,False
30804,False
30805,False
30806,False
30807,False
30808,True
30809,False
30810,False
30811,False
30812,False
30813,True
30814,False
30815,True
30816,False
30817,False
30818,False
30819,False
30820,False
30821,False
30822,False
30823,True
30824,False
30825,False
30826,False
30827,False
30828,True
30829,False
30830,False
30831,False
30832,False
30833,False
30834,False
30835,False
30836,False
30837,False
30838,False
30839,True
30840,True
30841,False
30842,True
30843,False
30844,False
30845,True
30846,False
30847,True
30848,True
30849,False
30850,False
30851,False
30852,False
30853,False
30854,False
30855,False
30856,False
30857,False
30858,False
30859,False
30860,False
30861,False
30862,False
30863,False
30864,False
30865,False
30866,False
30867,False
30868,False
30869,True
30870,True
30871,False
30872,False
30873,False
30874,False
30875,False
30876,False
30877,False
30878,False
30879,True
30880,False
30881,False
30882,True
30883,False
30884,False
30885,True
30886,True
30887,True
30888,False
30889,False
30890,True
30891,False
30892,False
30893,False
30894,False
30895,False
30896,False
30897,False
30898,True
30899,False
30900,True
30901,True
30902,True
30903,True
30904,False
30905,False
30906,True
30907,True
30908,False
30909,False
30910,False
30911,False
30912,True
30913,False
30914,True
30915,False
30916,False
30917,False
30918,True
30919,False
30920,True
30921,False
30922,False
30923,False
30924,False
30925,False
30926,False
30927,False
30928,False
30929,False
30930,True
30931,False
30932,True
30933,False
30934,False
30935,False
30936,False
30937,True
30938,False
30939,False
30940,False
30941,False
30942,True
30943,False
30944,True
30945,False
30946,False
30947,False
30948,False
30949,False
30950,False
30951,False
30952,False
30953,False
30954,False
30955,False
30956,True
30957,True
30958,True
30959,False
30960,False
30961,False
30962,False
30963,True
30964,False
30965,True
30966,True
30967,True
30968,False
30969,False
30970,False
30971,False
30972,False
30973,False
30974,False
30975,False
30976,False
30977,True
30978,False
30979,False
30980,False
30981,False
30982,True
30983,False
30984,False
30985,False
30986,False
30987,False
30988,False
30989,False
30990,False
30991,False
30992,False
30993,False
30994,False
30995,False
30996,True
30997,False
30998,True
30999,True
31000,False
31001,False
31002,False
31003,False
31004,False
31005,False
31006,False
31007,True
31008,True
31009,False
31010,False
31011,False
31012,True
31013,False
31014,True
31015,False
31016,False
31017,False
31018,False
31019,False
31020,False
31021,False
31022,False
31023,False
31024,False
31025,False
31026,True
31027,False
31028,False
31029,False
31030,True
31031,True
31032,False
31033,False
31034,False
31035,False
31036,False
31037,False
31038,False
31039,False
31040,False
31041,True
31042,False
31043,False
31044,False
31045,False
31046,True
31047,False
31048,False
31049,True
31050,False
31051,False
31052,True
31053,False
31054,False
31055,False
31056,False
31057,True
31058,True
31059,False
31060,False
31061,False
31062,False
31063,False
31064,True
31065,False
31066,True
31067,False
31068,True
31069,False
31070,False
31071,False
31072,False
31073,False
31074,False
31075,False
31076,False
31077,False
31078,False
31079,False
31080,False
31081,False
31082,False
31083,False
31084,False
31085,False
31086,False
31087,False
31088,True
31089,True
31090,True
31091,False
31092,False
31093,False
31094,True
31095,True
31096,False
31097,False
31098,False
31099,False
31100,False
31101,False
31102,False
31103,False
31104,False
31105,True
31106,True
31107,True
31108,False
31109,True
31110,True
31111,True
31112,False
31113,False
31114,False
31115,False
31116,True
31117,True
31118,False
31119,False
31120,False
31121,False
31122,False
31123,True
31124,False
31125,False
31126,True
31127,True
31128,True
31129,False
31130,False
31131,False
31132,True
31133,True
31134,True
31135,False
31136,False
31137,False
31138,False
31139,True
31140,False
31141,False
31142,True
31143,False
31144,False
31145,False
31146,False
31147,False
31148,False
31149,False
31150,False
31151,True
31152,False
31153,True
31154,True
31155,True
31156,False
31157,False
31158,False
31159,False
31160,False
31161,False
31162,False
31163,False
31164,True
31165,True
31166,False
31167,False
31168,False
31169,False
31170,False
31171,True
31172,True
31173,False
31174,False
31175,False
31176,False
31177,False
31178,False
31179,False
31180,False
31181,False
31182,False
31183,True
31184,True
31185,True
31186,True
31187,False
31188,False
31189,True
31190,True
31191,True
31192,True
31193,True
31194,True
31195,True
31196,False
31197,True
31198,True
31199,False
31200,False
31201,True
31202,False
31203,True
31204,False
31205,False
31206,False
31207,True
31208,True
31209,False
31210,True
31211,False
31212,False
31213,False
31214,False
31215,False
31216,True
31217,True
31218,False
31219,False
31220,False
31221,True
31222,True
31223,False
31224,False
31225,False
31226,False
31227,False
31228,False
31229,False
31230,False
31231,True
31232,False
31233,False
31234,False
31235,False
31236,True
31237,False
31238,False
31239,False
31240,False
31241,True
31242,True
31243,False
31244,False
31245,False
31246,False
31247,False
31248,False
31249,False
31250,False
31251,False
31252,True
31253,False
31254,False
31255,False
31256,False
31257,False
31258,True
31259,False
31260,False
31261,False
31262,False
31263,False
31264,False
31265,True
31266,True
31267,True
31268,True
31269,False
31270,False
31271,False
31272,False
31273,True
31274,False
31275,False
31276,True
31277,False
31278,False
31279,False
31280,False
31281,False
31282,False
31283,False
31284,False
31285,False
31286,False
31287,True
31288,False
31289,False
31290,False
31291,False
31292,False
31293,True
31294,False
31295,False
31296,False
31297,True
31298,True
31299,True
31300,True
31301,False
31302,False
31303,True
31304,False
31305,False
31306,True
31307,False
31308,False
31309,False
31310,True
31311,True
31312,False
31313,False
31314,True
31315,False
31316,True
31317,False
31318,True
31319,False
31320,False
31321,False
31322,False
31323,False
31324,False
31325,False
31326,False
31327,False
31328,False
31329,False
31330,False
31331,False
31332,False
31333,False
31334,False
31335,False
31336,False
31337,False
31338,False
31339,False
31340,False
31341,False
31342,False
31343,False
31344,True
31345,False
31346,False
31347,False
31348,False
31349,False
31350,False
31351,False
31352,True
31353,False
31354,False
31355,False
31356,False
31357,False
31358,False
31359,False
31360,False
31361,False
31362,False
31363,False
31364,False
31365,True
31366,False
31367,False
31368,False
31369,False
31370,False
31371,True
31372,False
31373,False
31374,True
31375,False
31376,True
31377,True
31378,True
31379,True
31380,False
31381,False
31382,False
31383,False
31384,False
31385,False
31386,True
31387,False
31388,False
31389,False
31390,False
31391,False
31392,False
31393,True
31394,True
31395,False
31396,False
31397,False
31398,False
31399,False
31400,False
31401,False
31402,False
31403,False
31404,False
31405,True
31406,False
31407,False
31408,False
31409,False
31410,False
31411,False
31412,False
31413,False
31414,False
31415,False
31416,False
31417,False
31418,True
31419,False
31420,False
31421,False
31422,False
31423,False
31424,False
31425,False
31426,False
31427,False
31428,False
31429,False
31430,False
31431,False
31432,False
31433,False
31434,True
31435,False
31436,False
31437,False
31438,False
31439,True
31440,False
31441,False
31442,False
31443,True
31444,True
31445,False
31446,True
31447,True
31448,True
31449,False
31450,False
31451,False
31452,False
31453,False
31454,False
31455,True
31456,True
31457,True
31458,False
31459,True
31460,False
31461,True
31462,False
31463,True
31464,False
31465,False
31466,True
31467,True
31468,True
31469,False
31470,False
31471,False
31472,False
31473,False
31474,False
31475,False
31476,False
31477,False
31478,False
31479,False
31480,False
31481,False
31482,True
31483,False
31484,False
31485,False
31486,False
31487,False
31488,False
31489,False
31490,True
31491,True
31492,False
31493,False
31494,False
31495,False
31496,False
31497,True
31498,False
31499,False
31500,True
31501,False
31502,False
31503,False
31504,False
31505,True
31506,False
31507,True
31508,False
31509,False
31510,False
31511,False
31512,False
31513,False
31514,False
31515,True
31516,False
31517,False
31518,False
31519,True
31520,False
31521,False
31522,False
31523,False
31524,False
31525,False
31526,False
31527,False
31528,False
31529,False
31530,False
31531,False
31532,False
31533,False
31534,False
31535,False
31536,False
31537,False
31538,False
31539,False
31540,True
31541,False
31542,False
31543,False
31544,False
31545,False
31546,True
31547,True
31548,True
31549,False
31550,False
31551,False
31552,False
31553,False
31554,False
31555,False
31556,True
31557,False
31558,False
31559,False
31560,True
31561,False
31562,False
31563,True
31564,False
31565,False
31566,False
31567,False
31568,False
31569,False
31570,False
31571,False
31572,False
31573,False
31574,False
31575,False
31576,False
31577,False
31578,False
31579,False
31580,False
31581,False
31582,False
31583,True
31584,False
31585,False
31586,True
31587,False
31588,True
31589,False
31590,True
31591,True
31592,False
31593,False
31594,False
31595,True
31596,False
31597,False
31598,False
31599,False
31600,False
31601,False
31602,True
31603,False
31604,False
31605,False
31606,False
31607,False
31608,True
31609,False
31610,False
31611,False
31612,True
31613,True
31614,False
31615,False
31616,True
31617,True
31618,False
31619,True
31620,False
31621,False
31622,False
31623,False
31624,False
31625,True
31626,False
31627,False
31628,True
31629,False
31630,False
31631,False
31632,False
31633,True
31634,True
31635,True
31636,False
31637,False
31638,False
31639,False
31640,False
31641,False
31642,False
31643,False
31644,False
31645,False
31646,False
31647,False
31648,False
31649,False
31650,False
31651,True
31652,True
31653,True
31654,True
31655,True
31656,False
31657,False
31658,False
31659,False
31660,True
31661,True
31662,True
31663,False
31664,False
31665,True
31666,False
31667,False
31668,False
31669,False
31670,False
31671,False
31672,False
31673,False
31674,False
31675,False
31676,False
31677,False
31678,False
31679,True
31680,True
31681,False
31682,True
31683,False
31684,False
31685,False
31686,False
31687,False
31688,False
31689,False
31690,False
31691,False
31692,False
31693,False
31694,False
31695,False
31696,False
31697,True
31698,False
31699,True
31700,False
31701,False
31702,True
31703,False
31704,False
31705,True
31706,False
31707,True
31708,False
31709,True
31710,True
31711,False
31712,True
31713,False
31714,False
31715,False
31716,False
31717,False
31718,False
31719,False
31720,False
31721,False
31722,False
31723,False
31724,False
31725,False
31726,False
31727,True
31728,True
31729,False
31730,False
31731,False
31732,False
31733,False
31734,True
31735,False
31736,False
31737,False
31738,False
31739,False
31740,False
31741,False
31742,False
31743,False
31744,False
31745,False
31746,False
31747,False
31748,False
31749,False
31750,True
31751,False
31752,True
31753,True
31754,False
31755,False
31756,False
31757,False
31758,False
31759,False
31760,False
31761,False
31762,False
31763,False
31764,False
31765,False
31766,False
31767,False
31768,True
31769,False
31770,False
31771,True
31772,False
31773,False
31774,True
31775,False
31776,False
31777,False
31778,False
31779,True
31780,False
31781,False
31782,True
31783,False
31784,False
31785,False
31786,False
31787,False
31788,False
31789,False
31790,True
31791,True
31792,True
31793,True
31794,True
31795,True
31796,False
31797,False
31798,False
31799,False
31800,True
31801,False
31802,False
31803,False
31804,False
31805,False
31806,False
31807,False
31808,False
31809,False
31810,False
31811,False
31812,False
31813,True
31814,False
31815,True
31816,False
31817,False
31818,False
31819,False
31820,False
31821,False
31822,False
31823,False
31824,False
31825,False
31826,False
31827,False
31828,True
31829,False
31830,False
31831,False
31832,True
31833,True
31834,False
31835,False
31836,False
31837,False
31838,False
31839,True
31840,False
31841,False
31842,False
31843,False
31844,False
31845,False
31846,True
31847,False
31848,False
31849,False
31850,True
31851,True
31852,False
31853,False
31854,False
31855,False
31856,False
31857,False
31858,False
31859,False
31860,False
31861,False
31862,False
31863,False
31864,False
31865,False
31866,False
31867,False
31868,False
31869,False
31870,False
31871,False
31872,False
31873,True
31874,False
31875,False
31876,False
31877,False
31878,False
31879,False
31880,False
31881,False
31882,True
31883,False
31884,False
31885,False
31886,False
31887,False
31888,False
31889,False
31890,False
31891,False
31892,False
31893,False
31894,False
31895,False
31896,False
31897,True
31898,True
31899,False
31900,False
31901,False
31902,False
31903,False
31904,False
31905,False
31906,False
31907,False
31908,False
31909,False
31910,False
31911,False
31912,False
31913,False
31914,False
31915,False
31916,False
31917,False
31918,False
31919,False
31920,False
31921,False
31922,False
31923,False
31924,False
31925,True
31926,True
31927,False
31928,True
31929,False
31930,False
31931,False
31932,False
31933,False
31934,True
31935,False
31936,False
31937,False
31938,False
31939,False
31940,False
31941,True
31942,False
31943,False
31944,False
31945,False
31946,False
31947,False
31948,False
31949,False
31950,False
31951,False
31952,False
31953,True
31954,True
31955,True
31956,False
31957,False
31958,False
31959,False
31960,True
31961,False
31962,False
31963,False
31964,False
31965,False
31966,False
31967,False
31968,True
31969,False
31970,False
31971,False
31972,False
31973,False
31974,True
31975,True
31976,True
31977,False
31978,False
31979,False
31980,False
31981,False
31982,False
31983,False
31984,True
31985,False
31986,True
31987,False
31988,False
31989,False
31990,False
31991,False
31992,True
31993,False
31994,False
31995,True
31996,False
31997,False
31998,False
31999,False
32000,True
32001,True
32002,True
32003,False
32004,False
32005,True
32006,True
32007,False
32008,False
32009,False
32010,False
32011,False
32012,False
32013,False
32014,False
32015,False
32016,False
32017,False
32018,False
32019,False
32020,True
32021,True
32022,True
32023,True
32024,True
32025,False
32026,False
32027,True
32028,False
32029,False
32030,False
32031,False
32032,False
32033,False
32034,False
32035,False
32036,True
32037,True
32038,False
32039,False
32040,False
32041,False
32042,False
32043,False
32044,False
32045,True
32046,False
32047,False
32048,False
32049,False
32050,False
32051,False
32052,False
32053,False
32054,True
32055,False
32056,False
32057,False
32058,True
32059,True
32060,True
32061,False
32062,False
32063,True
32064,True
32065,False
32066,False
32067,False
32068,False
32069,False
32070,False
32071,True
32072,False
32073,False
32074,False
32075,False
32076,False
32077,False
32078,False
32079,False
32080,True
32081,False
32082,False
32083,True
32084,True
32085,False
32086,False
32087,True
32088,False
32089,False
32090,False
32091,False
32092,False
32093,False
32094,False
32095,False
32096,False
32097,False
32098,False
32099,False
32100,False
32101,False
32102,False
32103,True
32104,False
32105,False
32106,False
32107,False
32108,False
32109,False
32110,False
32111,False
32112,False
32113,False
32114,False
32115,False
32116,False
32117,False
32118,False
32119,False
32120,False
32121,True
32122,True
32123,False
32124,True
32125,False
32126,True
32127,False
32128,True
32129,True
32130,True
32131,True
32132,False
32133,False
32134,False
32135,False
32136,True
32137,True
32138,False
32139,True
32140,True
32141,True
32142,False
32143,False
32144,False
32145,False
32146,False
32147,False
32148,True
32149,False
32150,False
32151,False
32152,True
32153,False
32154,True
32155,False
32156,False
32157,True
32158,True
32159,True
32160,False
32161,False
32162,False
32163,True
32164,True
32165,True
32166,True
32167,False
32168,False
32169,False
32170,False
32171,False
32172,False
32173,False
32174,False
32175,True
32176,False
32177,False
32178,False
32179,False
32180,False
32181,True
32182,False
32183,True
32184,False
32185,False
32186,False
32187,False
32188,False
32189,False
32190,False
32191,False
32192,False
32193,False
32194,False
32195,False
32196,False
32197,False
32198,False
32199,False
32200,False
32201,False
32202,False
32203,False
32204,False
32205,False
32206,False
32207,False
32208,False
32209,False
32210,False
32211,False
32212,False
32213,True
32214,False
32215,False
32216,False
32217,True
32218,False
32219,False
32220,False
32221,False
32222,False
32223,False
32224,False
32225,False
32226,False
32227,False
32228,False
32229,False
32230,False
32231,True
32232,False
32233,False
32234,True
32235,False
32236,False
32237,False
32238,False
32239,False
32240,False
32241,True
32242,False
32243,False
32244,True
32245,False
32246,False
32247,False
32248,False
32249,False
32250,False
32251,False
32252,True
32253,True
32254,False
32255,False
32256,True
32257,False
32258,True
32259,False
32260,False
32261,True
32262,False
32263,False
32264,False
32265,False
32266,False
32267,True
32268,False
32269,False
32270,True
32271,False
32272,False
32273,False
32274,False
32275,False
32276,False
32277,False
32278,False
32279,False
32280,False
32281,False
32282,False
32283,False
32284,True
32285,False
32286,False
32287,True
32288,False
32289,False
32290,False
32291,False
32292,False
32293,False
32294,False
32295,False
32296,False
32297,False
32298,False
32299,False
32300,False
32301,False
32302,False
32303,False
32304,False
32305,False
32306,False
32307,False
32308,False
32309,False
32310,True
32311,False
32312,False
32313,False
32314,False
32315,False
32316,True
32317,False
32318,True
32319,False
32320,False
32321,False
32322,False
32323,False
32324,False
32325,False
32326,False
32327,False
32328,True
32329,True
32330,False
32331,False
32332,False
32333,False
32334,False
32335,False
32336,False
32337,False
32338,False
32339,False
32340,False
32341,False
32342,False
32343,False
32344,False
32345,False
32346,False
32347,False
32348,False
32349,False
32350,False
32351,False
32352,True
32353,False
32354,False
32355,False
32356,False
32357,False
32358,True
32359,True
32360,True
32361,False
32362,True
32363,False
32364,False
32365,False
32366,False
32367,False
32368,False
32369,False
32370,False
32371,False
32372,False
32373,False
32374,False
32375,False
32376,False
32377,False
32378,True
32379,False
32380,True
32381,True
32382,True
32383,False
32384,False
32385,True
32386,False
32387,True
32388,False
32389,False
32390,False
32391,False
32392,False
32393,False
32394,False
32395,False
32396,False
32397,False
32398,False
32399,False
32400,False
32401,False
32402,False
32403,False
32404,False
32405,False
32406,False
32407,False
32408,False
32409,False
32410,False
32411,False
32412,False
32413,False
32414,False
32415,False
32416,False
32417,False
32418,False
32419,False
32420,False
32421,False
32422,False
32423,False
32424,False
32425,False
32426,False
32427,True
32428,False
32429,True
32430,False
32431,False
32432,False
32433,False
32434,True
32435,True
32436,False
32437,False
32438,False
32439,False
32440,False
32441,False
32442,False
32443,False
32444,False
32445,True
32446,True
32447,False
32448,False
32449,False
32450,False
32451,True
32452,True
32453,False
32454,False
32455,False
32456,True
32457,False
32458,False
32459,False
32460,False
32461,False
32462,True
32463,False
32464,False
32465,False
32466,False
32467,False
32468,False
32469,False
32470,True
32471,False
32472,False
32473,False
32474,False
32475,False
32476,False
32477,False
32478,False
32479,False
32480,True
32481,False
32482,False
32483,False
32484,False
32485,False
32486,False
32487,False
32488,False
32489,False
32490,False
32491,False
32492,False
32493,False
32494,False
32495,False
32496,False
32497,False
32498,True
32499,False
32500,False
32501,False
32502,False
32503,True
32504,False
32505,True
32506,False
32507,False
32508,False
32509,False
32510,False
32511,False
32512,False
32513,True
32514,False
32515,False
32516,False
32517,False
32518,False
32519,False
32520,False
32521,True
32522,False
32523,False
32524,True
32525,False
32526,False
32527,False
32528,False
32529,False
32530,False
32531,False
32532,False
32533,False
32534,False
32535,True
32536,True
32537,False
32538,True
32539,False
32540,False
32541,False
32542,False
32543,False
32544,False
32545,True
32546,True
32547,False
32548,False
32549,False
32550,False
32551,False
32552,False
32553,False
32554,True
32555,False
32556,False
32557,False
32558,True
32559,True
32560,True
32561,False
32562,False
32563,True
32564,True
32565,True
32566,False
32567,False
32568,False
32569,False
32570,False
32571,False
32572,False
32573,False
32574,False
32575,False
32576,False
32577,False
32578,True
32579,False
32580,False
32581,False
32582,False
32583,True
32584,False
32585,False
32586,True
32587,False
32588,False
32589,False
32590,True
32591,False
32592,False
32593,False
32594,False
32595,False
32596,False
32597,False
32598,False
32599,False
32600,False
32601,False
32602,False
32603,False
32604,False
32605,True
32606,True
32607,False
32608,True
32609,False
32610,True
32611,False
32612,True
32613,False
32614,False
32615,False
32616,False
32617,False
32618,False
32619,True
32620,True
32621,False
32622,False
32623,True
32624,True
32625,False
32626,False
32627,False
32628,False
32629,False
32630,False
32631,False
32632,False
32633,True
32634,False
32635,False
32636,True
32637,True
32638,False
32639,False
32640,False
32641,True
32642,True
32643,False
32644,False
32645,False
32646,False
32647,True
32648,True
32649,False
32650,False
32651,False
32652,True
32653,True
32654,False
32655,True
32656,False
32657,False
32658,False
32659,False
32660,False
32661,True
32662,False
32663,False
32664,True
32665,True
32666,False
32667,False
32668,False
32669,True
32670,False
32671,False
32672,False
32673,False
32674,False
32675,False
32676,False
32677,False
32678,False
32679,True
32680,False
32681,False
32682,False
32683,True
32684,False
32685,False
32686,True
32687,True
32688,False
32689,False
32690,False
32691,False
32692,False
32693,False
32694,False
32695,False
32696,True
32697,True
32698,False
32699,False
32700,False
32701,False
32702,False
32703,False
32704,False
32705,False
32706,False
32707,True
32708,False
32709,False
32710,False
32711,False
32712,False
32713,False
32714,False
32715,True
32716,True
32717,False
32718,False
32719,False
32720,False
32721,False
32722,False
32723,False
32724,False
32725,True
32726,False
32727,False
32728,False
32729,True
32730,False
32731,False
32732,False
32733,False
32734,False
32735,False
32736,True
32737,False
32738,True
32739,True
32740,True
32741,False
32742,False
32743,False
32744,False
32745,False
32746,False
32747,True
32748,True
32749,False
32750,True
32751,False
32752,False
32753,True
32754,False
32755,False
32756,False
32757,False
32758,True
32759,False
32760,True
32761,False
32762,False
32763,False
32764,True
32765,False
32766,False
32767,False
32768,False
32769,False
32770,False
32771,False
32772,False
32773,False
32774,False
32775,False
32776,True
32777,False
32778,False
32779,False
32780,False
32781,False
32782,False
32783,False
32784,False
32785,False
32786,False
32787,True
32788,False
32789,False
32790,False
32791,False
32792,False
32793,False
32794,True
32795,False
32796,False
32797,False
32798,False
32799,False
32800,False
32801,False
32802,True
32803,False
32804,False
32805,False
32806,False
32807,False
32808,False
32809,True
32810,False
32811,False
32812,False
32813,False
32814,False
32815,False
32816,True
32817,True
32818,False
32819,False
32820,False
32821,True
32822,False
32823,False
32824,False
32825,False
32826,True
32827,False
32828,False
32829,False
32830,False
32831,False
32832,False
32833,False
32834,False
32835,False
32836,False
32837,True
32838,False
32839,True
32840,False
32841,False
32842,False
32843,True
32844,True
32845,False
32846,False
32847,False
32848,False
32849,False
32850,False
32851,False
32852,False
32853,False
32854,False
32855,False
32856,False
32857,False
32858,False
32859,False
32860,False
32861,False
32862,False
32863,False
32864,False
32865,False
32866,False
32867,True
32868,False
32869,False
32870,False
32871,False
32872,False
32873,False
32874,False
32875,False
32876,True
32877,False
32878,False
32879,False
32880,True
32881,False
32882,True
32883,True
32884,False
32885,True
32886,True
32887,True
32888,True
32889,False
32890,False
32891,False
32892,False
32893,False
32894,False
32895,False
32896,True
32897,False
32898,False
32899,True
32900,False
32901,False
32902,False
32903,False
32904,False
32905,False
32906,False
32907,False
32908,True
32909,False
32910,False
32911,False
32912,False
32913,False
32914,False
32915,False
32916,False
32917,False
32918,False
32919,False
32920,True
32921,False
32922,False
32923,False
32924,False
32925,False
32926,False
32927,False
32928,False
32929,False
32930,True
32931,False
32932,False
32933,False
32934,False
32935,False
32936,False
32937,False
32938,False
32939,False
32940,False
32941,False
32942,False
32943,False
32944,False
32945,False
32946,False
32947,False
32948,False
32949,False
32950,False
32951,False
32952,True
32953,False
32954,True
32955,False
32956,False
32957,False
32958,False
32959,False
32960,False
32961,False
32962,False
32963,False
32964,True
32965,False
32966,False
32967,True
32968,True
32969,False
32970,False
32971,True
32972,True
32973,True
32974,False
32975,True
32976,True
32977,True
32978,False
32979,False
32980,False
32981,True
32982,False
32983,False
32984,True
32985,False
32986,False
32987,False
32988,True
32989,False
32990,False
32991,True
32992,False
32993,False
32994,False
32995,False
32996,False
32997,False
32998,False
32999,False
33000,False
33001,False
33002,False
33003,True
33004,False
33005,False
33006,False
33007,False
33008,False
33009,False
33010,False
33011,False
33012,False
33013,False
33014,False
33015,False
33016,False
33017,True
33018,False
33019,False
33020,False
33021,True
33022,False
33023,False
33024,False
33025,True
33026,False
33027,False
33028,True
33029,True
33030,False
33031,False
33032,False
33033,True
33034,False
33035,False
33036,False
33037,False
33038,False
33039,False
33040,False
33041,False
33042,False
33043,False
33044,True
33045,False
33046,False
33047,False
33048,False
33049,False
33050,False
33051,False
33052,True
33053,False
33054,False
33055,False
33056,False
33057,False
33058,False
33059,False
33060,False
33061,False
33062,False
33063,False
33064,False
33065,False
33066,False
33067,False
33068,False
33069,False
33070,False
33071,False
33072,False
33073,False
33074,False
33075,False
33076,False
33077,False
33078,False
33079,False
33080,False
33081,False
33082,True
33083,False
33084,False
33085,False
33086,False
33087,False
33088,False
33089,False
33090,True
33091,True
33092,False
33093,False
33094,False
33095,False
33096,False
33097,False
33098,False
33099,False
33100,False
33101,True
33102,False
33103,False
33104,True
33105,False
33106,False
33107,True
33108,False
33109,False
33110,False
33111,False
33112,False
33113,False
33114,True
33115,False
33116,False
33117,False
33118,False
33119,True
33120,False
33121,False
33122,False
33123,True
33124,False
33125,False
33126,True
33127,False
33128,False
33129,False
33130,True
33131,True
33132,True
33133,True
33134,False
33135,False
33136,False
33137,True
33138,False
33139,False
33140,False
33141,False
33142,False
33143,False
33144,False
33145,False
33146,False
33147,False
33148,False
33149,True
33150,False
33151,True
33152,True
33153,False
33154,True
33155,False
33156,True
33157,True
33158,False
33159,False
33160,True
33161,False
33162,True
33163,False
33164,True
33165,False
33166,False
33167,True
33168,True
33169,False
33170,False
33171,False
33172,False
33173,False
33174,False
33175,False
33176,False
33177,False
33178,False
33179,False
33180,False
33181,False
33182,False
33183,False
33184,False
33185,False
33186,False
33187,False
33188,False
33189,False
33190,False
33191,False
33192,False
33193,False
33194,False
33195,False
33196,False
33197,False
33198,False
33199,False
33200,False
33201,False
33202,False
33203,False
33204,False
33205,False
33206,False
33207,False
33208,False
33209,False
33210,False
33211,False
33212,False
33213,False
33214,False
33215,False
33216,False
33217,False
33218,False
33219,True
33220,False
33221,False
33222,True
33223,True
33224,False
33225,False
33226,False
33227,False
33228,False
33229,False
33230,False
33231,False
33232,False
33233,True
33234,False
33235,False
33236,False
33237,False
33238,False
33239,False
33240,True
33241,False
33242,False
33243,False
33244,True
33245,False
33246,False
33247,False
33248,False
33249,True
33250,False
33251,False
33252,False
33253,True
33254,False
33255,True
33256,True
33257,False
33258,False
33259,False
33260,True
33261,False
33262,False
33263,False
33264,False
33265,False
33266,False
33267,False
33268,False
33269,False
33270,False
33271,True
33272,True
33273,False
33274,True
33275,False
33276,False
33277,False
33278,True
33279,False
33280,True
33281,True
33282,False
33283,False
33284,True
33285,True
33286,False
33287,True
33288,False
33289,False
33290,False
33291,False
33292,False
33293,True
33294,False
33295,False
33296,False
33297,False
33298,False
33299,True
33300,False
33301,True
33302,False
33303,True
33304,True
33305,False
33306,False
33307,False
33308,False
33309,False
33310,False
33311,False
33312,False
33313,False
33314,False
33315,False
33316,False
33317,False
33318,False
33319,True
33320,True
33321,True
33322,True
33323,False
33324,False
33325,False
33326,False
33327,True
33328,False
33329,False
33330,False
33331,False
33332,True
33333,False
33334,False
33335,False
33336,False
33337,False
33338,False
33339,False
33340,False
33341,False
33342,False
33343,False
33344,False
33345,True
33346,True
33347,False
33348,False
33349,False
33350,False
33351,True
33352,True
33353,False
33354,False
33355,False
33356,False
33357,False
33358,False
33359,False
33360,False
33361,False
33362,False
33363,False
33364,False
33365,True
33366,True
33367,True
33368,False
33369,False
33370,True
33371,False
33372,True
33373,False
33374,False
33375,False
33376,False
33377,False
33378,False
33379,False
33380,True
33381,False
33382,False
33383,True
33384,False
33385,True
33386,False
33387,False
33388,False
33389,False
33390,False
33391,True
33392,False
33393,False
33394,False
33395,False
33396,False
33397,False
33398,False
33399,False
33400,False
33401,False
33402,False
33403,False
33404,False
33405,False
33406,True
33407,False
33408,True
33409,True
33410,True
33411,True
33412,True
33413,True
33414,False
33415,False
33416,False
33417,False
33418,True
33419,False
33420,False
33421,True
33422,True
33423,False
33424,False
33425,True
33426,False
33427,False
33428,False
33429,False
33430,False
33431,True
33432,False
33433,True
33434,True
33435,False
33436,False
33437,False
33438,False
33439,False
33440,False
33441,True
33442,False
33443,True
33444,False
33445,True
33446,False
33447,True
33448,True
33449,False
33450,False
33451,False
33452,False
33453,True
33454,False
33455,False
33456,False
33457,False
33458,False
33459,False
33460,False
33461,True
33462,False
33463,False
33464,True
33465,False
33466,False
33467,False
33468,False
33469,False
33470,True
33471,False
33472,False
33473,False
33474,False
33475,False
33476,False
33477,False
33478,False
33479,True
33480,False
33481,False
33482,True
33483,False
33484,False
33485,False
33486,True
33487,True
33488,False
33489,False
33490,True
33491,False
33492,False
33493,False
33494,False
33495,False
33496,False
33497,True
33498,False
33499,False
33500,False
33501,False
33502,False
33503,False
33504,True
33505,False
33506,False
33507,False
33508,False
33509,False
33510,False
33511,False
33512,False
33513,False
33514,False
33515,False
33516,False
33517,False
33518,False
33519,False
33520,True
33521,False
33522,False
33523,False
33524,False
33525,False
33526,False
33527,False
33528,True
33529,False
33530,True
33531,True
33532,False
33533,False
33534,False
33535,False
33536,True
33537,True
33538,False
33539,False
33540,False
33541,False
33542,False
33543,False
33544,False
33545,False
33546,False
33547,True
33548,False
33549,False
33550,True
33551,True
33552,False
33553,False
33554,False
33555,False
33556,False
33557,False
33558,False
33559,False
33560,False
33561,False
33562,False
33563,False
33564,False
33565,False
33566,False
33567,False
33568,True
33569,False
33570,False
33571,False
33572,False
33573,True
33574,False
33575,False
33576,False
33577,True
33578,False
33579,False
33580,False
33581,False
33582,False
33583,False
33584,True
33585,False
33586,False
33587,False
33588,True
33589,False
33590,False
33591,False
33592,False
33593,False
33594,False
33595,False
33596,True
33597,True
33598,False
33599,False
33600,False
33601,False
33602,True
33603,False
33604,True
33605,True
33606,True
33607,True
33608,False
33609,False
33610,False
33611,False
33612,False
33613,True
33614,True
33615,True
33616,True
33617,False
33618,False
33619,False
33620,False
33621,False
33622,True
33623,False
33624,True
33625,False
33626,False
33627,False
33628,False
33629,False
33630,False
33631,False
33632,False
33633,False
33634,False
33635,False
33636,False
33637,False
33638,False
33639,False
33640,True
33641,False
33642,False
33643,False
33644,False
33645,False
33646,False
33647,False
33648,False
33649,False
33650,False
33651,True
33652,False
33653,False
33654,False
33655,False
33656,False
33657,True
33658,False
33659,False
33660,True
33661,True
33662,False
33663,False
33664,False
33665,False
33666,False
33667,False
33668,False
33669,False
33670,False
33671,True
33672,True
33673,False
33674,False
33675,True
33676,False
33677,False
33678,False
33679,True
33680,False
33681,False
33682,False
33683,False
33684,False
33685,False
33686,False
33687,False
33688,False
33689,False
33690,True
33691,True
33692,True
33693,False
33694,False
33695,False
33696,False
33697,False
33698,True
33699,False
33700,False
33701,False
33702,False
33703,False
33704,True
33705,True
33706,False
33707,False
33708,False
33709,True
33710,True
33711,False
33712,False
33713,True
33714,True
33715,False
33716,False
33717,False
33718,False
33719,False
33720,False
33721,False
33722,False
33723,False
33724,False
33725,False
33726,False
33727,True
33728,True
33729,True
33730,True
33731,True
33732,True
33733,False
33734,True
33735,False
33736,False
33737,False
33738,False
33739,True
33740,True
33741,False
33742,False
33743,False
33744,False
33745,False
33746,False
33747,True
33748,False
33749,False
33750,True
33751,False
33752,False
33753,False
33754,False
33755,False
33756,False
33757,False
33758,False
33759,False
33760,True
33761,False
33762,True
33763,False
33764,False
33765,False
33766,True
33767,False
33768,False
33769,True
33770,False
33771,True
33772,False
33773,True
33774,True
33775,False
33776,True
33777,False
33778,False
33779,False
33780,False
33781,False
33782,False
33783,True
33784,False
33785,False
33786,False
33787,False
33788,True
33789,True
33790,False
33791,False
33792,True
33793,True
33794,True
33795,True
33796,False
33797,True
33798,False
33799,False
33800,False
33801,False
33802,False
33803,False
33804,False
33805,False
33806,False
33807,False
33808,True
33809,False
33810,False
33811,False
33812,False
33813,False
33814,False
33815,False
33816,False
33817,False
33818,False
33819,False
33820,False
33821,False
33822,False
33823,False
33824,False
33825,True
33826,False
33827,False
33828,False
33829,True
33830,False
33831,False
33832,False
33833,False
33834,False
33835,False
33836,False
33837,False
33838,False
33839,False
33840,False
33841,False
33842,False
33843,False
33844,False
33845,False
33846,False
33847,False
33848,True
33849,False
33850,False
33851,False
33852,False
33853,False
33854,False
33855,False
33856,False
33857,False
33858,False
33859,False
33860,False
33861,False
33862,False
33863,False
33864,True
33865,True
33866,False
33867,False
33868,False
33869,False
33870,False
33871,False
33872,False
33873,False
33874,False
33875,False
33876,False
33877,False
33878,True
33879,False
33880,False
33881,False
33882,True
33883,False
33884,False
33885,True
33886,False
33887,False
33888,False
33889,False
33890,False
33891,True
33892,False
33893,True
33894,False
33895,False
33896,False
33897,False
33898,False
33899,False
33900,True
33901,False
33902,True
33903,True
33904,False
33905,False
33906,False
33907,False
33908,True
33909,False
33910,False
33911,False
33912,False
33913,False
33914,True
33915,False
33916,False
33917,True
33918,False
33919,False
33920,False
33921,False
33922,False
33923,False
33924,False
33925,False
33926,False
33927,False
33928,False
33929,True
33930,True
33931,False
33932,False
33933,True
33934,False
33935,False
33936,False
33937,False
33938,False
33939,False
33940,False
33941,False
33942,False
33943,True
33944,False
33945,False
33946,False
33947,True
33948,False
33949,True
33950,True
33951,True
33952,True
33953,True
33954,True
33955,True
33956,True
33957,False
33958,False
33959,False
33960,True
33961,False
33962,False
33963,False
33964,False
33965,True
33966,False
33967,True
33968,False
33969,False
33970,False
33971,False
33972,True
33973,False
33974,False
33975,False
33976,False
33977,False
33978,False
33979,False
33980,True
33981,False
33982,True
33983,False
33984,True
33985,True
33986,True
33987,True
33988,False
33989,True
33990,False
33991,True
33992,False
33993,False
33994,False
33995,True
33996,False
33997,False
33998,True
33999,False
34000,False
34001,True
34002,True
34003,False
34004,False
34005,False
34006,False
34007,True
34008,False
34009,False
34010,False
34011,False
34012,False
34013,False
34014,False
34015,False
34016,False
34017,False
34018,False
34019,False
34020,False
34021,False
34022,False
34023,False
34024,True
34025,False
34026,True
34027,True
34028,True
34029,False
34030,False
34031,True
34032,True
34033,False
34034,False
34035,False
34036,False
34037,False
34038,False
34039,False
34040,False
34041,False
34042,False
34043,False
34044,False
34045,True
34046,False
34047,False
34048,False
34049,False
34050,False
34051,False
34052,False
34053,False
34054,False
34055,False
34056,False
34057,False
34058,False
34059,False
34060,False
34061,True
34062,False
34063,False
34064,False
34065,True
34066,True
34067,False
34068,False
34069,False
34070,False
34071,False
34072,False
34073,False
34074,False
34075,False
34076,False
34077,False
34078,False
34079,False
34080,False
34081,False
34082,True
34083,False
34084,True
34085,False
34086,True
34087,False
34088,True
34089,False
34090,True
34091,False
34092,True
34093,True
34094,True
34095,False
34096,False
34097,False
34098,False
34099,False
34100,False
34101,False
34102,False
34103,False
34104,False
34105,False
34106,False
34107,False
34108,True
34109,True
34110,True
34111,True
34112,False
34113,False
34114,False
34115,False
34116,False
34117,True
34118,True
34119,False
34120,False
34121,True
34122,False
34123,False
34124,False
34125,False
34126,False
34127,False
34128,False
34129,False
34130,False
34131,True
34132,True
34133,False
34134,True
34135,False
34136,False
34137,False
34138,False
34139,False
34140,True
34141,False
34142,False
34143,True
34144,False
34145,False
34146,False
34147,True
34148,False
34149,False
34150,False
34151,True
34152,False
34153,False
34154,False
34155,False
34156,False
34157,False
34158,True
34159,False
34160,False
34161,False
34162,False
34163,False
34164,False
34165,False
34166,False
34167,False
34168,False
34169,False
34170,False
34171,False
34172,False
34173,False
34174,False
34175,False
34176,False
34177,False
34178,False
34179,False
34180,False
34181,False
34182,False
34183,False
34184,False
34185,False
34186,False
34187,False
34188,False
34189,False
34190,False
34191,False
34192,False
34193,False
34194,False
34195,False
34196,False
34197,False
34198,False
34199,False
34200,False
34201,False
34202,False
34203,False
34204,False
34205,False
34206,True
34207,True
34208,True
34209,False
34210,False
34211,False
34212,True
34213,True
34214,True
34215,True
34216,True
34217,True
34218,False
34219,True
34220,True
34221,True
34222,True
34223,True
34224,False
34225,False
34226,False
34227,False
34228,False
34229,False
34230,False
34231,True
34232,False
34233,False
34234,False
34235,False
34236,False
34237,True
34238,False
34239,True
34240,False
34241,False
34242,False
34243,False
34244,True
34245,True
34246,False
34247,False
34248,False
34249,False
34250,False
34251,True
34252,True
34253,False
34254,False
34255,False
34256,False
34257,False
34258,False
34259,False
34260,False
34261,False
34262,False
34263,False
34264,False
34265,True
34266,True
34267,True
34268,True
34269,True
34270,True
34271,False
34272,False
34273,False
34274,False
34275,False
34276,False
34277,False
34278,True
34279,False
34280,False
34281,False
34282,False
34283,False
34284,True
34285,False
34286,False
34287,False
34288,False
34289,False
34290,True
34291,False
34292,False
34293,False
34294,False
34295,True
34296,False
34297,False
34298,False
34299,False
34300,False
34301,False
34302,False
34303,False
34304,False
34305,True
34306,True
34307,False
34308,True
34309,False
34310,False
34311,True
34312,False
34313,False
34314,True
34315,False
34316,False
34317,False
34318,True
34319,False
34320,False
34321,False
34322,True
34323,False
34324,False
34325,False
34326,False
34327,False
34328,False
34329,False
34330,False
34331,True
34332,False
34333,True
34334,False
34335,False
34336,False
34337,False
34338,True
34339,False
34340,False
34341,False
34342,True
34343,False
34344,False
34345,False
34346,False
34347,True
34348,True
34349,True
34350,True
34351,False
34352,True
34353,True
34354,True
34355,True
34356,False
34357,False
34358,True
34359,False
34360,False
34361,False
34362,False
34363,False
34364,False
34365,False
34366,False
34367,True
34368,False
34369,False
34370,False
34371,False
34372,False
34373,True
34374,True
34375,True
34376,True
34377,True
34378,True
34379,True
34380,True
34381,False
34382,False
34383,True
34384,False
34385,False
34386,False
34387,False
34388,False
34389,False
34390,False
34391,False
34392,False
34393,False
34394,True
34395,True
34396,False
34397,False
34398,True
34399,True
34400,True
34401,False
34402,False
34403,False
34404,False
34405,True
34406,False
34407,True
34408,False
34409,True
34410,False
34411,True
34412,True
34413,True
34414,True
34415,False
34416,False
34417,False
34418,True
34419,False
34420,False
34421,True
34422,True
34423,False
34424,False
34425,False
34426,False
34427,False
34428,False
34429,True
34430,False
34431,False
34432,False
34433,False
34434,False
34435,False
34436,False
34437,False
34438,False
34439,False
34440,False
34441,False
34442,False
34443,False
34444,False
34445,False
34446,False
34447,False
34448,False
34449,False
34450,False
34451,False
34452,False
34453,False
34454,True
34455,True
34456,False
34457,False
34458,False
34459,False
34460,True
34461,False
34462,True
34463,False
34464,True
34465,False
34466,True
34467,True
34468,True
34469,False
34470,True
34471,False
34472,True
34473,False
34474,False
34475,True
34476,False
34477,False
34478,False
34479,False
34480,True
34481,False
34482,True
34483,False
34484,False
34485,False
34486,False
34487,True
34488,False
34489,False
34490,True
34491,True
34492,True
34493,False
34494,False
34495,False
34496,False
34497,True
34498,True
34499,False
34500,False
34501,True
34502,False
34503,False
34504,True
34505,False
34506,False
34507,True
34508,False
34509,False
34510,False
34511,False
34512,True
34513,False
34514,True
34515,False
34516,False
34517,True
34518,True
34519,False
34520,False
34521,True
34522,False
34523,False
34524,False
34525,False
34526,False
34527,False
34528,True
34529,False
34530,False
34531,False
34532,False
34533,False
34534,False
34535,False
34536,False
34537,False
34538,False
34539,False
34540,False
34541,False
34542,False
34543,False
34544,False
34545,False
34546,False
34547,False
34548,False
34549,False
34550,False
34551,True
34552,False
34553,False
34554,False
34555,False
34556,False
34557,False
34558,False
34559,False
34560,False
34561,False
34562,True
34563,False
34564,False
34565,False
34566,True
34567,False
34568,True
34569,False
34570,False
34571,False
34572,False
34573,True
34574,True
34575,False
34576,False
34577,False
34578,False
34579,False
34580,False
34581,False
34582,False
34583,False
34584,True
34585,False
34586,True
34587,False
34588,False
34589,False
34590,False
34591,False
34592,False
34593,False
34594,False
34595,False
34596,False
34597,False
34598,False
34599,False
34600,False
34601,False
34602,False
34603,False
34604,False
34605,False
34606,True
34607,True
34608,True
34609,True
34610,False
34611,False
34612,False
34613,False
34614,False
34615,False
34616,False
34617,True
34618,False
34619,False
34620,False
34621,False
34622,False
34623,False
34624,False
34625,False
34626,True
34627,False
34628,True
34629,False
34630,False
34631,True
34632,True
34633,True
34634,True
34635,True
34636,False
34637,False
34638,False
34639,False
34640,False
34641,True
34642,False
34643,False
34644,True
34645,False
34646,False
34647,True
34648,True
34649,False
34650,False
34651,True
34652,False
34653,False
34654,False
34655,False
34656,True
34657,False
34658,False
34659,False
34660,False
34661,False
34662,False
34663,False
34664,True
34665,False
34666,False
34667,False
34668,True
34669,False
34670,False
34671,False
34672,False
34673,False
34674,False
34675,False
34676,False
34677,False
34678,False
34679,False
34680,False
34681,True
34682,True
34683,True
34684,False
34685,False
34686,False
34687,False
34688,False
34689,False
34690,False
34691,False
34692,False
34693,False
34694,False
34695,True
34696,False
34697,False
34698,False
34699,False
34700,True
34701,False
34702,False
34703,False
34704,False
34705,False
34706,False
34707,False
34708,False
34709,False
34710,False
34711,False
34712,False
34713,False
34714,False
34715,False
34716,False
34717,True
34718,False
34719,False
34720,False
34721,False
34722,True
34723,False
34724,False
34725,False
34726,False
34727,False
34728,False
34729,False
34730,False
34731,False
34732,False
34733,False
34734,False
34735,True
34736,False
34737,False
34738,True
34739,False
34740,False
34741,False
34742,False
34743,False
34744,False
34745,False
34746,False
34747,False
34748,True
34749,True
34750,False
34751,False
34752,True
34753,True
34754,False
34755,False
34756,True
34757,False
34758,False
34759,True
34760,True
34761,False
34762,True
34763,False
34764,False
34765,False
34766,False
34767,False
34768,False
34769,False
34770,False
34771,False
34772,True
34773,True
34774,False
34775,False
34776,False
34777,False
34778,False
34779,False
34780,False
34781,False
34782,False
34783,False
34784,False
34785,False
34786,True
34787,False
34788,False
34789,False
34790,False
34791,False
34792,False
34793,False
34794,False
34795,False
34796,False
34797,True
34798,False
34799,False
34800,False
34801,False
34802,False
34803,True
34804,True
34805,False
34806,False
34807,False
34808,False
34809,False
34810,False
34811,False
34812,False
34813,False
34814,False
34815,False
34816,False
34817,True
34818,True
34819,False
34820,False
34821,False
34822,False
34823,False
34824,False
34825,False
34826,True
34827,False
34828,False
34829,False
34830,False
34831,False
34832,True
34833,True
34834,False
34835,False
34836,False
34837,False
34838,False
34839,False
34840,False
34841,False
34842,False
34843,False
34844,False
34845,True
34846,False
34847,True
34848,False
34849,False
34850,False
34851,True
34852,False
34853,True
34854,False
34855,False
34856,True
34857,False
34858,False
34859,True
34860,True
34861,False
34862,False
34863,True
34864,False
34865,True
34866,True
34867,False
34868,True
34869,False
34870,False
34871,True
34872,False
34873,False
34874,False
34875,False
34876,False
34877,False
34878,False
34879,False
34880,False
34881,False
34882,False
34883,False
34884,False
34885,False
34886,True
34887,False
34888,False
34889,False
34890,False
34891,True
34892,False
34893,False
34894,True
34895,True
34896,False
34897,True
34898,False
34899,True
34900,False
34901,False
34902,True
34903,False
34904,False
34905,False
34906,True
34907,False
34908,False
34909,False
34910,False
34911,False
34912,False
34913,False
34914,False
34915,True
34916,False
34917,False
34918,False
34919,False
34920,False
34921,False
34922,False
34923,False
34924,False
34925,False
34926,True
34927,True
34928,True
34929,False
34930,False
34931,False
34932,False
34933,True
34934,False
34935,False
34936,False
34937,False
34938,False
34939,False
34940,False
34941,False
34942,False
34943,False
34944,False
34945,False
34946,True
34947,False
34948,False
34949,True
34950,False
34951,False
34952,False
34953,False
34954,False
34955,False
34956,True
34957,True
34958,False
34959,False
34960,False
34961,False
34962,False
34963,True
34964,False
34965,False
34966,False
34967,False
34968,False
34969,False
34970,False
34971,False
34972,True
34973,False
34974,False
34975,False
34976,False
34977,True
34978,False
34979,True
34980,True
34981,False
34982,False
34983,False
34984,False
34985,False
34986,False
34987,False
34988,False
34989,False
34990,False
34991,False
34992,False
34993,False
34994,False
34995,False
34996,False
34997,False
34998,False
34999,False
35000,False
35001,False
35002,False
35003,False
35004,False
35005,False
35006,False
35007,False
35008,False
35009,False
35010,False
35011,False
35012,False
35013,False
35014,False
35015,False
35016,True
35017,True
35018,False
35019,False
35020,False
35021,False
35022,False
35023,False
35024,False
35025,False
35026,False
35027,False
35028,False
35029,False
35030,False
35031,True
35032,True
35033,False
35034,True
35035,False
35036,True
35037,True
35038,False
35039,False
35040,False
35041,False
35042,False
35043,False
35044,False
35045,False
35046,True
35047,True
35048,False
35049,False
35050,False
35051,False
35052,False
35053,False
35054,False
35055,False
35056,False
35057,False
35058,False
35059,False
35060,False
35061,False
35062,False
35063,False
35064,False
35065,False
35066,False
35067,False
35068,True
35069,False
35070,False
35071,False
35072,False
35073,False
35074,False
35075,False
35076,False
35077,False
35078,False
35079,False
35080,False
35081,False
35082,False
35083,False
35084,False
35085,False
35086,False
35087,False
35088,False
35089,False
35090,False
35091,False
35092,False
35093,False
35094,True
35095,True
35096,True
35097,True
35098,False
35099,True
35100,True
35101,False
35102,False
35103,False
35104,True
35105,False
35106,True
35107,True
35108,False
35109,True
35110,False
35111,False
35112,False
35113,False
35114,False
35115,False
35116,False
35117,False
35118,False
35119,False
35120,False
35121,False
35122,True
35123,False
35124,False
35125,False
35126,False
35127,False
35128,False
35129,False
35130,False
35131,False
35132,False
35133,False
35134,False
35135,False
35136,False
35137,False
35138,False
35139,False
35140,True
35141,False
35142,False
35143,False
35144,False
35145,False
35146,False
35147,False
35148,False
35149,True
35150,False
35151,False
35152,False
35153,False
35154,False
35155,False
35156,False
35157,True
35158,False
35159,False
35160,True
35161,True
35162,False
35163,False
35164,False
35165,True
35166,True
35167,True
35168,False
35169,False
35170,True
35171,False
35172,False
35173,True
35174,False
35175,False
35176,True
35177,True
35178,False
35179,False
35180,False
35181,False
35182,False
35183,True
35184,False
35185,True
35186,False
35187,False
35188,True
35189,True
35190,False
35191,False
35192,False
35193,True
35194,True
35195,False
35196,False
35197,False
35198,False
35199,False
35200,False
35201,False
35202,False
35203,False
35204,False
35205,False
35206,False
35207,False
35208,False
35209,False
35210,False
35211,True
35212,False
35213,False
35214,False
35215,True
35216,True
35217,False
35218,True
35219,False
35220,False
35221,False
35222,True
35223,False
35224,True
35225,False
35226,True
35227,False
35228,False
35229,False
35230,False
35231,False
35232,False
35233,False
35234,False
35235,True
35236,True
35237,False
35238,True
35239,False
35240,True
35241,True
35242,False
35243,False
35244,True
35245,False
35246,True
35247,False
35248,False
35249,True
35250,False
35251,False
35252,False
35253,False
35254,False
35255,False
35256,False
35257,False
35258,False
35259,False
35260,False
35261,False
35262,True
35263,False
35264,False
35265,False
35266,False
35267,False
35268,False
35269,False
35270,False
35271,False
35272,False
35273,False
35274,False
35275,True
35276,True
35277,False
35278,False
35279,False
35280,False
35281,True
35282,True
35283,False
35284,True
35285,True
35286,False
35287,False
35288,True
35289,True
35290,False
35291,False
35292,False
35293,False
35294,True
35295,False
35296,False
35297,False
35298,True
35299,True
35300,False
35301,False
35302,False
35303,False
35304,False
35305,False
35306,False
35307,False
35308,False
35309,True
35310,False
35311,True
35312,False
35313,False
35314,False
35315,False
35316,False
35317,False
35318,False
35319,True
35320,True
35321,True
35322,False
35323,True
35324,True
35325,True
35326,False
35327,False
35328,False
35329,False
35330,False
35331,True
35332,True
35333,False
35334,False
35335,False
35336,False
35337,False
35338,False
35339,False
35340,True
35341,False
35342,False
35343,False
35344,False
35345,False
35346,False
35347,False
35348,False
35349,False
35350,False
35351,False
35352,False
35353,True
35354,False
35355,True
35356,True
35357,False
35358,False
35359,False
35360,False
35361,True
35362,False
35363,False
35364,True
35365,False
35366,False
35367,True
35368,False
35369,False
35370,True
35371,False
35372,True
35373,False
35374,False
35375,True
35376,False
35377,False
35378,False
35379,True
35380,False
35381,False
35382,False
35383,False
35384,False
35385,False
35386,False
35387,True
35388,False
35389,False
35390,False
35391,False
35392,False
35393,False
35394,False
35395,True
35396,True
35397,True
35398,False
35399,True
35400,False
35401,False
35402,True
35403,False
35404,False
35405,True
35406,True
35407,False
35408,True
35409,False
35410,False
35411,True
35412,False
35413,True
35414,False
35415,True
35416,True
35417,False
35418,True
35419,False
35420,False
35421,True
35422,True
35423,False
35424,True
35425,False
35426,True
35427,False
35428,False
35429,False
35430,False
35431,False
35432,True
35433,True
35434,True
35435,True
35436,False
35437,False
35438,False
35439,False
35440,False
35441,False
35442,False
35443,True
35444,True
35445,True
35446,True
35447,True
35448,False
35449,True
35450,True
35451,True
35452,True
35453,True
35454,True
35455,False
35456,False
35457,True
35458,False
35459,False
35460,False
35461,False
35462,False
35463,False
35464,True
35465,False
35466,True
35467,False
35468,False
35469,False
35470,True
35471,False
35472,False
35473,False
35474,False
35475,False
35476,False
35477,False
35478,False
35479,False
35480,False
35481,False
35482,True
35483,True
35484,False
35485,False
35486,True
35487,True
35488,True
35489,True
35490,True
35491,True
35492,True
35493,False
35494,False
35495,False
35496,False
35497,False
35498,False
35499,False
35500,False
35501,False
35502,False
35503,True
35504,False
35505,False
35506,False
35507,False
35508,False
35509,False
35510,False
35511,False
35512,True
35513,True
35514,False
35515,True
35516,False
35517,False
35518,False
35519,False
35520,False
35521,False
35522,True
35523,True
35524,False
35525,False
35526,False
35527,False
35528,True
35529,True
35530,False
35531,True
35532,True
35533,True
35534,False
35535,False
35536,True
35537,True
35538,True
35539,False
35540,False
35541,True
35542,False
35543,False
35544,False
35545,False
35546,False
35547,False
35548,False
35549,True
35550,False
35551,False
35552,False
35553,False
35554,True
35555,False
35556,True
35557,True
35558,False
35559,False
35560,False
35561,False
35562,False
35563,False
35564,False
35565,False
35566,False
35567,True
35568,False
35569,False
35570,True
35571,True
35572,False
35573,True
35574,False
35575,False
35576,False
35577,True
35578,False
35579,False
35580,False
35581,False
35582,False
35583,False
35584,False
35585,False
35586,False
35587,True
35588,True
35589,True
35590,True
35591,True
35592,False
35593,False
35594,False
35595,False
35596,True
35597,False
35598,True
35599,True
35600,False
35601,False
35602,False
35603,False
35604,False
35605,False
35606,False
35607,True
35608,True
35609,True
35610,False
35611,True
35612,True
35613,True
35614,False
35615,False
35616,True
35617,False
35618,False
35619,False
35620,True
35621,False
35622,True
35623,False
35624,False
35625,False
35626,False
35627,False
35628,False
35629,False
35630,False
35631,False
35632,True
35633,True
35634,True
35635,True
35636,False
35637,False
35638,False
35639,False
35640,False
35641,False
35642,False
35643,False
35644,False
35645,False
35646,False
35647,False
35648,True
35649,False
35650,False
35651,False
35652,False
35653,False
35654,False
35655,False
35656,False
35657,False
35658,True
35659,False
35660,False
35661,True
35662,True
35663,True
35664,False
35665,False
35666,True
35667,False
35668,True
35669,False
35670,True
35671,False
35672,True
35673,True
35674,False
35675,False
35676,False
35677,False
35678,False
35679,True
35680,True
35681,True
35682,False
35683,False
35684,False
35685,False
35686,False
35687,False
35688,False
35689,True
35690,True
35691,False
35692,True
35693,False
35694,False
35695,False
35696,False
35697,True
35698,False
35699,False
35700,False
35701,False
35702,False
35703,False
35704,False
35705,False
35706,False
35707,False
35708,False
35709,False
35710,False
35711,False
35712,True
35713,True
35714,False
35715,False
35716,True
35717,False
35718,False
35719,False
35720,False
35721,False
35722,False
35723,False
35724,False
35725,False
35726,False
35727,False
35728,False
35729,False
35730,False
35731,False
35732,False
35733,False
35734,False
35735,False
35736,False
35737,False
35738,True
35739,True
35740,True
35741,True
35742,True
35743,False
35744,True
35745,False
35746,False
35747,True
35748,False
35749,False
35750,False
35751,True
35752,False
35753,True
35754,False
35755,False
35756,False
35757,False
35758,False
35759,False
35760,False
35761,False
35762,False
35763,False
35764,False
35765,True
35766,False
35767,True
35768,False
35769,False
35770,False
35771,False
35772,False
35773,False
35774,False
35775,False
35776,False
35777,False
35778,False
35779,True
35780,False
35781,False
35782,False
35783,False
35784,False
35785,False
35786,False
35787,False
35788,False
35789,False
35790,False
35791,False
35792,False
35793,False
35794,False
35795,True
35796,False
35797,False
35798,False
35799,False
35800,False
35801,False
35802,False
35803,False
35804,False
35805,True
35806,True
35807,True
35808,True
35809,False
35810,False
35811,False
35812,False
35813,False
35814,True
35815,True
35816,False
35817,True
35818,False
35819,True
35820,False
35821,False
35822,False
35823,True
35824,False
35825,False
35826,False
35827,True
35828,True
35829,True
35830,True
35831,False
35832,False
35833,False
35834,False
35835,False
35836,False
35837,True
35838,False
35839,True
35840,True
35841,False
35842,False
35843,True
35844,False
35845,True
35846,False
35847,True
35848,False
35849,False
35850,False
35851,False
35852,True
35853,True
35854,False
35855,False
35856,False
35857,False
35858,False
35859,False
35860,True
35861,True
35862,False
35863,False
35864,False
35865,False
35866,False
35867,False
35868,False
35869,False
35870,False
35871,True
35872,True
35873,False
35874,False
35875,False
35876,False
35877,False
35878,False
35879,False
35880,False
35881,False
35882,False
35883,False
35884,False
35885,False
35886,False
35887,False
35888,False
35889,True
35890,False
35891,False
35892,False
35893,True
35894,False
35895,False
35896,False
35897,False
35898,False
35899,False
35900,False
35901,False
35902,False
35903,False
35904,False
35905,True
35906,True
35907,False
35908,False
35909,False
35910,True
35911,False
35912,False
35913,False
35914,False
35915,False
35916,False
35917,False
35918,True
35919,False
35920,False
35921,False
35922,False
35923,False
35924,True
35925,False
35926,False
35927,False
35928,False
35929,False
35930,False
35931,True
35932,False
35933,False
35934,False
35935,True
35936,True
35937,False
35938,False
35939,False
35940,False
35941,False
35942,False
35943,True
35944,False
35945,True
35946,False
35947,False
35948,False
35949,False
35950,False
35951,False
35952,False
35953,False
35954,False
35955,True
35956,True
35957,True
35958,True
35959,False
35960,False
35961,False
35962,False
35963,False
35964,False
35965,False
35966,False
35967,False
35968,False
35969,False
35970,False
35971,False
35972,True
35973,False
35974,True
35975,False
35976,False
35977,False
35978,False
35979,False
35980,True
35981,True
35982,False
35983,False
35984,True
35985,False
35986,False
35987,False
35988,False
35989,False
35990,False
35991,False
35992,False
35993,False
35994,True
35995,False
35996,False
35997,False
35998,False
35999,False
36000,False
36001,True
36002,False
36003,True
36004,True
36005,False
36006,False
36007,False
36008,True
36009,True
36010,False
36011,False
36012,False
36013,False
36014,True
36015,False
36016,False
36017,False
36018,False
36019,False
36020,False
36021,False
36022,False
36023,False
36024,False
36025,False
36026,False
36027,False
36028,True
36029,False
36030,False
36031,True
36032,False
36033,False
36034,True
36035,False
36036,False
36037,True
36038,True
36039,False
36040,False
36041,False
36042,False
36043,True
36044,False
36045,False
36046,False
36047,True
36048,False
36049,False
36050,False
36051,False
36052,False
36053,False
36054,False
36055,False
36056,False
36057,True
36058,True
36059,False
36060,False
36061,True
36062,False
36063,False
36064,False
36065,True
36066,True
36067,False
36068,False
36069,False
36070,False
36071,False
36072,False
36073,False
36074,True
36075,True
36076,True
36077,True
36078,False
36079,False
36080,False
36081,False
36082,False
36083,True
36084,False
36085,True
36086,False
36087,False
36088,False
36089,False
36090,False
36091,False
36092,False
36093,True
36094,False
36095,False
36096,False
36097,False
36098,False
36099,False
36100,True
36101,False
36102,False
36103,False
36104,False
36105,False
36106,False
36107,False
36108,True
36109,True
36110,False
36111,False
36112,True
36113,True
36114,False
36115,True
36116,False
36117,True
36118,False
36119,False
36120,True
36121,True
36122,False
36123,True
36124,True
36125,True
36126,False
36127,False
36128,True
36129,False
36130,True
36131,False
36132,True
36133,False
36134,False
36135,False
36136,True
36137,True
36138,False
36139,False
36140,False
36141,True
36142,False
36143,False
36144,False
36145,True
36146,True
36147,True
36148,False
36149,False
36150,False
36151,False
36152,False
36153,False
36154,False
36155,True
36156,False
36157,True
36158,False
36159,False
36160,False
36161,False
36162,True
36163,False
36164,True
36165,False
36166,True
36167,True
36168,True
36169,False
36170,False
36171,False
36172,False
36173,False
36174,False
36175,False
36176,False
36177,False
36178,False
36179,False
36180,False
36181,False
36182,False
36183,False
36184,True
36185,False
36186,False
36187,False
36188,True
36189,True
36190,False
36191,False
36192,False
36193,False
36194,True
36195,False
36196,False
36197,False
36198,False
36199,False
36200,False
36201,True
36202,False
36203,False
36204,False
36205,False
36206,True
36207,False
36208,False
36209,False
36210,False
36211,False
36212,False
36213,False
36214,False
36215,True
36216,False
36217,False
36218,False
36219,True
36220,True
36221,True
36222,True
36223,False
36224,False
36225,False
36226,False
36227,False
36228,False
36229,False
36230,False
36231,False
36232,True
36233,False
36234,False
36235,False
36236,False
36237,True
36238,False
36239,True
36240,False
36241,False
36242,False
36243,False
36244,False
36245,False
36246,False
36247,True
36248,False
36249,False
36250,True
36251,False
36252,True
36253,False
36254,False
36255,True
36256,False
36257,False
36258,False
36259,False
36260,False
36261,False
36262,True
36263,False
36264,True
36265,False
36266,False
36267,False
36268,False
36269,False
36270,False
36271,False
36272,False
36273,False
36274,False
36275,False
36276,False
36277,True
36278,False
36279,True
36280,False
36281,False
36282,True
36283,False
36284,False
36285,False
36286,False
36287,False
36288,False
36289,False
36290,False
36291,True
36292,True
36293,False
36294,False
36295,False
36296,False
36297,False
36298,True
36299,True
36300,True
36301,False
36302,False
36303,True
36304,False
36305,True
36306,False
36307,False
36308,True
36309,False
36310,False
36311,False
36312,False
36313,False
36314,True
36315,False
36316,False
36317,False
36318,True
36319,False
36320,False
36321,False
36322,False
36323,False
36324,False
36325,False
36326,False
36327,False
36328,True
36329,False
36330,True
36331,True
36332,True
36333,True
36334,False
36335,False
36336,False
36337,False
36338,False
36339,False
36340,True
36341,False
36342,False
36343,False
36344,False
36345,False
36346,True
36347,False
36348,True
36349,False
36350,False
36351,False
36352,False
36353,False
36354,False
36355,True
36356,True
36357,False
36358,False
36359,False
36360,False
36361,True
36362,False
36363,False
36364,False
36365,False
36366,False
36367,False
36368,False
36369,False
36370,True
36371,False
36372,False
36373,False
36374,False
36375,False
36376,False
36377,False
36378,False
36379,False
36380,False
36381,False
36382,False
36383,False
36384,False
36385,False
36386,False
36387,False
36388,False
36389,True
36390,False
36391,False
36392,False
36393,False
36394,False
36395,False
36396,True
36397,False
36398,False
36399,False
36400,False
36401,False
36402,True
36403,False
36404,False
36405,False
36406,False
36407,True
36408,True
36409,False
36410,True
36411,False
36412,False
36413,True
36414,True
36415,False
36416,True
36417,False
36418,False
36419,False
36420,False
36421,False
36422,False
36423,False
36424,False
36425,False
36426,False
36427,True
36428,False
36429,False
36430,False
36431,True
36432,True
36433,True
36434,False
36435,False
36436,False
36437,True
36438,False
36439,False
36440,True
36441,False
36442,False
36443,False
36444,True
36445,False
36446,False
36447,True
36448,False
36449,False
36450,False
36451,False
36452,False
36453,False
36454,False
36455,False
36456,True
36457,True
36458,True
36459,False
36460,False
36461,False
36462,False
36463,True
36464,False
36465,False
36466,False
36467,False
36468,False
36469,False
36470,False
36471,True
36472,True
36473,False
36474,False
36475,False
36476,False
36477,False
36478,False
36479,False
36480,True
36481,True
36482,False
36483,True
36484,True
36485,False
36486,True
36487,False
36488,False
36489,False
36490,False
36491,False
36492,False
36493,False
36494,False
36495,False
36496,False
36497,False
36498,False
36499,False
36500,False
36501,False
36502,False
36503,False
36504,False
36505,False
36506,False
36507,False
36508,False
36509,False
36510,True
36511,False
36512,False
36513,False
36514,False
36515,False
36516,False
36517,False
36518,False
36519,False
36520,False
36521,False
36522,False
36523,False
36524,False
36525,False
36526,False
36527,False
36528,False
36529,False
36530,False
36531,True
36532,True
36533,True
36534,True
36535,False
36536,False
36537,False
36538,False
36539,True
36540,False
36541,False
36542,True
36543,False
36544,False
36545,False
36546,True
36547,False
36548,False
36549,False
36550,False
36551,True
36552,False
36553,True
36554,False
36555,False
36556,False
36557,False
36558,True
36559,True
36560,False
36561,False
36562,False
36563,False
36564,True
36565,False
36566,False
36567,False
36568,False
36569,False
36570,False
36571,False
36572,False
36573,False
36574,True
36575,True
36576,False
36577,False
36578,False
36579,True
36580,True
36581,False
36582,False
36583,False
36584,False
36585,False
36586,False
36587,False
36588,False
36589,True
36590,False
36591,False
36592,False
36593,True
36594,True
36595,False
36596,False
36597,True
36598,True
36599,True
36600,True
36601,False
36602,True
36603,False
36604,False
36605,False
36606,False
36607,False
36608,False
36609,True
36610,False
36611,True
36612,True
36613,False
36614,True
36615,False
36616,False
36617,False
36618,False
36619,False
36620,False
36621,False
36622,True
36623,False
36624,True
36625,True
36626,True
36627,False
36628,False
36629,True
36630,False
36631,False
36632,True
36633,False
36634,False
36635,False
36636,True
36637,False
36638,False
36639,False
36640,False
36641,False
36642,False
36643,False
36644,False
36645,True
36646,True
36647,False
36648,True
36649,False
36650,False
36651,True
36652,True
36653,False
36654,True
36655,True
36656,False
36657,True
36658,False
36659,False
36660,False
36661,False
36662,False
36663,False
36664,False
36665,False
36666,False
36667,True
36668,False
36669,False
36670,False
36671,False
36672,False
36673,False
36674,False
36675,False
36676,False
36677,False
36678,False
36679,False
36680,False
36681,False
36682,False
36683,False
36684,False
36685,True
36686,False
36687,False
36688,False
36689,False
36690,False
36691,False
36692,False
36693,False
36694,False
36695,False
36696,False
36697,True
36698,False
36699,False
36700,False
36701,False
36702,False
36703,True
36704,False
36705,True
36706,False
36707,False
36708,False
36709,False
36710,True
36711,False
36712,False
36713,False
36714,False
36715,False
36716,False
36717,False
36718,False
36719,True
36720,False
36721,False
36722,True
36723,True
36724,False
36725,False
36726,True
36727,True
36728,False
36729,True
36730,False
36731,False
36732,True
36733,False
36734,False
36735,False
36736,False
36737,True
36738,False
36739,True
36740,True
36741,True
36742,False
36743,True
36744,False
36745,False
36746,True
36747,True
36748,False
36749,True
36750,False
36751,True
36752,False
36753,True
36754,False
36755,False
36756,True
36757,True
36758,False
36759,False
36760,False
36761,True
36762,False
36763,False
36764,False
36765,False
36766,False
36767,False
36768,False
36769,False
36770,True
36771,False
36772,False
36773,False
36774,False
36775,False
36776,False
36777,False
36778,False
36779,False
36780,True
36781,False
36782,True
36783,False
36784,False
36785,False
36786,False
36787,False
36788,True
36789,False
36790,False
36791,False
36792,False
36793,False
36794,False
36795,False
36796,False
36797,False
36798,False
36799,False
36800,False
36801,False
36802,False
36803,True
36804,True
36805,True
36806,False
36807,True
36808,True
36809,False
36810,False
36811,False
36812,False
36813,False
36814,False
36815,False
36816,False
36817,False
36818,False
36819,False
36820,False
36821,False
36822,False
36823,False
36824,False
36825,False
36826,False
36827,False
36828,False
36829,False
36830,False
36831,False
36832,True
36833,False
36834,False
36835,False
36836,False
36837,False
36838,False
36839,False
36840,True
36841,False
36842,True
36843,False
36844,False
36845,False
36846,False
36847,False
36848,False
36849,False
36850,False
36851,False
36852,False
36853,False
36854,False
36855,False
36856,True
36857,False
36858,False
36859,False
36860,True
36861,False
36862,False
36863,False
36864,True
36865,False
36866,True
36867,True
36868,False
36869,True
36870,True
36871,True
36872,False
36873,True
36874,False
36875,False
36876,False
36877,True
36878,False
36879,False
36880,True
36881,False
36882,False
36883,False
36884,False
36885,False
36886,True
36887,True
36888,True
36889,True
36890,True
36891,True
36892,True
36893,False
36894,True
36895,True
36896,True
36897,False
36898,False
36899,False
36900,False
36901,False
36902,False
36903,False
36904,True
36905,False
36906,False
36907,False
36908,False
36909,False
36910,False
36911,False
36912,True
36913,False
36914,False
36915,False
36916,False
36917,True
36918,True
36919,True
36920,False
36921,False
36922,False
36923,False
36924,False
36925,False
36926,False
36927,False
36928,False
36929,True
36930,False
36931,False
36932,False
36933,False
36934,False
36935,False
36936,False
36937,False
36938,False
36939,True
36940,True
36941,False
36942,False
36943,False
36944,False
36945,False
36946,False
36947,True
36948,False
36949,False
36950,False
36951,False
36952,False
36953,False
36954,False
36955,False
36956,False
36957,False
36958,True
36959,True
36960,True
36961,False
36962,False
36963,True
36964,False
36965,False
36966,False
36967,True
36968,False
36969,False
36970,False
36971,True
36972,True
36973,False
36974,False
36975,False
36976,False
36977,False
36978,True
36979,True
36980,False
36981,True
36982,False
36983,False
36984,True
36985,False
36986,False
36987,False
36988,True
36989,True
36990,True
36991,False
36992,True
36993,True
36994,True
36995,False
36996,True
36997,False
36998,False
36999,False
37000,False
37001,False
37002,False
37003,False
37004,False
37005,True
37006,True
37007,False
37008,True
37009,True
37010,False
37011,True
37012,True
37013,False
37014,False
37015,False
37016,False
37017,False
37018,False
37019,True
37020,False
37021,False
37022,True
37023,False
37024,True
37025,False
37026,True
37027,False
37028,False
37029,False
37030,True
37031,False
37032,True
37033,False
37034,False
37035,False
37036,False
37037,True
37038,False
37039,False
37040,True
37041,False
37042,False
37043,True
37044,True
37045,True
37046,False
37047,False
37048,False
37049,False
37050,False
37051,False
37052,True
37053,True
37054,False
37055,True
37056,False
37057,False
37058,False
37059,False
37060,True
37061,False
37062,False
37063,False
37064,True
37065,False
37066,False
37067,False
37068,False
37069,False
37070,False
37071,False
37072,False
37073,False
37074,False
37075,False
37076,True
37077,False
37078,False
37079,False
37080,False
37081,True
37082,False
37083,False
37084,True
37085,True
37086,True
37087,False
37088,False
37089,False
37090,True
37091,True
37092,False
37093,False
37094,False
37095,False
37096,False
37097,False
37098,True
37099,True
37100,True
37101,True
37102,False
37103,True
37104,False
37105,False
37106,False
37107,False
37108,False
37109,True
37110,False
37111,True
37112,True
37113,False
37114,False
37115,False
37116,True
37117,False
37118,False
37119,True
37120,False
37121,False
37122,False
37123,False
37124,False
37125,True
37126,False
37127,True
37128,False
37129,False
37130,True
37131,True
37132,True
37133,True
37134,False
37135,False
37136,False
37137,False
37138,False
37139,False
37140,False
37141,True
37142,False
37143,False
37144,False
37145,False
37146,False
37147,True
37148,False
37149,False
37150,True
37151,False
37152,False
37153,False
37154,False
37155,False
37156,False
37157,True
37158,False
37159,False
37160,True
37161,False
37162,True
37163,True
37164,True
37165,True
37166,True
37167,True
37168,True
37169,True
37170,False
37171,False
37172,False
37173,False
37174,False
37175,False
37176,False
37177,False
37178,False
37179,True
37180,False
37181,False
37182,False
37183,False
37184,False
37185,True
37186,False
37187,True
37188,True
37189,False
37190,False
37191,True
37192,False
37193,False
37194,False
37195,False
37196,True
37197,False
37198,False
37199,False
37200,False
37201,False
37202,False
37203,False
37204,False
37205,False
37206,False
37207,False
37208,False
37209,False
37210,False
37211,False
37212,False
37213,False
37214,False
37215,False
37216,False
37217,False
37218,False
37219,False
37220,False
37221,False
37222,True
37223,True
37224,False
37225,False
37226,False
37227,False
37228,False
37229,False
37230,False
37231,False
37232,False
37233,False
37234,False
37235,False
37236,True
37237,False
37238,False
37239,False
37240,True
37241,False
37242,True
37243,True
37244,False
37245,False
37246,True
37247,False
37248,False
37249,False
37250,False
37251,False
37252,False
37253,False
37254,False
37255,False
37256,False
37257,False
37258,False
37259,True
37260,False
37261,True
37262,False
37263,False
37264,False
37265,False
37266,False
37267,False
37268,False
37269,False
37270,False
37271,False
37272,True
37273,False
37274,False
37275,False
37276,True
37277,False
37278,True
37279,False
37280,False
37281,False
37282,False
37283,False
37284,False
37285,True
37286,True
37287,False
37288,False
37289,False
37290,False
37291,False
37292,False
37293,True
37294,False
37295,False
37296,True
37297,False
37298,False
37299,False
37300,False
37301,False
37302,False
37303,False
37304,False
37305,False
37306,False
37307,False
37308,True
37309,False
37310,False
37311,False
37312,False
37313,False
37314,False
37315,False
37316,False
37317,False
37318,True
37319,True
37320,False
37321,True
37322,False
37323,False
37324,False
37325,True
37326,False
37327,True
37328,False
37329,False
37330,True
37331,True
37332,False
37333,False
37334,False
37335,False
37336,False
37337,False
37338,False
37339,False
37340,True
37341,False
37342,True
37343,False
37344,False
37345,False
37346,False
37347,True
37348,True
37349,False
37350,False
37351,False
37352,False
37353,True
37354,False
37355,False
37356,True
37357,False
37358,False
37359,False
37360,False
37361,False
37362,False
37363,False
37364,False
37365,False
37366,True
37367,False
37368,True
37369,False
37370,True
37371,False
37372,False
37373,False
37374,False
37375,False
37376,False
37377,False
37378,False
37379,True
37380,True
37381,False
37382,False
37383,False
37384,True
37385,True
37386,False
37387,False
37388,False
37389,False
37390,False
37391,False
37392,False
37393,False
37394,False
37395,True
37396,False
37397,False
37398,False
37399,False
37400,False
37401,False
37402,False
37403,False
37404,False
37405,False
37406,False
37407,False
37408,True
37409,True
37410,False
37411,False
37412,False
37413,False
37414,False
37415,False
37416,True
37417,False
37418,False
37419,False
37420,False
37421,False
37422,True
37423,True
37424,False
37425,False
37426,False
37427,False
37428,False
37429,True
37430,False
37431,False
37432,False
37433,True
37434,True
37435,True
37436,True
37437,False
37438,False
37439,True
37440,False
37441,False
37442,True
37443,False
37444,True
37445,False
37446,False
37447,False
37448,False
37449,False
37450,False
37451,False
37452,False
37453,True
37454,True
37455,False
37456,True
37457,False
37458,True
37459,False
37460,False
37461,False
37462,False
37463,True
37464,False
37465,False
37466,False
37467,False
37468,False
37469,False
37470,False
37471,False
37472,False
37473,False
37474,False
37475,False
37476,False
37477,True
37478,True
37479,False
37480,False
37481,False
37482,False
37483,True
37484,True
37485,True
37486,False
37487,False
37488,False
37489,False
37490,True
37491,False
37492,True
37493,True
37494,False
37495,True
37496,False
37497,False
37498,False
37499,False
37500,True
37501,True
37502,True
37503,False
37504,False
37505,True
37506,False
37507,False
37508,True
37509,False
37510,False
37511,False
37512,True
37513,False
37514,False
37515,False
37516,False
37517,False
37518,False
37519,True
37520,True
37521,True
37522,False
37523,False
37524,True
37525,False
37526,False
37527,False
37528,True
37529,False
37530,True
37531,False
37532,True
37533,False
37534,False
37535,False
37536,False
37537,False
37538,False
37539,False
37540,False
37541,False
37542,False
37543,False
37544,False
37545,True
37546,True
37547,False
37548,False
37549,True
37550,False
37551,False
37552,False
37553,False
37554,False
37555,True
37556,False
37557,False
37558,True
37559,False
37560,False
37561,False
37562,False
37563,True
37564,False
37565,False
37566,False
37567,True
37568,False
37569,True
37570,False
37571,False
37572,False
37573,False
37574,False
37575,False
37576,False
37577,True
37578,False
37579,False
37580,False
37581,False
37582,False
37583,True
37584,False
37585,True
37586,False
37587,False
37588,False
37589,False
37590,False
37591,True
37592,False
37593,False
37594,False
37595,False
37596,False
37597,False
37598,False
37599,False
37600,False
37601,False
37602,False
37603,False
37604,False
37605,False
37606,False
37607,False
37608,False
37609,False
37610,False
37611,False
37612,False
37613,True
37614,True
37615,False
37616,True
37617,False
37618,True
37619,False
37620,False
37621,True
37622,False
37623,False
37624,False
37625,True
37626,False
37627,False
37628,True
37629,False
37630,False
37631,False
37632,True
37633,False
37634,True
37635,False
37636,False
37637,False
37638,False
37639,False
37640,True
37641,False
37642,False
37643,False
37644,False
37645,False
37646,True
37647,False
37648,False
37649,False
37650,False
37651,True
37652,True
37653,True
37654,False
37655,True
37656,False
37657,True
37658,True
37659,False
37660,True
37661,False
37662,False
37663,True
37664,False
37665,False
37666,False
37667,False
37668,False
37669,True
37670,True
37671,True
37672,False
37673,False
37674,True
37675,True
37676,False
37677,False
37678,False
37679,False
37680,False
37681,True
37682,False
37683,True
37684,True
37685,False
37686,True
37687,False
37688,False
37689,False
37690,True
37691,False
37692,True
37693,True
37694,False
37695,False
37696,False
37697,False
37698,False
37699,False
37700,False
37701,False
37702,False
37703,False
37704,False
37705,False
37706,True
37707,False
37708,True
37709,False
37710,True
37711,False
37712,False
37713,False
37714,False
37715,False
37716,False
37717,False
37718,False
37719,False
37720,True
37721,False
37722,True
37723,False
37724,True
37725,False
37726,False
37727,False
37728,False
37729,False
37730,False
37731,False
37732,False
37733,False
37734,False
37735,False
37736,False
37737,False
37738,True
37739,False
37740,False
37741,True
37742,False
37743,False
37744,False
37745,True
37746,False
37747,False
37748,False
37749,False
37750,False
37751,False
37752,False
37753,True
37754,False
37755,False
37756,True
37757,False
37758,False
37759,False
37760,True
37761,False
37762,False
37763,True
37764,False
37765,False
37766,False
37767,True
37768,False
37769,False
37770,False
37771,True
37772,False
37773,False
37774,False
37775,True
37776,False
37777,False
37778,True
37779,False
37780,True
37781,False
37782,False
37783,False
37784,False
37785,True
37786,False
37787,True
37788,False
37789,False
37790,False
37791,True
37792,False
37793,False
37794,False
37795,True
37796,False
37797,True
37798,False
37799,False
37800,False
37801,False
37802,False
37803,False
37804,True
37805,True
37806,False
37807,False
37808,False
37809,True
37810,False
37811,False
37812,False
37813,False
37814,False
37815,False
37816,False
37817,True
37818,False
37819,False
37820,False
37821,True
37822,False
37823,False
37824,False
37825,False
37826,True
37827,False
37828,False
37829,False
37830,False
37831,True
37832,False
37833,False
37834,True
37835,False
37836,True
37837,False
37838,True
37839,True
37840,False
37841,False
37842,False
37843,False
37844,False
37845,False
37846,False
37847,False
37848,True
37849,True
37850,False
37851,False
37852,False
37853,False
37854,False
37855,False
37856,False
37857,False
37858,False
37859,False
37860,False
37861,True
37862,False
37863,True
37864,False
37865,False
37866,False
37867,True
37868,False
37869,False
37870,False
37871,True
37872,False
37873,False
37874,False
37875,False
37876,False
37877,True
37878,False
37879,True
37880,True
37881,False
37882,False
37883,False
37884,False
37885,False
37886,False
37887,True
37888,False
37889,False
37890,True
37891,False
37892,False
37893,False
37894,False
37895,False
37896,False
37897,False
37898,False
37899,False
37900,False
37901,False
37902,True
37903,False
37904,True
37905,True
37906,False
37907,False
37908,True
37909,False
37910,False
37911,False
37912,False
37913,False
37914,False
37915,False
37916,True
37917,False
37918,False
37919,False
37920,False
37921,False
37922,False
37923,True
37924,True
37925,False
37926,True
37927,False
37928,False
37929,False
37930,False
37931,False
37932,False
37933,False
37934,False
37935,True
37936,True
37937,True
37938,True
37939,False
37940,False
37941,True
37942,False
37943,False
37944,False
37945,False
37946,False
37947,False
37948,False
37949,False
37950,True
37951,False
37952,False
37953,False
37954,False
37955,False
37956,False
37957,True
37958,False
37959,False
37960,False
37961,False
37962,False
37963,False
37964,False
37965,False
37966,False
37967,False
37968,False
37969,False
37970,False
37971,False
37972,False
37973,False
37974,False
37975,False
37976,False
37977,True
37978,False
37979,False
37980,False
37981,False
37982,True
37983,False
37984,True
37985,False
37986,False
37987,False
37988,False
37989,False
37990,False
37991,False
37992,False
37993,False
37994,True
37995,False
37996,False
37997,True
37998,False
37999,False
38000,True
38001,True
38002,True
38003,False
38004,False
38005,False
38006,False
38007,False
38008,True
38009,True
38010,False
38011,False
38012,True
38013,True
38014,True
38015,False
38016,True
38017,True
38018,False
38019,False
38020,False
38021,False
38022,False
38023,False
38024,False
38025,False
38026,False
38027,False
38028,False
38029,False
38030,False
38031,True
38032,False
38033,False
38034,False
38035,False
38036,False
38037,True
38038,False
38039,True
38040,True
38041,True
38042,True
38043,False
38044,False
38045,False
38046,False
38047,False
38048,False
38049,False
38050,False
38051,False
38052,False
38053,False
38054,False
38055,False
38056,False
38057,False
38058,False
38059,False
38060,False
38061,False
38062,False
38063,False
38064,False
38065,False
38066,True
38067,False
38068,False
38069,False
38070,False
38071,True
38072,False
38073,False
38074,False
38075,False
38076,False
38077,True
38078,False
38079,False
38080,False
38081,False
38082,False
38083,False
38084,False
38085,True
38086,False
38087,False
38088,True
38089,False
38090,False
38091,False
38092,False
38093,True
38094,False
38095,False
38096,False
38097,True
38098,False
38099,False
38100,False
38101,False
38102,False
38103,False
38104,False
38105,False
38106,False
38107,False
38108,True
38109,False
38110,False
38111,False
38112,False
38113,False
38114,False
38115,False
38116,True
38117,False
38118,False
38119,False
38120,False
38121,False
38122,False
38123,False
38124,False
38125,True
38126,False
38127,False
38128,True
38129,False
38130,False
38131,False
38132,True
38133,True
38134,True
38135,False
38136,False
38137,True
38138,True
38139,False
38140,False
38141,False
38142,True
38143,False
38144,False
38145,False
38146,False
38147,True
38148,False
38149,False
38150,False
38151,True
38152,True
38153,False
38154,False
38155,False
38156,True
38157,True
38158,True
38159,False
38160,False
38161,False
38162,True
38163,True
38164,False
38165,False
38166,True
38167,False
38168,True
38169,True
38170,True
38171,False
38172,True
38173,False
38174,False
38175,False
38176,False
38177,False
38178,False
38179,False
38180,False
38181,True
38182,False
38183,True
38184,False
38185,False
38186,False
38187,False
38188,False
38189,False
38190,False
38191,False
38192,False
38193,False
38194,False
38195,True
38196,True
38197,True
38198,False
38199,False
38200,False
38201,True
38202,False
38203,False
38204,False
38205,False
38206,False
38207,True
38208,False
38209,False
38210,True
38211,True
38212,False
38213,False
38214,False
38215,True
38216,True
38217,False
38218,False
38219,False
38220,False
38221,True
38222,False
38223,False
38224,False
38225,True
38226,False
38227,False
38228,True
38229,False
38230,False
38231,False
38232,False
38233,False
38234,True
38235,False
38236,False
38237,True
38238,False
38239,False
38240,False
38241,False
38242,False
38243,True
38244,True
38245,False
38246,False
38247,False
38248,False
38249,False
38250,True
38251,False
38252,False
38253,False
38254,False
38255,False
38256,False
38257,False
38258,False
38259,False
38260,False
38261,False
38262,False
38263,False
38264,False
38265,False
38266,False
38267,False
38268,False
38269,False
38270,False
38271,False
38272,False
38273,False
38274,False
38275,True
38276,True
38277,False
38278,True
38279,False
38280,False
38281,False
38282,False
38283,False
38284,False
38285,False
38286,False
38287,False
38288,True
38289,True
38290,True
38291,True
38292,False
38293,True
38294,True
38295,True
38296,False
38297,False
38298,False
38299,False
38300,False
38301,False
38302,False
38303,False
38304,True
38305,True
38306,True
38307,False
38308,True
38309,True
38310,True
38311,False
38312,False
38313,False
38314,False
38315,False
38316,False
38317,False
38318,False
38319,False
38320,True
38321,False
38322,True
38323,False
38324,False
38325,True
38326,False
38327,True
38328,True
38329,False
38330,False
38331,False
38332,True
38333,False
38334,False
38335,False
38336,False
38337,False
38338,False
38339,False
38340,False
38341,False
38342,False
38343,False
38344,False
38345,False
38346,False
38347,False
38348,False
38349,False
38350,False
38351,False
38352,False
38353,True
38354,False
38355,False
38356,True
38357,False
38358,True
38359,False
38360,True
38361,False
38362,True
38363,True
38364,True
38365,True
38366,True
38367,False
38368,False
38369,False
38370,False
38371,False
38372,False
38373,False
38374,False
38375,False
38376,False
38377,False
38378,False
38379,False
38380,False
38381,True
38382,False
38383,False
38384,False
38385,False
38386,False
38387,False
38388,False
38389,False
38390,False
38391,False
38392,False
38393,False
38394,False
38395,False
38396,True
38397,False
38398,True
38399,True
38400,False
38401,True
38402,False
38403,False
38404,False
38405,True
38406,True
38407,False
38408,False
38409,True
38410,False
38411,True
38412,False
38413,False
38414,False
38415,False
38416,True
38417,False
38418,False
38419,True
38420,False
38421,False
38422,False
38423,False
38424,True
38425,True
38426,True
38427,False
38428,False
38429,False
38430,False
38431,False
38432,False
38433,False
38434,False
38435,False
38436,False
38437,False
38438,False
38439,False
38440,False
38441,True
38442,False
38443,False
38444,False
38445,False
38446,True
38447,False
38448,False
38449,False
38450,False
38451,False
38452,False
38453,False
38454,False
38455,False
38456,False
38457,False
38458,True
38459,False
38460,True
38461,False
38462,False
38463,False
38464,False
38465,False
38466,False
38467,False
38468,False
38469,False
38470,False
38471,False
38472,False
38473,False
38474,False
38475,False
38476,False
38477,False
38478,False
38479,False
38480,True
38481,True
38482,False
38483,True
38484,False
38485,False
38486,False
38487,False
38488,False
38489,False
38490,True
38491,False
38492,True
38493,True
38494,False
38495,True
38496,False
38497,False
38498,False
38499,False
38500,False
38501,True
38502,False
38503,False
38504,True
38505,False
38506,False
38507,True
38508,False
38509,False
38510,False
38511,True
38512,False
38513,False
38514,False
38515,True
38516,False
38517,False
38518,False
38519,False
38520,False
38521,False
38522,False
38523,False
38524,False
38525,False
38526,False
38527,False
38528,True
38529,False
38530,True
38531,True
38532,False
38533,False
38534,True
38535,False
38536,False
38537,False
38538,False
38539,False
38540,False
38541,False
38542,False
38543,False
38544,False
38545,False
38546,False
38547,True
38548,False
38549,False
38550,False
38551,False
38552,True
38553,True
38554,True
38555,True
38556,False
38557,False
38558,False
38559,False
38560,False
38561,False
38562,False
38563,False
38564,False
38565,False
38566,True
38567,False
38568,True
38569,False
38570,False
38571,True
38572,False
38573,False
38574,False
38575,False
38576,False
38577,True
38578,True
38579,False
38580,False
38581,False
38582,False
38583,False
38584,True
38585,True
38586,True
38587,True
38588,True
38589,True
38590,False
38591,True
38592,False
38593,False
38594,True
38595,False
38596,False
38597,False
38598,False
38599,True
38600,False
38601,False
38602,True
38603,False
38604,True
38605,False
38606,False
38607,True
38608,False
38609,False
38610,False
38611,False
38612,False
38613,True
38614,False
38615,False
38616,False
38617,True
38618,True
38619,False
38620,False
38621,False
38622,False
38623,False
38624,False
38625,False
38626,False
38627,False
38628,False
38629,False
38630,False
38631,True
38632,False
38633,False
38634,False
38635,False
38636,True
38637,False
38638,False
38639,False
38640,False
38641,False
38642,True
38643,False
38644,False
38645,True
38646,False
38647,False
38648,False
38649,True
38650,False
38651,False
38652,False
38653,False
38654,False
38655,False
38656,True
38657,False
38658,False
38659,False
38660,False
38661,False
38662,True
38663,True
38664,False
38665,True
38666,True
38667,False
38668,True
38669,False
38670,False
38671,False
38672,False
38673,False
38674,False
38675,False
38676,False
38677,False
38678,True
38679,False
38680,False
38681,False
38682,False
38683,True
38684,True
38685,True
38686,False
38687,False
38688,True
38689,True
38690,False
38691,False
38692,False
38693,False
38694,False
38695,False
38696,False
38697,False
38698,False
38699,True
38700,False
38701,False
38702,False
38703,True
38704,True
38705,True
38706,True
38707,True
38708,True
38709,False
38710,False
38711,False
38712,False
38713,False
38714,False
38715,True
38716,False
38717,False
38718,False
38719,False
38720,False
38721,True
38722,True
38723,False
38724,False
38725,False
38726,True
38727,True
38728,False
38729,False
38730,True
38731,False
38732,False
38733,False
38734,False
38735,True
38736,True
38737,False
38738,False
38739,False
38740,False
38741,False
38742,False
38743,False
38744,True
38745,False
38746,False
38747,False
38748,False
38749,False
38750,False
38751,True
38752,True
38753,False
38754,False
38755,False
38756,True
38757,False
38758,True
38759,False
38760,False
38761,False
38762,False
38763,False
38764,True
38765,False
38766,False
38767,False
38768,False
38769,False
38770,False
38771,False
38772,False
38773,True
38774,False
38775,False
38776,False
38777,False
38778,True
38779,False
38780,False
38781,False
38782,False
38783,False
38784,True
38785,False
38786,True
38787,False
38788,False
38789,False
38790,False
38791,False
38792,True
38793,False
38794,False
38795,False
38796,False
38797,False
38798,False
38799,True
38800,False
38801,True
38802,True
38803,False
38804,False
38805,False
38806,False
38807,False
38808,False
38809,False
38810,False
38811,True
38812,True
38813,False
38814,False
38815,False
38816,False
38817,False
38818,False
38819,True
38820,False
38821,False
38822,False
38823,True
38824,True
38825,False
38826,False
38827,False
38828,False
38829,False
38830,False
38831,False
38832,False
38833,True
38834,True
38835,False
38836,False
38837,True
38838,False
38839,False
38840,True
38841,True
38842,False
38843,False
38844,False
38845,False
38846,False
38847,False
38848,False
38849,False
38850,False
38851,True
38852,False
38853,False
38854,False
38855,False
38856,False
38857,True
38858,False
38859,False
38860,False
38861,True
38862,False
38863,False
38864,True
38865,False
38866,False
38867,False
38868,False
38869,True
38870,False
38871,False
38872,False
38873,False
38874,False
38875,False
38876,True
38877,True
38878,False
38879,False
38880,False
38881,False
38882,False
38883,False
38884,False
38885,False
38886,False
38887,False
38888,False
38889,False
38890,True
38891,False
38892,False
38893,False
38894,True
38895,False
38896,False
38897,False
38898,False
38899,False
38900,True
38901,False
38902,False
38903,False
38904,True
38905,False
38906,False
38907,False
38908,False
38909,False
38910,True
38911,False
38912,True
38913,False
38914,False
38915,False
38916,False
38917,False
38918,False
38919,False
38920,False
38921,False
38922,False
38923,False
38924,False
38925,False
38926,False
38927,False
38928,True
38929,False
38930,False
38931,True
38932,True
38933,False
38934,False
38935,False
38936,False
38937,True
38938,False
38939,True
38940,False
38941,False
38942,False
38943,False
38944,False
38945,False
38946,False
38947,False
38948,False
38949,False
38950,False
38951,False
38952,False
38953,False
38954,False
38955,False
38956,False
38957,True
38958,False
38959,False
38960,True
38961,False
38962,False
38963,False
38964,False
38965,True
38966,True
38967,False
38968,False
38969,True
38970,False
38971,False
38972,True
38973,False
38974,False
38975,False
38976,True
38977,False
38978,False
38979,False
38980,False
38981,False
38982,True
38983,True
38984,False
38985,True
38986,False
38987,True
38988,False
38989,True
38990,False
38991,False
38992,True
38993,False
38994,True
38995,False
38996,True
38997,False
38998,False
38999,False
39000,False
39001,False
39002,True
39003,False
39004,False
39005,False
39006,False
39007,False
39008,False
39009,False
39010,False
39011,True
39012,False
39013,False
39014,False
39015,True
39016,False
39017,False
39018,True
39019,False
39020,False
39021,False
39022,False
39023,False
39024,True
39025,True
39026,False
39027,True
39028,True
39029,True
39030,False
39031,True
39032,False
39033,False
39034,False
39035,False
39036,False
39037,False
39038,True
39039,False
39040,False
39041,False
39042,False
39043,False
39044,True
39045,True
39046,False
39047,False
39048,False
39049,False
39050,False
39051,False
39052,False
39053,False
39054,False
39055,False
39056,True
39057,False
39058,False
39059,False
39060,False
39061,False
39062,False
39063,True
39064,True
39065,False
39066,True
39067,False
39068,False
39069,False
39070,False
39071,False
39072,False
39073,False
39074,False
39075,False
39076,False
39077,False
39078,True
39079,False
39080,False
39081,False
39082,True
39083,False
39084,False
39085,False
39086,False
39087,False
39088,False
39089,True
39090,False
39091,True
39092,True
39093,False
39094,True
39095,False
39096,False
39097,False
39098,False
39099,False
39100,False
39101,False
39102,False
39103,False
39104,False
39105,True
39106,False
39107,False
39108,True
39109,True
39110,False
39111,False
39112,False
39113,False
39114,True
39115,False
39116,False
39117,False
39118,False
39119,True
39120,False
39121,False
39122,False
39123,False
39124,True
39125,False
39126,False
39127,False
39128,False
39129,False
39130,False
39131,False
39132,True
39133,False
39134,True
39135,False
39136,False
39137,False
39138,True
39139,False
39140,False
39141,True
39142,False
39143,False
39144,False
39145,False
39146,False
39147,False
39148,True
39149,True
39150,False
39151,False
39152,False
39153,False
39154,False
39155,False
39156,True
39157,True
39158,True
39159,False
39160,False
39161,False
39162,False
39163,False
39164,False
39165,False
39166,False
39167,False
39168,False
39169,False
39170,False
39171,True
39172,True
39173,True
39174,False
39175,False
39176,False
39177,False
39178,False
39179,False
39180,False
39181,False
39182,False
39183,True
39184,True
39185,False
39186,False
39187,False
39188,False
39189,True
39190,True
39191,False
39192,False
39193,False
39194,False
39195,False
39196,True
39197,False
39198,False
39199,False
39200,False
39201,False
39202,False
39203,False
39204,False
39205,False
39206,False
39207,False
39208,True
39209,True
39210,False
39211,False
39212,False
39213,True
39214,True
39215,False
39216,False
39217,False
39218,False
39219,False
39220,False
39221,False
39222,True
39223,False
39224,True
39225,True
39226,False
39227,False
39228,False
39229,False
39230,False
39231,False
39232,False
39233,True
39234,False
39235,False
39236,True
39237,False
39238,False
39239,False
39240,False
39241,False
39242,False
39243,True
39244,False
39245,True
39246,False
39247,False
39248,False
39249,False
39250,False
39251,False
39252,False
39253,False
39254,True
39255,False
39256,False
39257,False
39258,False
39259,False
39260,False
39261,False
39262,False
39263,False
39264,False
39265,False
39266,False
39267,False
39268,False
39269,False
39270,False
39271,False
39272,False
39273,False
39274,False
39275,False
39276,False
39277,False
39278,False
39279,False
39280,False
39281,False
39282,False
39283,False
39284,False
39285,False
39286,False
39287,False
39288,False
39289,False
39290,False
39291,False
39292,False
39293,False
39294,False
39295,False
39296,False
39297,False
39298,False
39299,False
39300,False
39301,True
39302,True
39303,False
39304,False
39305,False
39306,False
39307,False
39308,False
39309,True
39310,False
39311,False
39312,False
39313,False
39314,False
39315,False
39316,False
39317,False
39318,False
39319,False
39320,False
39321,False
39322,True
39323,True
39324,False
39325,False
39326,False
39327,False
39328,False
39329,False
39330,False
39331,False
39332,False
39333,False
39334,False
39335,False
39336,False
39337,True
39338,False
39339,False
39340,False
39341,False
39342,False
39343,False
39344,False
39345,False
39346,False
39347,False
39348,True
39349,True
39350,False
39351,False
39352,False
39353,False
39354,False
39355,True
39356,False
39357,False
39358,False
39359,False
39360,False
39361,False
39362,False
39363,True
39364,False
39365,False
39366,False
39367,True
39368,False
39369,True
39370,True
39371,False
39372,True
39373,True
39374,False
39375,False
39376,False
39377,False
39378,False
39379,True
39380,False
39381,False
39382,False
39383,False
39384,False
39385,False
39386,False
39387,False
39388,False
39389,False
39390,False
39391,False
39392,False
39393,False
39394,False
39395,True
39396,True
39397,False
39398,False
39399,False
39400,False
39401,False
39402,True
39403,True
39404,False
39405,False
39406,False
39407,True
39408,True
39409,False
39410,False
39411,False
39412,False
39413,False
39414,True
39415,False
39416,False
39417,True
39418,False
39419,False
39420,False
39421,False
39422,False
39423,False
39424,False
39425,False
39426,False
39427,False
39428,False
39429,False
39430,False
39431,False
39432,True
39433,False
39434,False
39435,False
39436,False
39437,False
39438,False
39439,False
39440,True
39441,False
39442,False
39443,False
39444,False
39445,True
39446,False
39447,False
39448,False
39449,False
39450,True
39451,False
39452,False
39453,False
39454,False
39455,True
39456,True
39457,False
39458,False
39459,False
39460,True
39461,False
39462,False
39463,False
39464,False
39465,False
39466,False
39467,False
39468,False
39469,False
39470,False
39471,True
39472,False
39473,False
39474,False
39475,False
39476,False
39477,False
39478,False
39479,True
39480,True
39481,True
39482,False
39483,False
39484,False
39485,True
39486,False
39487,False
39488,False
39489,False
39490,False
39491,False
39492,True
39493,False
39494,False
39495,False
39496,False
39497,False
39498,False
39499,False
39500,False
39501,False
39502,False
39503,True
39504,False
39505,True
39506,True
39507,True
39508,True
39509,False
39510,False
39511,False
39512,False
39513,False
39514,True
39515,True
39516,False
39517,True
39518,True
39519,True
39520,True
39521,False
39522,False
39523,True
39524,False
39525,False
39526,False
39527,False
39528,True
39529,False
39530,False
39531,False
39532,True
39533,False
39534,True
39535,False
39536,True
39537,False
39538,False
39539,False
39540,False
39541,True
39542,False
39543,True
39544,False
39545,False
39546,True
39547,True
39548,False
39549,False
39550,False
39551,False
39552,False
39553,False
39554,True
39555,False
39556,False
39557,True
39558,False
39559,False
39560,False
39561,False
39562,False
39563,True
39564,False
39565,False
39566,False
39567,False
39568,False
39569,False
39570,False
39571,False
39572,False
39573,False
39574,True
39575,True
39576,False
39577,False
39578,False
39579,False
39580,False
39581,False
39582,False
39583,False
39584,False
39585,False
39586,False
39587,False
39588,True
39589,True
39590,True
39591,False
39592,False
39593,False
39594,False
39595,False
39596,False
39597,False
39598,False
39599,True
39600,False
39601,False
39602,False
39603,False
39604,False
39605,False
39606,False
39607,False
39608,False
39609,False
39610,True
39611,True
39612,False
39613,False
39614,True
39615,True
39616,False
39617,False
39618,False
39619,False
39620,False
39621,False
39622,False
39623,True
39624,False
39625,False
39626,False
39627,False
39628,True
39629,False
39630,False
39631,True
39632,False
39633,False
39634,False
39635,False
39636,False
39637,False
39638,False
39639,False
39640,False
39641,False
39642,True
39643,False
39644,True
39645,False
39646,False
39647,False
39648,False
39649,False
39650,True
39651,False
39652,True
39653,False
39654,False
39655,True
39656,False
39657,False
39658,False
39659,True
39660,False
39661,False
39662,True
39663,False
39664,True
39665,False
39666,False
39667,False
39668,True
39669,False
39670,False
39671,True
39672,False
39673,False
39674,False
39675,False
39676,False
39677,False
39678,False
39679,False
39680,False
39681,False
39682,True
39683,True
39684,False
39685,False
39686,False
39687,False
39688,False
39689,False
39690,False
39691,False
39692,False
39693,True
39694,False
39695,False
39696,False
39697,False
39698,False
39699,False
39700,False
39701,True
39702,False
39703,False
39704,False
39705,False
39706,True
39707,False
39708,False
39709,True
39710,True
39711,False
39712,False
39713,False
39714,True
39715,True
39716,False
39717,False
39718,False
39719,False
39720,False
39721,False
39722,False
39723,False
39724,False
39725,False
39726,False
39727,True
39728,False
39729,False
39730,False
39731,False
39732,False
39733,False
39734,False
39735,True
39736,False
39737,False
39738,False
39739,False
39740,False
39741,False
39742,True
39743,False
39744,False
39745,False
39746,False
39747,False
39748,False
39749,False
39750,True
39751,False
39752,True
39753,False
39754,False
39755,False
39756,False
39757,False
39758,False
39759,False
39760,False
39761,False
39762,False
39763,False
39764,True
39765,True
39766,False
39767,False
39768,False
39769,False
39770,False
39771,True
39772,False
39773,True
39774,False
39775,False
39776,False
39777,True
39778,False
39779,False
39780,False
39781,False
39782,False
39783,True
39784,False
39785,False
39786,False
39787,False
39788,False
39789,False
39790,False
39791,False
39792,False
39793,False
39794,False
39795,True
39796,True
39797,True
39798,False
39799,False
39800,False
39801,False
39802,False
39803,False
39804,False
39805,False
39806,True
39807,False
39808,False
39809,False
39810,True
39811,False
39812,False
39813,False
39814,False
39815,False
39816,False
39817,False
39818,False
39819,False
39820,False
39821,True
39822,False
39823,True
39824,False
39825,False
39826,True
39827,False
39828,False
39829,True
39830,False
39831,False
39832,False
39833,True
39834,False
39835,False
39836,True
39837,False
39838,False
39839,True
39840,False
39841,False
39842,False
39843,False
39844,False
39845,False
39846,False
39847,False
39848,False
39849,False
39850,False
39851,False
39852,False
39853,False
39854,False
39855,False
39856,False
39857,False
39858,False
39859,True
39860,True
39861,True
39862,False
39863,True
39864,False
39865,False
39866,True
39867,False
39868,False
39869,False
39870,False
39871,False
39872,False
39873,False
39874,False
39875,False
39876,False
39877,False
39878,False
39879,True
39880,True
39881,True
39882,True
39883,True
39884,False
39885,True
39886,False
39887,False
39888,False
39889,False
39890,False
39891,True
39892,True
39893,True
39894,True
39895,False
39896,False
39897,False
39898,True
39899,False
39900,False
39901,False
39902,False
39903,False
39904,True
39905,False
39906,False
39907,True
39908,False
39909,False
39910,False
39911,True
39912,False
39913,False
39914,False
39915,False
39916,False
39917,False
39918,False
39919,True
39920,False
39921,False
39922,True
39923,False
39924,False
39925,False
39926,False
39927,True
39928,False
39929,True
39930,True
39931,False
39932,True
39933,True
39934,True
39935,False
39936,False
39937,False
39938,False
39939,False
39940,False
39941,False
39942,False
39943,False
39944,False
39945,False
39946,False
39947,False
39948,True
39949,False
39950,True
39951,False
39952,True
39953,True
39954,True
39955,False
39956,False
39957,False
39958,False
39959,True
39960,False
39961,False
39962,False
39963,False
39964,False
39965,False
39966,False
39967,False
39968,False
39969,False
39970,False
39971,False
39972,False
39973,True
39974,False
39975,False
39976,False
39977,True
39978,True
39979,False
39980,True
39981,False
39982,False
39983,False
39984,False
39985,False
39986,False
39987,True
39988,False
39989,False
39990,False
39991,False
39992,False
39993,False
39994,False
39995,False
39996,False
39997,False
39998,False
39999,True
40000,True
40001,True
40002,False
40003,False
40004,False
40005,False
40006,False
40007,True
40008,False
40009,False
40010,False
40011,False
40012,False
40013,False
40014,False
40015,True
40016,False
40017,True
40018,True
40019,False
40020,False
40021,False
40022,False
40023,False
40024,False
40025,False
40026,False
40027,False
40028,False
40029,False
40030,False
40031,False
40032,True
40033,False
40034,False
40035,False
40036,False
40037,True
40038,False
40039,False
40040,False
40041,True
40042,True
40043,True
40044,False
40045,False
40046,False
40047,False
40048,False
40049,True
40050,False
40051,False
40052,False
40053,False
40054,False
40055,True
40056,False
40057,True
40058,True
40059,True
40060,True
40061,False
40062,False
40063,False
40064,False
40065,False
40066,False
40067,False
40068,False
40069,False
40070,False
40071,False
40072,False
40073,False
40074,False
40075,False
40076,False
40077,True
40078,False
40079,False
40080,False
40081,False
40082,False
40083,False
40084,False
40085,False
40086,False
40087,False
40088,False
40089,False
40090,False
40091,True
40092,False
40093,False
40094,False
40095,False
40096,False
40097,False
40098,False
40099,False
40100,True
40101,False
40102,False
40103,False
40104,False
40105,False
40106,True
40107,True
40108,False
40109,True
40110,True
40111,True
40112,False
40113,True
40114,False
40115,False
40116,True
40117,True
40118,False
40119,False
40120,False
40121,False
40122,False
40123,False
40124,False
40125,False
40126,False
40127,False
40128,False
40129,True
40130,False
40131,False
40132,False
40133,False
40134,False
40135,True
40136,True
40137,True
40138,False
40139,True
40140,True
40141,False
40142,False
40143,False
40144,True
40145,True
40146,False
40147,False
40148,False
40149,False
40150,False
40151,False
40152,False
40153,True
40154,False
40155,True
40156,False
40157,False
40158,False
40159,True
40160,False
40161,True
40162,False
40163,False
40164,False
40165,False
40166,True
40167,True
40168,False
40169,False
40170,False
40171,False
40172,False
40173,False
40174,True
40175,False
40176,True
40177,False
40178,False
40179,False
40180,False
40181,True
40182,False
40183,False
40184,False
40185,False
40186,False
40187,True
40188,False
40189,False
40190,False
40191,False
40192,False
40193,True
40194,False
40195,False
40196,False
40197,False
40198,False
40199,False
40200,False
40201,False
40202,False
40203,False
40204,False
40205,False
40206,False
40207,False
40208,False
40209,False
40210,False
40211,False
40212,True
40213,True
40214,False
40215,False
40216,False
40217,False
40218,False
40219,False
40220,False
40221,False
40222,False
40223,False
40224,False
40225,False
40226,False
40227,True
40228,False
40229,False
40230,False
40231,False
40232,False
40233,False
40234,True
40235,True
40236,False
40237,False
40238,True
40239,False
40240,True
40241,False
40242,False
40243,False
40244,False
40245,False
40246,True
40247,False
40248,False
40249,False
40250,False
40251,False
40252,False
40253,True
40254,False
40255,False
40256,False
40257,False
40258,False
40259,False
40260,True
40261,True
40262,False
40263,True
40264,False
40265,False
40266,True
40267,False
40268,True
40269,True
40270,False
40271,False
40272,False
40273,False
40274,False
40275,False
40276,False
40277,False
40278,False
40279,True
40280,True
40281,True
40282,False
40283,False
40284,False
40285,True
40286,False
40287,True
40288,False
40289,False
40290,False
40291,True
40292,False
40293,False
40294,True
40295,True
40296,False
40297,False
40298,False
40299,False
40300,True
40301,True
40302,False
40303,False
40304,False
40305,False
40306,False
40307,False
40308,False
40309,False
40310,False
40311,False
40312,False
40313,False
40314,False
40315,False
40316,True
40317,False
40318,False
40319,False
40320,False
40321,False
40322,False
40323,False
40324,False
40325,True
40326,True
40327,False
40328,False
40329,False
40330,False
40331,False
40332,False
40333,True
40334,False
40335,True
40336,True
40337,False
40338,False
40339,False
40340,True
40341,True
40342,False
40343,False
40344,False
40345,False
40346,True
40347,False
40348,False
40349,False
40350,False
40351,False
40352,False
40353,False
40354,False
40355,False
40356,False
40357,False
40358,False
40359,False
40360,False
40361,True
40362,False
40363,False
40364,False
40365,False
40366,False
40367,False
40368,True
40369,False
40370,False
40371,False
40372,False
40373,False
40374,False
40375,True
40376,False
40377,False
40378,False
40379,False
40380,True
40381,False
40382,False
40383,True
40384,True
40385,False
40386,False
40387,False
40388,False
40389,False
40390,False
40391,False
40392,False
40393,False
40394,False
40395,False
40396,False
40397,False
40398,False
40399,False
40400,False
40401,False
40402,False
40403,False
40404,False
40405,False
40406,False
40407,False
40408,False
40409,False
40410,False
40411,False
40412,False
40413,False
40414,True
40415,False
40416,False
40417,False
40418,False
40419,False
40420,False
40421,False
40422,False
40423,False
40424,False
40425,False
40426,False
40427,False
40428,True
40429,True
40430,False
40431,True
40432,False
40433,True
40434,False
40435,False
40436,False
40437,False
40438,False
40439,False
40440,False
40441,False
40442,True
40443,True
40444,True
40445,True
40446,True
40447,False
40448,True
40449,True
40450,False
40451,False
40452,False
40453,False
40454,False
40455,False
40456,True
40457,True
40458,False
40459,False
40460,True
40461,False
40462,True
40463,False
40464,False
40465,True
40466,False
40467,False
40468,False
40469,False
40470,False
40471,False
40472,False
40473,False
40474,False
40475,True
40476,False
40477,False
40478,True
40479,False
40480,True
40481,False
40482,False
40483,False
40484,False
40485,False
40486,False
40487,False
40488,False
40489,False
40490,False
40491,False
40492,False
40493,False
40494,True
40495,False
40496,True
40497,True
40498,True
40499,False
40500,False
40501,False
40502,True
40503,False
40504,False
40505,False
40506,False
40507,False
40508,False
40509,False
40510,True
40511,True
40512,False
40513,False
40514,False
40515,False
40516,False
40517,False
40518,False
40519,False
40520,False
40521,False
40522,True
40523,False
40524,False
40525,False
40526,False
40527,False
40528,False
40529,False
40530,False
40531,False
40532,False
40533,False
40534,False
40535,True
40536,False
40537,False
40538,False
40539,False
40540,False
40541,False
40542,False
40543,False
40544,False
40545,False
40546,True
40547,True
40548,False
40549,True
40550,True
40551,False
40552,False
40553,False
40554,True
40555,False
40556,False
40557,True
40558,False
40559,False
40560,False
40561,False
40562,True
40563,False
40564,False
40565,False
40566,False
40567,False
40568,False
40569,False
40570,False
40571,False
40572,False
40573,False
40574,False
40575,False
40576,False
40577,False
40578,False
40579,False
40580,False
40581,True
40582,False
40583,False
40584,True
40585,False
40586,False
40587,False
40588,True
40589,False
40590,False
40591,True
40592,False
40593,False
40594,False
40595,False
40596,True
40597,False
40598,False
40599,False
40600,False
40601,False
40602,False
40603,False
40604,False
40605,False
40606,False
40607,True
40608,True
40609,True
40610,False
40611,False
40612,False
40613,False
40614,False
40615,False
40616,True
40617,False
40618,False
40619,False
40620,True
40621,False
40622,False
40623,False
40624,False
40625,False
40626,False
40627,True
40628,False
40629,True
40630,False
40631,False
40632,False
40633,True
40634,True
40635,True
40636,False
40637,True
40638,False
40639,True
40640,False
40641,True
40642,False
40643,False
40644,False
40645,True
40646,False
40647,True
40648,True
40649,False
40650,False
40651,False
40652,False
40653,False
40654,False
40655,False
40656,False
40657,True
40658,True
40659,True
40660,True
40661,True
40662,False
40663,False
40664,False
40665,False
40666,False
40667,False
40668,False
40669,False
40670,False
40671,True
40672,False
40673,False
40674,True
40675,False
40676,True
40677,True
40678,True
40679,False
40680,True
40681,False
40682,False
40683,False
40684,False
40685,False
40686,True
40687,True
40688,False
40689,False
40690,False
40691,True
40692,False
40693,False
40694,False
40695,False
40696,True
40697,False
40698,True
40699,False
40700,False
40701,False
40702,True
40703,False
40704,True
40705,False
40706,True
40707,False
40708,False
40709,False
40710,False
40711,False
40712,True
40713,True
40714,True
40715,False
40716,False
40717,True
40718,False
40719,False
40720,False
40721,False
40722,False
40723,False
40724,True
40725,False
40726,True
40727,False
40728,False
40729,True
40730,False
40731,False
40732,False
40733,False
40734,False
40735,False
40736,False
40737,False
40738,False
40739,False
40740,False
40741,False
40742,False
40743,False
40744,False
40745,False
40746,False
40747,False
40748,False
40749,False
40750,True
40751,False
40752,False
40753,False
40754,False
40755,False
40756,False
40757,False
40758,True
40759,False
40760,False
40761,False
40762,False
40763,False
40764,False
40765,False
40766,False
40767,False
40768,False
40769,False
40770,False
40771,False
40772,False
40773,False
40774,True
40775,True
40776,True
40777,False
40778,False
40779,False
40780,False
40781,False
40782,False
40783,False
40784,True
40785,False
40786,False
40787,False
40788,False
40789,True
40790,False
40791,False
40792,False
40793,False
40794,True
40795,False
40796,False
40797,True
40798,False
40799,False
40800,False
40801,False
40802,False
40803,False
40804,False
40805,False
40806,False
40807,False
40808,False
40809,False
40810,False
40811,False
40812,False
40813,False
40814,True
40815,False
40816,False
40817,True
40818,False
40819,False
40820,False
40821,False
40822,False
40823,False
40824,False
40825,True
40826,False
40827,False
40828,False
40829,False
40830,False
40831,True
40832,True
40833,True
40834,False
40835,False
40836,False
40837,False
40838,True
40839,True
40840,True
40841,True
40842,False
40843,False
40844,False
40845,False
40846,False
40847,False
40848,True
40849,False
40850,True
40851,False
40852,True
40853,False
40854,False
40855,False
40856,True
40857,False
40858,False
40859,True
40860,False
40861,False
40862,False
40863,True
40864,True
40865,False
40866,True
40867,False
40868,False
40869,False
40870,True
40871,True
40872,False
40873,False
40874,False
40875,False
40876,False
40877,False
40878,False
40879,False
40880,True
40881,False
40882,False
40883,False
40884,False
40885,False
40886,True
40887,True
40888,False
40889,False
40890,False
40891,True
40892,False
40893,False
40894,True
40895,True
40896,False
40897,False
40898,True
40899,False
40900,False
40901,True
40902,False
40903,False
40904,False
40905,False
40906,False
40907,False
40908,True
40909,False
40910,True
40911,True
40912,True
40913,True
40914,False
40915,False
40916,True
40917,True
40918,True
40919,False
40920,False
40921,False
40922,False
40923,False
40924,True
40925,False
40926,False
40927,True
40928,False
40929,False
40930,True
40931,False
40932,False
40933,False
40934,False
40935,False
40936,False
40937,False
40938,False
40939,False
40940,False
40941,False
40942,False
40943,False
40944,False
40945,False
40946,True
40947,False
40948,False
40949,False
40950,False
40951,False
40952,True
40953,False
40954,False
40955,False
40956,False
40957,False
40958,False
40959,False
40960,False
40961,True
40962,True
40963,True
40964,True
40965,False
40966,True
40967,True
40968,True
40969,False
40970,False
40971,False
40972,False
40973,False
40974,True
40975,False
40976,True
40977,True
40978,True
40979,False
40980,True
40981,False
40982,False
40983,False
40984,False
40985,False
40986,False
40987,False
40988,False
40989,False
40990,False
40991,True
40992,False
40993,False
40994,True
40995,False
40996,False
40997,False
40998,False
40999,False
41000,False
41001,True
41002,False
41003,False
41004,False
41005,False
41006,False
41007,True
41008,False
41009,False
41010,False
41011,False
41012,False
41013,False
41014,False
41015,False
41016,False
41017,False
41018,False
41019,False
41020,False
41021,False
41022,False
41023,False
41024,False
41025,False
41026,False
41027,False
41028,False
41029,False
41030,False
41031,False
41032,False
41033,False
41034,False
41035,True
41036,True
41037,False
41038,False
41039,False
41040,False
41041,True
41042,False
41043,False
41044,False
41045,False
41046,False
41047,False
41048,True
41049,False
41050,True
41051,False
41052,False
41053,False
41054,False
41055,False
41056,False
41057,False
41058,False
41059,False
41060,False
41061,False
41062,False
41063,False
41064,False
41065,True
41066,True
41067,False
41068,False
41069,False
41070,False
41071,False
41072,False
41073,False
41074,True
41075,False
41076,False
41077,False
41078,False
41079,False
41080,False
41081,False
41082,False
41083,False
41084,False
41085,False
41086,True
41087,False
41088,False
41089,False
41090,False
41091,False
41092,False
41093,False
41094,False
41095,True
41096,False
41097,False
41098,True
41099,True
41100,True
41101,False
41102,False
41103,False
41104,False
41105,False
41106,False
41107,False
41108,False
41109,True
41110,False
41111,False
41112,False
41113,False
41114,False
41115,False
41116,False
41117,False
41118,False
41119,False
41120,False
41121,False
41122,False
41123,False
41124,False
41125,False
41126,False
41127,False
41128,False
41129,False
41130,True
41131,False
41132,False
41133,True
41134,False
41135,False
41136,False
41137,False
41138,False
41139,False
41140,False
41141,False
41142,False
41143,False
41144,False
41145,False
41146,True
41147,True
41148,True
41149,False
41150,False
41151,True
41152,False
41153,False
41154,False
41155,False
41156,True
41157,True
41158,False
41159,False
41160,False
41161,False
41162,True
41163,True
41164,False
41165,True
41166,False
41167,False
41168,False
41169,False
41170,False
41171,False
41172,False
41173,False
41174,False
41175,True
41176,False
41177,True
41178,False
41179,False
41180,False
41181,False
41182,False
41183,True
41184,False
41185,False
41186,False
41187,False
41188,False
41189,False
41190,True
41191,False
41192,False
41193,False
41194,True
41195,False
41196,True
41197,True
41198,False
41199,False
41200,False
41201,False
41202,False
41203,False
41204,False
41205,True
41206,False
41207,False
41208,True
41209,False
41210,False
41211,False
41212,False
41213,False
41214,False
41215,False
41216,False
41217,False
41218,True
41219,True
41220,True
41221,False
41222,True
41223,True
41224,True
41225,False
41226,False
41227,True
41228,False
41229,False
41230,False
41231,False
41232,False
41233,False
41234,False
41235,False
41236,True
41237,False
41238,False
41239,True
41240,False
41241,False
41242,False
41243,False
41244,False
41245,False
41246,False
41247,False
41248,False
41249,False
41250,False
41251,False
41252,True
41253,False
41254,False
41255,False
41256,False
41257,False
41258,True
41259,False
41260,False
41261,False
41262,False
41263,True
41264,False
41265,False
41266,False
41267,False
41268,False
41269,False
41270,False
41271,False
41272,False
41273,False
41274,False
41275,False
41276,False
41277,False
41278,False
41279,False
41280,False
41281,False
41282,True
41283,False
41284,False
41285,False
41286,False
41287,False
41288,False
41289,False
41290,True
41291,True
41292,False
41293,False
41294,False
41295,False
41296,False
41297,False
41298,True
41299,False
41300,False
41301,True
41302,False
41303,False
41304,False
41305,False
41306,False
41307,False
41308,False
41309,False
41310,False
41311,False
41312,False
41313,True
41314,False
41315,False
41316,False
41317,False
41318,False
41319,False
41320,False
41321,False
41322,True
41323,False
41324,False
41325,False
41326,False
41327,False
41328,False
41329,False
41330,True
41331,False
41332,True
41333,False
41334,True
41335,False
41336,True
41337,False
41338,False
41339,False
41340,False
41341,True
41342,False
41343,True
41344,True
41345,True
41346,False
41347,False
41348,False
41349,False
41350,True
41351,True
41352,False
41353,False
41354,False
41355,False
41356,True
41357,False
41358,False
41359,False
41360,False
41361,False
41362,False
41363,False
41364,False
41365,False
41366,False
41367,False
41368,False
41369,False
41370,False
41371,False
41372,False
41373,False
41374,False
41375,False
41376,False
41377,False
41378,False
41379,False
41380,False
41381,True
41382,True
41383,False
41384,False
41385,False
41386,False
41387,False
41388,True
41389,True
41390,False
41391,False
41392,False
41393,False
41394,False
41395,True
41396,False
41397,False
41398,False
41399,False
41400,False
41401,False
41402,False
41403,False
41404,False
41405,False
41406,True
41407,True
41408,True
41409,False
41410,False
41411,False
41412,False
41413,False
41414,True
41415,False
41416,False
41417,False
41418,False
41419,False
41420,False
41421,True
41422,False
41423,False
41424,True
41425,False
41426,False
41427,False
41428,True
41429,True
41430,False
41431,True
41432,True
41433,False
41434,False
41435,True
41436,False
41437,False
41438,False
41439,True
41440,True
41441,False
41442,False
41443,False
41444,False
41445,False
41446,False
41447,True
41448,True
41449,False
41450,False
41451,True
41452,True
41453,True
41454,False
41455,False
41456,True
41457,False
41458,True
41459,True
41460,True
41461,True
41462,False
41463,False
41464,False
41465,False
41466,False
41467,False
41468,True
41469,False
41470,False
41471,False
41472,True
41473,True
41474,True
41475,False
41476,False
41477,False
41478,False
41479,False
41480,True
41481,True
41482,True
41483,False
41484,True
41485,False
41486,False
41487,False
41488,False
41489,False
41490,False
41491,False
41492,False
41493,False
41494,False
41495,True
41496,False
41497,True
41498,False
41499,False
41500,False
41501,False
41502,False
41503,False
41504,False
41505,False
41506,False
41507,False
41508,False
41509,False
41510,False
41511,False
41512,False
41513,False
41514,True
41515,False
41516,False
41517,False
41518,False
41519,False
41520,False
41521,False
41522,False
41523,False
41524,True
41525,False
41526,True
41527,True
41528,False
41529,False
41530,False
41531,False
41532,False
41533,True
41534,False
41535,False
41536,False
41537,True
41538,False
41539,False
41540,False
41541,False
41542,False
41543,False
41544,True
41545,True
41546,True
41547,False
41548,False
41549,False
41550,False
41551,False
41552,True
41553,False
41554,False
41555,False
41556,True
41557,True
41558,True
41559,False
41560,False
41561,False
41562,False
41563,False
41564,True
41565,True
41566,False
41567,False
41568,True
41569,False
41570,False
41571,False
41572,False
41573,False
41574,False
41575,False
41576,False
41577,False
41578,False
41579,True
41580,True
41581,False
41582,False
41583,False
41584,False
41585,False
41586,False
41587,True
41588,False
41589,True
41590,False
41591,False
41592,False
41593,False
41594,False
41595,False
41596,False
41597,False
41598,False
41599,False
41600,False
41601,False
41602,False
41603,False
41604,False
41605,False
41606,False
41607,False
41608,False
41609,False
41610,False
41611,False
41612,False
41613,True
41614,True
41615,True
41616,False
41617,False
41618,True
41619,False
41620,False
41621,True
41622,True
41623,False
41624,False
41625,True
41626,True
41627,False
41628,False
41629,False
41630,False
41631,True
41632,False
41633,False
41634,False
41635,True
41636,False
41637,False
41638,False
41639,False
41640,False
41641,False
41642,False
41643,False
41644,False
41645,False
41646,True
41647,True
41648,False
41649,False
41650,False
41651,False
41652,True
41653,True
41654,False
41655,False
41656,False
41657,False
41658,False
41659,False
41660,False
41661,False
41662,False
41663,False
41664,True
41665,True
41666,True
41667,True
41668,True
41669,False
41670,False
41671,False
41672,False
41673,True
41674,False
41675,False
41676,False
41677,False
41678,False
41679,True
41680,False
41681,False
41682,True
41683,True
41684,True
41685,False
41686,False
41687,False
41688,False
41689,False
41690,False
41691,False
41692,False
41693,False
41694,True
41695,True
41696,False
41697,False
41698,False
41699,False
41700,False
41701,False
41702,False
41703,False
41704,False
41705,True
41706,False
41707,True
41708,False
41709,True
41710,True
41711,False
41712,False
41713,False
41714,False
41715,False
41716,False
41717,False
41718,False
41719,False
41720,False
41721,False
41722,True
41723,True
41724,False
41725,False
41726,False
41727,False
41728,False
41729,True
41730,True
41731,False
41732,False
41733,True
41734,False
41735,False
41736,False
41737,False
41738,False
41739,False
41740,False
41741,False
41742,False
41743,False
41744,False
41745,False
41746,False
41747,False
41748,True
41749,False
41750,False
41751,True
41752,False
41753,False
41754,False
41755,True
41756,True
41757,False
41758,False
41759,False
41760,False
41761,True
41762,False
41763,True
41764,False
41765,True
41766,False
41767,False
41768,False
41769,True
41770,False
41771,False
41772,True
41773,False
41774,True
41775,False
41776,False
41777,False
41778,True
41779,True
41780,True
41781,True
41782,True
41783,False
41784,False
41785,False
41786,False
41787,True
41788,False
41789,False
41790,False
41791,False
41792,True
41793,False
41794,True
41795,True
41796,True
41797,True
41798,True
41799,True
41800,False
41801,True
41802,False
41803,True
41804,False
41805,False
41806,False
41807,False
41808,False
41809,False
41810,True
41811,True
41812,False
41813,False
41814,False
41815,False
41816,False
41817,True
41818,False
41819,False
41820,True
41821,False
41822,True
41823,True
41824,False
41825,False
41826,False
41827,True
41828,True
41829,False
41830,False
41831,True
41832,False
41833,False
41834,True
41835,False
41836,False
41837,False
41838,True
41839,True
41840,False
41841,True
41842,False
41843,True
41844,True
41845,True
41846,True
41847,False
41848,False
41849,False
41850,False
41851,False
41852,False
41853,True
41854,False
41855,False
41856,False
41857,False
41858,False
41859,False
41860,False
41861,False
41862,False
41863,False
41864,False
41865,False
41866,True
41867,True
41868,False
41869,False
41870,False
41871,False
41872,True
41873,False
41874,True
41875,False
41876,False
41877,False
41878,False
41879,False
41880,False
41881,False
41882,False
41883,False
41884,False
41885,False
41886,True
41887,False
41888,True
41889,False
41890,True
41891,False
41892,False
41893,False
41894,False
41895,False
41896,False
41897,False
41898,False
41899,False
41900,False
41901,False
41902,True
41903,True
41904,False
41905,False
41906,True
41907,False
41908,False
41909,False
41910,False
41911,False
41912,False
41913,True
41914,False
41915,False
41916,False
41917,False
41918,False
41919,False
41920,False
41921,False
41922,False
41923,True
41924,False
41925,False
41926,True
41927,False
41928,False
41929,False
41930,False
41931,False
41932,False
41933,True
41934,False
41935,False
41936,False
41937,False
41938,False
41939,False
41940,False
41941,False
41942,True
41943,False
41944,False
41945,True
41946,False
41947,False
41948,True
41949,False
41950,False
41951,False
41952,False
41953,False
41954,False
41955,False
41956,True
41957,True
41958,False
41959,False
41960,False
41961,False
41962,False
41963,True
41964,True
41965,True
41966,False
41967,False
41968,False
41969,False
41970,False
41971,False
41972,True
41973,False
41974,False
41975,False
41976,False
41977,True
41978,False
41979,False
41980,False
41981,False
41982,True
41983,True
41984,True
41985,True
41986,False
41987,False
41988,False
41989,False
41990,False
41991,False
41992,False
41993,False
41994,False
41995,True
41996,False
41997,False
41998,False
41999,False
42000,False
42001,False
42002,False
42003,False
42004,True
42005,True
42006,False
42007,False
42008,False
42009,False
42010,False
42011,False
42012,False
42013,True
42014,False
42015,False
42016,False
42017,False
42018,False
42019,False
42020,False
42021,False
42022,False
42023,True
42024,False
42025,True
42026,False
42027,False
42028,True
42029,False
42030,False
42031,True
42032,False
42033,False
42034,False
42035,False
42036,False
42037,False
42038,False
42039,False
42040,False
42041,False
42042,False
42043,True
42044,False
42045,False
42046,False
42047,False
42048,True
42049,False
42050,True
42051,False
42052,False
42053,False
42054,False
42055,False
42056,False
42057,False
42058,False
42059,True
42060,False
42061,True
42062,True
42063,False
42064,False
42065,False
42066,False
42067,False
42068,False
42069,False
42070,True
42071,False
42072,False
42073,True
42074,False
42075,True
42076,True
42077,False
42078,False
42079,False
42080,True
42081,False
42082,True
42083,False
42084,False
42085,False
42086,False
42087,False
42088,True
42089,True
42090,False
42091,False
42092,False
42093,False
42094,False
42095,False
42096,False
42097,False
42098,False
42099,False
42100,False
42101,False
42102,False
42103,True
42104,True
42105,False
42106,False
42107,False
42108,True
42109,False
42110,False
42111,True
42112,False
42113,True
42114,False
42115,False
42116,False
42117,True
42118,False
42119,True
42120,False
42121,False
42122,False
42123,False
42124,False
42125,True
42126,True
42127,True
42128,False
42129,False
42130,False
42131,True
42132,True
42133,False
42134,False
42135,False
42136,False
42137,False
42138,False
42139,True
42140,False
42141,False
42142,False
42143,True
42144,False
42145,False
42146,False
42147,False
42148,False
42149,True
42150,False
42151,False
42152,False
42153,False
42154,False
42155,False
42156,True
42157,True
42158,True
42159,False
42160,False
42161,False
42162,False
42163,False
42164,False
42165,True
42166,False
42167,True
42168,False
42169,False
42170,False
42171,False
42172,False
42173,False
42174,False
42175,True
42176,False
42177,True
42178,False
42179,False
42180,True
42181,True
42182,False
42183,False
42184,False
42185,True
42186,False
42187,False
42188,False
42189,False
42190,True
42191,True
42192,True
42193,False
42194,False
42195,False
42196,False
42197,False
42198,False
42199,False
42200,False
42201,False
42202,False
42203,False
42204,False
42205,False
42206,False
42207,False
42208,False
42209,False
42210,False
42211,False
42212,False
42213,False
42214,False
42215,False
42216,False
42217,False
42218,False
42219,False
42220,False
42221,False
42222,True
42223,False
42224,True
42225,True
42226,False
42227,False
42228,False
42229,True
42230,True
42231,False
42232,False
42233,False
42234,False
42235,False
42236,False
42237,True
42238,True
42239,False
42240,True
42241,False
42242,False
42243,True
42244,True
42245,False
42246,False
42247,True
42248,False
42249,False
42250,False
42251,False
42252,False
42253,False
42254,False
42255,True
42256,False
42257,True
42258,False
42259,False
42260,False
42261,False
42262,True
42263,False
42264,False
42265,False
42266,False
42267,False
42268,False
42269,True
42270,True
42271,False
42272,False
42273,False
42274,False
42275,False
42276,False
42277,False
42278,False
42279,True
42280,True
42281,False
42282,False
42283,False
42284,False
42285,False
42286,True
42287,False
42288,True
42289,False
42290,True
42291,True
42292,False
42293,False
42294,False
42295,False
42296,False
42297,True
42298,True
42299,True
42300,True
42301,False
42302,False
42303,False
42304,True
42305,False
42306,False
42307,False
42308,True
42309,True
42310,True
42311,True
42312,True
42313,False
42314,False
42315,False
42316,False
42317,False
42318,False
42319,False
42320,False
42321,False
42322,False
42323,False
42324,False
42325,False
42326,True
42327,False
42328,True
42329,False
42330,False
42331,False
42332,False
42333,True
42334,False
42335,False
42336,False
42337,False
42338,False
42339,False
42340,True
42341,False
42342,False
42343,False
42344,False
42345,True
42346,True
42347,False
42348,False
42349,False
42350,False
42351,False
42352,False
42353,False
42354,True
42355,False
42356,False
42357,False
42358,False
42359,True
42360,False
42361,False
42362,False
42363,True
42364,False
42365,False
42366,True
42367,True
42368,False
42369,False
42370,False
42371,False
42372,False
42373,False
42374,False
42375,False
42376,False
42377,True
42378,False
42379,False
42380,True
42381,True
42382,True
42383,False
42384,False
42385,True
42386,False
42387,False
42388,False
42389,False
42390,False
42391,False
42392,False
42393,True
42394,False
42395,False
42396,True
42397,False
42398,True
42399,False
42400,False
42401,False
42402,False
42403,False
42404,False
42405,False
42406,False
42407,True
42408,False
42409,False
42410,False
42411,False
42412,True
42413,False
42414,True
42415,False
42416,True
42417,False
42418,False
42419,True
42420,False
42421,False
42422,True
42423,True
42424,False
42425,False
42426,False
42427,True
42428,True
42429,False
42430,False
42431,False
42432,False
42433,False
42434,False
42435,True
42436,False
42437,True
42438,False
42439,False
42440,False
42441,False
42442,False
42443,False
42444,False
42445,True
42446,False
42447,False
42448,False
42449,True
42450,True
42451,False
42452,False
42453,False
42454,False
42455,False
42456,False
42457,True
42458,False
42459,False
42460,False
42461,False
42462,False
42463,False
42464,False
42465,False
42466,False
42467,False
42468,False
42469,False
42470,False
42471,False
42472,False
42473,True
42474,False
42475,False
42476,True
42477,True
42478,False
42479,False
42480,False
42481,True
42482,False
42483,False
42484,False
42485,False
42486,True
42487,False
42488,False
42489,False
42490,False
42491,False
42492,True
42493,True
42494,False
42495,False
42496,False
42497,False
42498,False
42499,False
42500,False
42501,False
42502,False
42503,True
42504,False
42505,False
42506,False
42507,False
42508,False
42509,True
42510,False
42511,False
42512,False
42513,False
42514,False
42515,False
42516,False
42517,False
42518,False
42519,False
42520,False
42521,False
42522,False
42523,False
42524,False
42525,False
42526,True
42527,False
42528,False
42529,False
42530,False
42531,True
42532,True
42533,False
42534,False
42535,True
42536,False
42537,False
42538,False
42539,False
42540,False
42541,False
42542,False
42543,False
42544,False
42545,False
42546,True
42547,False
42548,False
42549,True
42550,False
42551,False
42552,False
42553,False
42554,False
42555,False
42556,True
42557,False
42558,False
42559,False
42560,True
42561,True
42562,True
42563,False
42564,False
42565,False
42566,False
42567,False
42568,False
42569,False
42570,True
42571,False
42572,True
42573,True
42574,False
42575,True
42576,False
42577,False
42578,False
42579,True
42580,True
42581,False
42582,False
42583,False
42584,False
42585,False
42586,True
42587,True
42588,True
42589,True
42590,False
42591,False
42592,False
42593,False
42594,False
42595,False
42596,False
42597,False
42598,False
42599,False
42600,False
42601,False
42602,False
42603,False
42604,False
42605,False
42606,False
42607,False
42608,False
42609,False
42610,False
42611,False
42612,False
42613,True
42614,True
42615,False
42616,False
42617,False
42618,False
42619,False
42620,False
42621,False
42622,False
42623,False
42624,False
42625,False
42626,False
42627,False
42628,False
42629,False
42630,True
42631,False
42632,True
42633,False
42634,False
42635,False
42636,False
42637,True
42638,True
42639,False
42640,False
42641,False
42642,False
42643,False
42644,False
42645,True
42646,False
42647,False
42648,True
42649,True
42650,False
42651,True
42652,False
42653,False
42654,False
42655,True
42656,True
42657,False
42658,False
42659,False
42660,False
42661,True
42662,False
42663,True
42664,False
42665,False
42666,True
42667,False
42668,False
42669,True
42670,True
42671,False
42672,False
42673,False
42674,False
42675,False
42676,False
42677,False
42678,False
42679,True
42680,True
42681,True
42682,False
42683,False
42684,False
42685,False
42686,True
42687,False
42688,True
42689,True
42690,True
42691,False
42692,False
42693,False
42694,False
42695,False
42696,False
42697,False
42698,False
42699,True
42700,False
42701,False
42702,False
42703,False
42704,False
42705,True
42706,False
42707,False
42708,False
42709,False
42710,True
42711,False
42712,False
42713,True
42714,True
42715,False
42716,False
42717,False
42718,False
42719,False
42720,False
42721,False
42722,False
42723,False
42724,False
42725,False
42726,True
42727,False
42728,False
42729,False
42730,True
42731,True
42732,False
42733,False
42734,False
42735,False
42736,False
42737,False
42738,True
42739,False
42740,False
42741,False
42742,True
42743,False
42744,False
42745,False
42746,False
42747,True
42748,False
42749,True
42750,False
42751,False
42752,False
42753,True
42754,True
42755,True
42756,True
42757,True
42758,False
42759,True
42760,False
42761,True
42762,False
42763,False
42764,False
42765,True
42766,False
42767,True
42768,False
42769,False
42770,False
42771,False
42772,False
42773,False
42774,True
42775,False
42776,True
42777,True
42778,True
42779,True
42780,False
42781,False
42782,False
42783,False
42784,False
42785,False
42786,False
42787,False
42788,True
42789,False
42790,False
42791,False
42792,False
42793,False
42794,True
42795,False
42796,False
42797,False
42798,False
42799,False
42800,False
42801,False
42802,False
42803,False
42804,False
42805,False
42806,False
42807,False
42808,False
42809,True
42810,False
42811,False
42812,False
42813,False
42814,False
42815,False
42816,False
42817,False
42818,False
42819,False
42820,False
42821,True
42822,False
42823,True
42824,False
42825,False
42826,False
42827,False
42828,False
42829,False
42830,False
42831,False
42832,False
42833,False
42834,True
42835,False
42836,False
42837,False
42838,False
42839,False
42840,True
42841,True
42842,False
42843,False
42844,False
42845,False
42846,False
42847,False
42848,False
42849,False
42850,False
42851,False
42852,False
42853,True
42854,True
42855,True
42856,False
42857,True
42858,False
42859,True
42860,False
42861,True
42862,False
42863,False
42864,True
42865,True
42866,True
42867,False
42868,False
42869,False
42870,True
42871,False
42872,False
42873,False
42874,True
42875,True
42876,False
42877,False
42878,False
42879,False
42880,False
42881,False
42882,False
42883,True
42884,False
42885,False
42886,True
42887,False
42888,False
42889,False
42890,False
42891,False
42892,False
42893,False
42894,False
42895,False
42896,True
42897,True
42898,True
42899,True
42900,False
42901,True
42902,True
42903,False
42904,False
42905,True
42906,False
42907,True
42908,False
42909,True
42910,True
42911,False
42912,False
42913,True
42914,False
42915,False
42916,False
42917,False
42918,False
42919,False
42920,False
42921,False
42922,False
42923,False
42924,False
42925,False
42926,True
42927,False
42928,False
42929,True
42930,False
42931,False
42932,False
42933,False
42934,False
42935,True
42936,True
42937,False
42938,False
42939,True
42940,False
42941,True
42942,True
42943,False
42944,False
42945,False
42946,False
42947,True
42948,False
42949,True
42950,True
42951,False
42952,True
42953,False
42954,False
42955,False
42956,False
42957,False
42958,False
42959,True
42960,False
42961,False
42962,True
42963,True
42964,True
42965,True
42966,True
42967,False
42968,False
42969,False
42970,False
42971,True
42972,True
42973,True
42974,True
42975,True
42976,False
42977,True
42978,False
42979,False
42980,False
42981,False
42982,False
42983,True
42984,False
42985,False
42986,False
42987,False
42988,False
42989,False
42990,True
42991,False
42992,False
42993,True
42994,False
42995,False
42996,False
42997,False
42998,False
42999,False
43000,False
43001,False
43002,False
43003,False
43004,False
43005,True
43006,True
43007,True
43008,False
43009,False
43010,False
43011,False
43012,True
43013,True
43014,True
43015,False
43016,False
43017,True
43018,True
43019,True
43020,False
43021,False
43022,False
43023,True
43024,False
43025,False
43026,True
43027,False
43028,False
43029,False
43030,False
43031,False
43032,False
43033,False
43034,False
43035,True
43036,False
43037,False
43038,True
43039,False
43040,False
43041,False
43042,False
43043,False
43044,False
43045,False
43046,False
43047,False
43048,False
43049,False
43050,False
43051,False
43052,True
43053,True
43054,False
43055,True
43056,False
43057,False
43058,False
43059,False
43060,False
43061,False
43062,True
43063,True
43064,False
43065,False
43066,True
43067,False
43068,True
43069,True
43070,False
43071,False
43072,True
43073,False
43074,False
43075,True
43076,True
43077,False
43078,False
43079,False
43080,False
43081,True
43082,False
43083,False
43084,False
43085,True
43086,False
43087,False
43088,True
43089,False
43090,False
43091,True
43092,False
43093,False
43094,True
43095,False
43096,False
43097,True
43098,False
43099,False
43100,False
43101,False
43102,False
43103,False
43104,False
43105,False
43106,False
43107,False
43108,False
43109,False
43110,True
43111,True
43112,True
43113,True
43114,False
43115,False
43116,True
43117,True
43118,True
43119,True
43120,False
43121,False
43122,False
43123,False
43124,False
43125,False
43126,False
43127,False
43128,False
43129,False
43130,False
43131,False
43132,False
43133,False
43134,False
43135,False
43136,False
43137,True
43138,False
43139,False
43140,False
43141,True
43142,False
43143,False
43144,False
43145,False
43146,True
43147,False
43148,True
43149,True
43150,True
43151,False
43152,False
43153,True
43154,False
43155,True
43156,True
43157,True
43158,False
43159,False
43160,False
43161,False
43162,False
43163,False
43164,False
43165,False
43166,False
43167,False
43168,False
43169,False
43170,False
43171,True
43172,False
43173,False
43174,False
43175,False
43176,False
43177,True
43178,False
43179,False
43180,False
43181,False
43182,True
43183,False
43184,False
43185,True
43186,False
43187,False
43188,False
43189,True
43190,False
43191,False
43192,True
43193,False
43194,False
43195,False
43196,False
43197,False
43198,False
43199,False
43200,False
43201,False
43202,False
43203,False
43204,False
43205,False
43206,False
43207,False
43208,False
43209,True
43210,False
43211,True
43212,False
43213,False
43214,False
43215,False
43216,False
43217,False
43218,False
43219,False
43220,False
43221,False
43222,False
43223,True
43224,False
43225,False
43226,False
43227,False
43228,True
43229,True
43230,False
43231,False
43232,False
43233,False
43234,False
43235,False
43236,False
43237,False
43238,False
43239,False
43240,True
43241,True
43242,False
43243,False
43244,False
43245,True
43246,True
43247,False
43248,False
43249,True
43250,True
43251,False
43252,True
43253,False
43254,False
43255,False
43256,False
43257,False
43258,False
43259,True
43260,False
43261,False
43262,False
43263,True
43264,False
43265,True
43266,False
43267,False
43268,True
43269,False
43270,False
43271,False
43272,False
43273,False
43274,True
43275,False
43276,False
43277,True
43278,False
43279,True
43280,False
43281,False
43282,True
43283,False
43284,False
43285,True
43286,True
43287,False
43288,False
43289,False
43290,False
43291,False
43292,False
43293,False
43294,False
43295,True
43296,False
43297,False
43298,True
43299,False
43300,False
43301,False
43302,True
43303,True
43304,False
43305,False
43306,False
43307,False
43308,True
43309,False
43310,False
43311,False
43312,False
43313,False
43314,True
43315,False
43316,False
43317,True
43318,False
43319,True
43320,False
43321,True
43322,False
43323,True
43324,False
43325,True
43326,False
43327,False
43328,False
43329,False
43330,False
43331,False
43332,False
43333,False
43334,False
43335,False
43336,False
43337,False
43338,False
43339,True
43340,False
43341,False
43342,False
43343,False
43344,False
43345,False
43346,False
43347,False
43348,False
43349,False
43350,True
43351,True
43352,True
43353,False
43354,False
43355,True
43356,False
43357,True
43358,True
43359,True
43360,False
43361,False
43362,False
43363,False
43364,False
43365,True
43366,False
43367,False
43368,False
43369,False
43370,False
43371,False
43372,False
43373,False
43374,False
43375,False
43376,True
43377,True
43378,False
43379,False
43380,False
43381,True
43382,False
43383,True
43384,False
43385,True
43386,True
43387,False
43388,False
43389,False
43390,False
43391,False
43392,True
43393,True
43394,True
43395,False
43396,False
43397,False
43398,False
43399,False
43400,False
43401,False
43402,False
43403,False
43404,False
43405,True
43406,False
43407,False
43408,False
43409,False
43410,True
43411,False
43412,False
43413,False
43414,False
43415,False
43416,False
43417,False
43418,True
43419,False
43420,True
43421,False
43422,False
43423,True
43424,True
43425,True
43426,False
43427,False
43428,False
43429,True
43430,False
43431,False
43432,False
43433,False
43434,False
43435,False
43436,False
43437,False
43438,False
43439,True
43440,False
43441,False
43442,False
43443,False
43444,True
43445,True
43446,False
43447,True
43448,False
43449,False
43450,True
43451,False
43452,False
43453,False
43454,False
43455,False
43456,False
43457,False
43458,True
43459,False
43460,False
43461,False
43462,False
43463,True
43464,False
43465,False
43466,False
43467,False
43468,False
43469,False
43470,False
43471,True
43472,True
43473,True
43474,True
43475,True
43476,True
43477,False
43478,False
43479,False
43480,False
43481,True
43482,True
43483,False
43484,False
43485,False
43486,False
43487,True
43488,True
43489,False
43490,False
43491,True
43492,True
43493,True
43494,False
43495,False
43496,False
43497,False
43498,False
43499,False
43500,False
43501,False
43502,False
43503,False
43504,True
43505,False
43506,False
43507,True
43508,False
43509,False
43510,False
43511,True
43512,False
43513,True
43514,False
43515,False
43516,True
43517,True
43518,False
43519,False
43520,True
43521,False
43522,False
43523,True
43524,False
43525,False
43526,False
43527,False
43528,False
43529,False
43530,False
43531,False
43532,False
43533,True
43534,True
43535,True
43536,False
43537,False
43538,True
43539,True
43540,True
43541,False
43542,True
43543,False
43544,False
43545,False
43546,False
43547,False
43548,False
43549,False
43550,True
43551,False
43552,False
43553,False
43554,True
43555,False
43556,False
43557,False
43558,True
43559,False
43560,False
43561,False
43562,True
43563,False
43564,True
43565,False
43566,False
43567,False
43568,True
43569,False
43570,True
43571,True
43572,False
43573,False
43574,False
43575,False
43576,False
43577,False
43578,False
43579,False
43580,False
43581,False
43582,True
43583,False
43584,True
43585,False
43586,False
43587,True
43588,True
43589,False
43590,True
43591,False
43592,True
43593,False
43594,False
43595,False
43596,False
43597,False
43598,False
43599,True
43600,False
43601,True
43602,False
43603,True
43604,False
43605,False
43606,False
43607,True
43608,True
43609,False
43610,True
43611,False
43612,False
43613,False
43614,False
43615,False
43616,False
43617,False
43618,True
43619,False
43620,False
43621,False
43622,False
43623,False
43624,True
43625,True
43626,False
43627,True
43628,False
43629,False
43630,False
43631,False
43632,False
43633,False
43634,True
43635,True
43636,True
43637,False
43638,True
43639,False
43640,True
43641,True
43642,True
43643,False
43644,True
43645,False
43646,True
43647,False
43648,False
43649,True
43650,False
43651,False
43652,False
43653,False
43654,False
43655,False
43656,False
43657,False
43658,False
43659,False
43660,False
43661,False
43662,False
43663,True
43664,False
43665,False
43666,True
43667,False
43668,True
43669,False
43670,True
43671,False
43672,False
43673,True
43674,True
43675,False
43676,False
43677,False
43678,False
43679,False
43680,False
43681,False
43682,False
43683,False
43684,False
43685,False
43686,False
43687,False
43688,False
43689,False
43690,False
43691,True
43692,True
43693,True
43694,False
43695,False
43696,False
43697,False
43698,False
43699,False
43700,False
43701,False
43702,False
43703,False
43704,True
43705,False
43706,False
43707,False
43708,True
43709,False
43710,True
43711,True
43712,False
43713,True
43714,True
43715,False
43716,False
43717,True
43718,True
43719,False
43720,False
43721,False
43722,False
43723,False
43724,False
43725,True
43726,True
43727,False
43728,False
43729,False
43730,True
43731,False
43732,True
43733,True
43734,False
43735,False
43736,False
43737,False
43738,False
43739,False
43740,False
43741,False
43742,False
43743,False
43744,False
43745,False
43746,True
43747,False
43748,True
43749,False
43750,False
43751,False
43752,False
43753,False
43754,False
43755,True
43756,False
43757,False
43758,False
43759,False
43760,False
43761,False
43762,False
43763,False
43764,False
43765,True
43766,True
43767,True
43768,True
43769,True
43770,False
43771,True
43772,False
43773,False
43774,False
43775,False
43776,True
43777,False
43778,False
43779,True
43780,False
43781,True
43782,False
43783,True
43784,False
43785,False
43786,True
43787,False
43788,True
43789,False
43790,False
43791,False
43792,False
43793,False
43794,False
43795,True
43796,False
43797,False
43798,False
43799,False
43800,True
43801,False
43802,False
43803,False
43804,False
43805,False
43806,True
43807,False
43808,False
43809,False
43810,True
43811,False
43812,False
43813,True
43814,False
43815,False
43816,False
43817,False
43818,False
43819,False
43820,False
43821,True
43822,True
43823,False
43824,True
43825,False
43826,True
43827,True
43828,False
43829,False
43830,False
43831,False
43832,False
43833,False
43834,False
43835,False
43836,False
43837,False
43838,False
43839,True
43840,False
43841,False
43842,False
43843,False
43844,True
43845,True
43846,False
43847,True
43848,False
43849,False
43850,True
43851,False
43852,True
43853,False
43854,False
43855,False
43856,False
43857,False
43858,False
43859,False
43860,False
43861,True
43862,False
43863,False
43864,False
43865,True
43866,False
43867,True
43868,False
43869,True
43870,False
43871,False
43872,False
43873,True
43874,False
43875,False
43876,False
43877,True
43878,True
43879,True
43880,True
43881,True
43882,False
43883,False
43884,False
43885,True
43886,False
43887,False
43888,True
43889,True
43890,False
43891,True
43892,False
43893,False
43894,True
43895,False
43896,True
43897,False
43898,False
43899,False
43900,False
43901,True
43902,False
43903,True
43904,False
43905,False
43906,False
43907,False
43908,False
43909,False
43910,True
43911,False
43912,False
43913,False
43914,False
43915,False
43916,True
43917,False
43918,False
43919,False
43920,False
43921,False
43922,False
43923,False
43924,False
43925,False
43926,False
43927,False
43928,False
43929,False
43930,False
43931,False
43932,False
43933,False
43934,False
43935,True
43936,True
43937,False
43938,False
43939,False
43940,False
43941,False
43942,False
43943,True
43944,True
43945,False
43946,False
43947,True
43948,False
43949,False
43950,True
43951,True
43952,True
43953,True
43954,True
43955,True
43956,True
43957,True
43958,False
43959,False
43960,False
43961,False
43962,False
43963,False
43964,False
43965,False
43966,False
43967,False
43968,False
43969,False
43970,False
43971,True
43972,False
43973,False
43974,False
43975,False
43976,False
43977,False
43978,True
43979,False
43980,False
43981,False
43982,False
43983,False
43984,False
43985,False
43986,True
43987,False
43988,False
43989,True
43990,True
43991,True
43992,False
43993,False
43994,True
43995,False
43996,False
43997,False
43998,True
43999,True
44000,False
44001,False
44002,True
44003,False
44004,False
44005,True
44006,False
44007,False
44008,False
44009,False
44010,False
44011,True
44012,False
44013,True
44014,True
44015,False
44016,False
44017,False
44018,True
44019,False
44020,False
44021,True
44022,True
44023,True
44024,True
44025,True
44026,False
44027,False
44028,False
44029,True
44030,False
44031,True
44032,False
44033,False
44034,False
44035,True
44036,False
44037,True
44038,True
44039,True
44040,True
44041,False
44042,True
44043,True
44044,True
44045,False
44046,False
44047,False
44048,False
44049,False
44050,False
44051,False
44052,True
44053,True
44054,True
44055,True
44056,True
44057,False
44058,False
44059,False
44060,True
44061,False
44062,True
44063,True
44064,False
44065,False
44066,False
44067,True
44068,False
44069,False
44070,False
44071,False
44072,False
44073,True
44074,True
44075,False
44076,False
44077,False
44078,False
44079,False
44080,False
44081,False
44082,False
44083,False
44084,False
44085,False
44086,False
44087,False
44088,False
44089,False
44090,False
44091,False
44092,True
44093,False
44094,False
44095,False
44096,True
44097,True
44098,False
44099,True
44100,False
44101,False
44102,False
44103,True
44104,True
44105,True
44106,True
44107,True
44108,False
44109,False
44110,False
44111,False
44112,False
44113,False
44114,True
44115,True
44116,False
44117,False
44118,False
44119,False
44120,False
44121,False
44122,False
44123,False
44124,False
44125,True
44126,True
44127,False
44128,False
44129,True
44130,True
44131,True
44132,True
44133,False
44134,True
44135,False
44136,False
44137,False
44138,False
44139,False
44140,False
44141,False
44142,False
44143,False
44144,False
44145,False
44146,False
44147,False
44148,False
44149,True
44150,False
44151,False
44152,False
44153,False
44154,False
44155,False
44156,False
44157,False
44158,False
44159,False
44160,False
44161,False
44162,False
44163,False
44164,True
44165,False
44166,False
44167,False
44168,False
44169,False
44170,False
44171,True
44172,False
44173,False
44174,False
44175,True
44176,False
44177,False
44178,False
44179,False
44180,False
44181,False
44182,False
44183,False
44184,True
44185,False
44186,False
44187,False
44188,False
44189,False
44190,False
44191,False
44192,False
44193,True
44194,False
44195,True
44196,True
44197,False
44198,True
44199,True
44200,False
44201,False
44202,False
44203,False
44204,False
44205,False
44206,False
44207,False
44208,False
44209,True
44210,True
44211,False
44212,False
44213,False
44214,False
44215,False
44216,False
44217,False
44218,True
44219,False
44220,False
44221,False
44222,True
44223,False
44224,False
44225,True
44226,False
44227,True
44228,False
44229,False
44230,True
44231,False
44232,False
44233,False
44234,False
44235,True
44236,False
44237,False
44238,False
44239,False
44240,True
44241,True
44242,True
44243,False
44244,False
44245,True
44246,True
44247,True
44248,True
44249,False
44250,True
44251,True
44252,False
44253,False
44254,False
44255,True
44256,False
44257,True
44258,False
44259,False
44260,False
44261,False
44262,False
44263,False
44264,True
44265,False
44266,False
44267,False
44268,False
44269,False
44270,True
44271,True
44272,False
44273,True
44274,False
44275,True
44276,False
44277,False
44278,False
44279,False
44280,False
44281,False
44282,True
44283,False
44284,False
44285,False
44286,True
44287,False
44288,True
44289,True
44290,False
44291,True
44292,True
44293,False
44294,True
44295,False
44296,True
44297,True
44298,False
44299,False
44300,False
44301,False
44302,True
44303,False
44304,True
44305,True
44306,True
44307,False
44308,False
44309,False
44310,True
44311,True
44312,False
44313,False
44314,False
44315,True
44316,False
44317,True
44318,True
44319,False
44320,False
44321,False
44322,False
44323,False
44324,False
44325,False
44326,True
44327,False
44328,False
44329,False
44330,False
44331,False
44332,False
44333,False
44334,True
44335,False
44336,False
44337,False
44338,False
44339,False
44340,False
44341,False
44342,False
44343,False
44344,True
44345,False
44346,True
44347,False
44348,False
44349,True
44350,False
44351,False
44352,False
44353,False
44354,True
44355,False
44356,False
44357,False
44358,False
44359,False
44360,False
44361,True
44362,True
44363,False
44364,False
44365,False
44366,False
44367,False
44368,False
44369,False
44370,False
44371,False
44372,True
44373,True
44374,False
44375,False
44376,True
44377,False
44378,True
44379,True
44380,False
44381,True
44382,False
44383,True
44384,True
44385,False
44386,True
44387,False
44388,True
44389,False
44390,False
44391,False
44392,False
44393,True
44394,False
44395,False
44396,False
44397,True
44398,True
44399,False
44400,True
44401,False
44402,False
44403,False
44404,False
44405,True
44406,True
44407,False
44408,False
44409,False
44410,False
44411,False
44412,True
44413,True
44414,False
44415,False
44416,False
44417,False
44418,True
44419,False
44420,False
44421,True
44422,True
44423,False
44424,False
44425,True
44426,True
44427,False
44428,False
44429,False
44430,False
44431,False
44432,True
44433,True
44434,False
44435,True
44436,False
44437,False
44438,True
44439,True
44440,False
44441,False
44442,False
44443,False
44444,False
44445,False
44446,False
44447,True
44448,False
44449,False
44450,False
44451,False
44452,False
44453,True
44454,False
44455,False
44456,True
44457,False
44458,False
44459,True
44460,False
44461,False
44462,True
44463,True
44464,False
44465,True
44466,False
44467,True
44468,False
44469,False
44470,False
44471,False
44472,False
44473,False
44474,True
44475,False
44476,False
44477,True
44478,True
44479,False
44480,False
44481,True
44482,True
44483,False
44484,False
44485,False
44486,False
44487,False
44488,False
44489,False
44490,False
44491,False
44492,False
44493,False
44494,True
44495,False
44496,False
44497,True
44498,False
44499,False
44500,False
44501,True
44502,False
44503,False
44504,False
44505,True
44506,False
44507,False
44508,False
44509,False
44510,False
44511,True
44512,True
44513,False
44514,False
44515,True
44516,False
44517,True
44518,False
44519,True
44520,False
44521,True
44522,False
44523,False
44524,False
44525,False
44526,False
44527,False
44528,True
44529,False
44530,False
44531,False
44532,True
44533,False
44534,False
44535,False
44536,False
44537,True
44538,False
44539,True
44540,True
44541,False
44542,False
44543,False
44544,False
44545,False
44546,False
44547,False
44548,False
44549,True
44550,True
44551,True
44552,True
44553,False
44554,True
44555,False
44556,False
44557,False
44558,False
44559,False
44560,False
44561,False
44562,True
44563,False
44564,True
44565,False
44566,False
44567,False
44568,False
44569,False
44570,True
44571,False
44572,False
44573,False
44574,True
44575,True
44576,False
44577,False
44578,True
44579,False
44580,False
44581,False
44582,False
44583,False
44584,False
44585,False
44586,True
44587,True
44588,False
44589,False
44590,True
44591,False
44592,False
44593,False
44594,False
44595,False
44596,True
44597,True
44598,False
44599,False
44600,True
44601,True
44602,True
44603,False
44604,False
44605,False
44606,False
44607,False
44608,False
44609,False
44610,False
44611,True
44612,False
44613,False
44614,False
44615,False
44616,False
44617,False
44618,True
44619,False
44620,True
44621,False
44622,False
44623,False
44624,True
44625,False
44626,False
44627,False
44628,False
44629,False
44630,True
44631,False
44632,False
44633,True
44634,False
44635,False
44636,False
44637,False
44638,False
44639,True
44640,False
44641,False
44642,False
44643,False
44644,False
44645,True
44646,False
44647,False
44648,True
44649,True
44650,True
44651,False
44652,False
44653,False
44654,False
44655,True
44656,False
44657,False
44658,False
44659,False
44660,True
44661,False
44662,False
44663,False
44664,True
44665,False
44666,False
44667,False
44668,False
44669,False
44670,False
44671,False
44672,False
44673,False
44674,False
44675,True
44676,False
44677,False
44678,False
44679,True
44680,False
44681,False
44682,False
44683,True
44684,False
44685,False
44686,False
44687,True
44688,True
44689,True
44690,False
44691,False
44692,False
44693,False
44694,False
44695,False
44696,False
44697,True
44698,False
44699,False
44700,False
44701,False
44702,False
44703,False
44704,False
44705,False
44706,False
44707,False
44708,False
44709,False
44710,True
44711,True
44712,False
44713,False
44714,False
44715,False
44716,False
44717,False
44718,False
44719,False
44720,False
44721,False
44722,False
44723,False
44724,False
44725,False
44726,False
44727,False
44728,False
44729,False
44730,True
44731,True
44732,True
44733,True
44734,True
44735,False
44736,True
44737,True
44738,False
44739,False
44740,False
44741,False
44742,False
44743,True
44744,False
44745,True
44746,False
44747,False
44748,True
44749,False
44750,False
44751,False
44752,False
44753,False
44754,True
44755,True
44756,False
44757,False
44758,False
44759,False
44760,True
44761,False
44762,False
44763,False
44764,False
44765,False
44766,False
44767,False
44768,True
44769,False
44770,False
44771,True
44772,False
44773,True
44774,True
44775,False
44776,False
44777,False
44778,False
44779,False
44780,True
44781,True
44782,True
44783,False
44784,False
44785,True
44786,False
44787,False
44788,True
44789,False
44790,False
44791,False
44792,False
44793,False
44794,False
44795,False
44796,False
44797,True
44798,True
44799,False
44800,True
44801,False
44802,True
44803,True
44804,False
44805,False
44806,False
44807,False
44808,True
44809,True
44810,False
44811,True
44812,True
44813,True
44814,True
44815,False
44816,False
44817,True
44818,True
44819,False
44820,True
44821,False
44822,False
44823,True
44824,False
44825,False
44826,False
44827,False
44828,False
44829,False
44830,False
44831,False
44832,False
44833,True
44834,True
44835,False
44836,True
44837,True
44838,False
44839,False
44840,False
44841,False
44842,False
44843,False
44844,False
44845,False
44846,False
44847,False
44848,False
44849,False
44850,False
44851,False
44852,False
44853,False
44854,True
44855,True
44856,True
44857,False
44858,False
44859,False
44860,False
44861,False
44862,False
44863,False
44864,False
44865,False
44866,True
44867,True
44868,False
44869,False
44870,True
44871,False
44872,True
44873,True
44874,False
44875,False
44876,False
44877,False
44878,False
44879,False
44880,False
44881,False
44882,False
44883,False
44884,False
44885,False
44886,False
44887,False
44888,False
44889,False
44890,False
44891,True
44892,False
44893,False
44894,False
44895,False
44896,True
44897,False
44898,False
44899,False
44900,True
44901,False
44902,False
44903,False
44904,False
44905,False
44906,False
44907,False
44908,True
44909,False
44910,False
44911,False
44912,False
44913,False
44914,False
44915,False
44916,False
44917,False
44918,True
44919,False
44920,True
44921,True
44922,False
44923,False
44924,True
44925,False
44926,False
44927,True
44928,True
44929,False
44930,False
44931,False
44932,True
44933,False
44934,True
44935,False
44936,False
44937,False
44938,False
44939,False
44940,False
44941,True
44942,False
44943,True
44944,False
44945,False
44946,False
44947,True
44948,False
44949,False
44950,True
44951,True
44952,False
44953,True
44954,False
44955,False
44956,False
44957,True
44958,False
44959,False
44960,False
44961,False
44962,True
44963,False
44964,False
44965,True
44966,True
44967,False
44968,False
44969,False
44970,False
44971,False
44972,False
44973,True
44974,True
44975,False
44976,False
44977,True
44978,False
44979,False
44980,False
44981,True
44982,False
44983,False
44984,True
44985,False
44986,True
44987,True
44988,False
44989,False
44990,False
44991,False
44992,False
44993,False
44994,False
44995,False
44996,False
44997,False
44998,False
44999,False
45000,False
45001,False
45002,False
45003,False
45004,False
45005,True
45006,False
45007,False
45008,False
45009,False
45010,False
45011,True
45012,True
45013,False
45014,False
45015,False
45016,False
45017,False
45018,False
45019,False
45020,False
45021,False
45022,True
45023,False
45024,False
45025,True
45026,True
45027,False
45028,True
45029,True
45030,False
45031,False
45032,True
45033,True
45034,False
45035,False
45036,False
45037,True
45038,False
45039,False
45040,True
45041,True
45042,False
45043,True
45044,True
45045,False
45046,False
45047,False
45048,False
45049,False
45050,False
45051,True
45052,False
45053,True
45054,False
45055,False
45056,False
45057,False
45058,False
45059,False
45060,False
45061,False
45062,False
45063,False
45064,False
45065,True
45066,True
45067,False
45068,True
45069,False
45070,False
45071,True
45072,True
45073,True
45074,False
45075,False
45076,False
45077,False
45078,False
45079,False
45080,False
45081,True
45082,True
45083,True
45084,False
45085,True
45086,False
45087,False
45088,False
45089,False
45090,False
45091,False
45092,False
45093,False
45094,True
45095,False
45096,False
45097,False
45098,False
45099,False
45100,True
45101,True
45102,False
45103,False
45104,True
45105,False
45106,False
45107,False
45108,False
45109,False
45110,True
45111,False
45112,True
45113,True
45114,False
45115,False
45116,False
45117,False
45118,True
45119,False
45120,False
45121,True
45122,False
45123,True
45124,False
45125,False
45126,False
45127,False
45128,False
45129,False
45130,False
45131,False
45132,False
45133,True
45134,True
45135,False
45136,False
45137,True
45138,False
45139,True
45140,True
45141,True
45142,True
45143,False
45144,True
45145,True
45146,False
45147,False
45148,False
45149,False
45150,True
45151,False
45152,False
45153,False
45154,False
45155,False
45156,False
45157,True
45158,True
45159,False
45160,True
45161,True
45162,True
45163,False
45164,False
45165,True
45166,False
45167,False
45168,False
45169,True
45170,False
45171,False
45172,False
45173,False
45174,True
45175,True
45176,True
45177,True
45178,True
45179,True
45180,False
45181,False
45182,False
45183,False
45184,False
45185,False
45186,False
45187,False
45188,False
45189,True
45190,False
45191,True
45192,True
45193,False
45194,False
45195,False
45196,True
45197,False
45198,False
45199,False
45200,False
45201,False
45202,True
45203,False
45204,False
45205,False
45206,False
45207,False
45208,True
45209,True
45210,False
45211,False
45212,False
45213,False
45214,False
45215,True
45216,False
45217,False
45218,True
45219,True
45220,False
45221,False
45222,True
45223,False
45224,True
45225,False
45226,False
45227,False
45228,False
45229,False
45230,False
45231,False
45232,True
45233,True
45234,True
45235,True
45236,False
45237,True
45238,True
45239,False
45240,False
45241,True
45242,True
45243,True
45244,False
45245,False
45246,False
45247,False
45248,False
45249,False
45250,False
45251,False
45252,True
45253,False
45254,False
45255,False
45256,False
45257,False
45258,False
45259,False
45260,False
45261,False
45262,False
45263,True
45264,True
45265,True
45266,False
45267,False
45268,False
45269,False
45270,True
45271,True
45272,False
45273,True
45274,False
45275,False
45276,True
45277,True
45278,False
45279,False
45280,False
45281,False
45282,True
45283,False
45284,False
45285,False
45286,False
45287,False
45288,False
45289,True
45290,False
45291,False
45292,False
45293,False
45294,False
45295,True
45296,False
45297,False
45298,True
45299,False
45300,False
45301,True
45302,False
45303,True
45304,False
45305,False
45306,False
45307,False
45308,False
45309,False
45310,False
45311,False
45312,True
45313,False
45314,True
45315,False
45316,False
45317,False
45318,False
45319,True
45320,False
45321,True
45322,False
45323,True
45324,False
45325,False
45326,False
45327,False
45328,False
45329,False
45330,False
45331,False
45332,False
45333,False
45334,True
45335,False
45336,False
45337,False
45338,False
45339,False
45340,False
45341,False
45342,True
45343,True
45344,True
45345,False
45346,False
45347,False
45348,False
45349,True
45350,False
45351,False
45352,False
45353,False
45354,False
45355,True
45356,False
45357,False
45358,False
45359,True
45360,False
45361,False
45362,False
45363,False
45364,True
45365,False
45366,False
45367,False
45368,False
45369,True
45370,False
45371,False
45372,False
45373,True
45374,False
45375,True
45376,False
45377,False
45378,False
45379,False
45380,True
45381,True
45382,True
45383,True
45384,False
45385,True
45386,True
45387,True
45388,False
45389,False
45390,True
45391,False
45392,True
45393,False
45394,False
45395,False
45396,True
45397,True
45398,False
45399,False
45400,False
45401,False
45402,False
45403,True
45404,True
45405,True
45406,True
45407,False
45408,True
45409,False
45410,True
45411,False
45412,True
45413,False
45414,False
45415,False
45416,True
45417,False
45418,True
45419,False
45420,True
45421,True
45422,False
45423,False
45424,False
45425,False
45426,True
45427,True
45428,True
45429,True
45430,False
45431,False
45432,False
45433,True
45434,False
45435,True
45436,False
45437,False
45438,False
45439,False
45440,False
45441,False
45442,False
45443,False
45444,False
45445,False
45446,False
45447,False
45448,True
45449,False
45450,True
45451,False
45452,True
45453,False
45454,False
45455,True
45456,False
45457,False
45458,False
45459,True
45460,False
45461,False
45462,False
45463,False
45464,False
45465,False
45466,False
45467,False
45468,False
45469,False
45470,False
45471,False
45472,True
45473,False
45474,False
45475,False
45476,False
45477,False
45478,False
45479,False
45480,False
45481,True
45482,False
45483,False
45484,False
45485,True
45486,False
45487,False
45488,False
45489,False
45490,False
45491,False
45492,True
45493,True
45494,True
45495,False
45496,True
45497,True
45498,False
45499,False
45500,False
45501,False
45502,False
45503,True
45504,True
45505,False
45506,False
45507,False
45508,False
45509,False
45510,False
45511,False
45512,False
45513,True
45514,False
45515,False
45516,False
45517,True
45518,False
45519,True
45520,False
45521,False
45522,False
45523,False
45524,True
45525,False
45526,False
45527,True
45528,False
45529,False
45530,False
45531,True
45532,False
45533,False
45534,False
45535,True
45536,True
45537,False
45538,False
45539,False
45540,False
45541,True
45542,False
45543,False
45544,True
45545,False
45546,False
45547,True
45548,False
45549,False
45550,False
45551,False
45552,False
45553,False
45554,False
45555,False
45556,False
45557,False
45558,False
45559,False
45560,False
45561,True
45562,True
45563,True
45564,False
45565,False
45566,False
45567,False
45568,False
45569,True
45570,True
45571,False
45572,False
45573,False
45574,False
45575,False
45576,False
45577,True
45578,False
45579,True
45580,False
45581,True
45582,False
45583,False
45584,False
45585,False
45586,True
45587,True
45588,False
45589,False
45590,False
45591,True
45592,True
45593,False
45594,True
45595,False
45596,False
45597,False
45598,True
45599,False
45600,True
45601,False
45602,False
45603,False
45604,False
45605,False
45606,False
45607,False
45608,False
45609,True
45610,False
45611,False
45612,False
45613,False
45614,False
45615,True
45616,False
45617,False
45618,True
45619,True
45620,False
45621,False
45622,False
45623,False
45624,False
45625,False
45626,False
45627,False
45628,True
45629,False
45630,False
45631,False
45632,True
45633,False
45634,False
45635,False
45636,True
45637,False
45638,True
45639,True
45640,False
45641,True
45642,True
45643,False
45644,False
45645,False
45646,False
45647,False
45648,True
45649,True
45650,False
45651,False
45652,False
45653,True
45654,True
45655,True
45656,False
45657,False
45658,False
45659,True
45660,True
45661,False
45662,True
45663,True
45664,True
45665,False
45666,False
45667,False
45668,False
45669,False
45670,False
45671,False
45672,True
45673,True
45674,True
45675,False
45676,False
45677,True
45678,True
45679,False
45680,False
45681,False
45682,False
45683,True
45684,True
45685,True
45686,False
45687,False
45688,False
45689,False
45690,False
45691,True
45692,False
45693,False
45694,False
45695,False
45696,False
45697,False
45698,True
45699,False
45700,False
45701,False
45702,False
45703,False
45704,False
45705,True
45706,False
45707,False
45708,False
45709,False
45710,False
45711,False
45712,False
45713,False
45714,False
45715,False
45716,False
45717,False
45718,True
45719,False
45720,True
45721,False
45722,False
45723,False
45724,False
45725,True
45726,False
45727,False
45728,True
45729,True
45730,True
45731,True
45732,True
45733,True
45734,True
45735,False
45736,False
45737,False
45738,False
45739,False
45740,False
45741,False
45742,False
45743,False
45744,True
45745,False
45746,True
45747,True
45748,False
45749,False
45750,False
45751,False
45752,True
45753,False
45754,True
45755,True
45756,False
45757,False
45758,False
45759,True
45760,True
45761,False
45762,True
45763,False
45764,False
45765,False
45766,False
45767,False
45768,False
45769,False
45770,False
45771,False
45772,False
45773,False
45774,False
45775,False
45776,False
45777,False
45778,True
45779,False
45780,False
45781,False
45782,False
45783,False
45784,True
45785,False
45786,False
45787,True
45788,False
45789,False
45790,True
45791,True
45792,True
45793,False
45794,False
45795,False
45796,False
45797,True
45798,True
45799,False
45800,False
45801,True
45802,True
45803,True
45804,False
45805,False
45806,False
45807,False
45808,False
45809,False
45810,False
45811,False
45812,True
45813,True
45814,True
45815,False
45816,False
45817,True
45818,True
45819,False
45820,True
45821,True
45822,False
45823,False
45824,False
45825,False
45826,False
45827,False
45828,False
45829,False
45830,False
45831,False
45832,False
45833,False
45834,False
45835,False
45836,False
45837,False
45838,False
45839,True
45840,True
45841,False
45842,False
45843,True
45844,False
45845,False
45846,False
45847,False
45848,False
45849,False
45850,True
45851,True
45852,False
45853,True
45854,True
45855,False
45856,False
45857,True
45858,False
45859,True
45860,False
45861,True
45862,True
45863,True
45864,False
45865,False
45866,False
45867,True
45868,False
45869,True
45870,True
45871,False
45872,False
45873,True
45874,False
45875,False
45876,False
45877,False
45878,True
45879,False
45880,True
45881,False
45882,False
45883,True
45884,False
45885,False
45886,False
45887,False
45888,False
45889,False
45890,False
45891,False
45892,False
45893,False
45894,False
45895,False
45896,False
45897,False
45898,False
45899,True
45900,True
45901,False
45902,False
45903,False
45904,False
45905,False
45906,False
45907,False
45908,False
45909,False
45910,False
45911,False
45912,True
45913,False
45914,True
45915,True
45916,True
45917,False
45918,True
45919,True
45920,False
45921,False
45922,True
45923,False
45924,True
45925,False
45926,False
45927,False
45928,False
45929,False
45930,True
45931,False
45932,False
45933,True
45934,False
45935,False
45936,False
45937,False
45938,True
45939,True
45940,False
45941,True
45942,True
45943,True
45944,False
45945,False
45946,False
45947,True
45948,False
45949,False
45950,False
45951,True
45952,True
45953,False
45954,False
45955,False
45956,False
45957,True
45958,True
45959,False
45960,False
45961,False
45962,False
45963,False
45964,False
45965,False
45966,False
45967,False
45968,False
45969,True
45970,False
45971,False
45972,False
45973,False
45974,True
45975,False
45976,False
45977,True
45978,True
45979,True
45980,False
45981,False
45982,False
45983,False
45984,False
45985,False
45986,False
45987,False
45988,False
45989,False
45990,False
45991,True
45992,False
45993,False
45994,True
45995,False
45996,False
45997,False
45998,True
45999,False
46000,False
46001,False
46002,False
46003,False
46004,False
46005,False
46006,False
46007,False
46008,True
46009,False
46010,False
46011,False
46012,False
46013,False
46014,False
46015,False
46016,False
46017,False
46018,True
46019,False
46020,True
46021,False
46022,False
46023,False
46024,True
46025,True
46026,False
46027,False
46028,True
46029,False
46030,False
46031,True
46032,False
46033,True
46034,True
46035,True
46036,False
46037,False
46038,True
46039,False
46040,True
46041,False
46042,True
46043,False
46044,False
46045,False
46046,True
46047,False
46048,False
46049,False
46050,False
46051,False
46052,False
46053,True
46054,True
46055,True
46056,True
46057,False
46058,False
46059,True
46060,True
46061,False
46062,False
46063,False
46064,True
46065,False
46066,False
46067,False
46068,False
46069,False
46070,False
46071,False
46072,False
46073,False
46074,False
46075,False
46076,True
46077,False
46078,False
46079,False
46080,False
46081,False
46082,False
46083,False
46084,False
46085,False
46086,False
46087,False
46088,False
46089,False
46090,False
46091,False
46092,False
46093,False
46094,False
46095,False
46096,False
46097,True
46098,False
46099,False
46100,False
46101,False
46102,False
46103,False
46104,False
46105,False
46106,False
46107,False
46108,False
46109,True
46110,False
46111,True
46112,False
46113,False
46114,False
46115,False
46116,False
46117,False
46118,False
46119,False
46120,False
46121,False
46122,False
46123,False
46124,False
46125,False
46126,False
46127,False
46128,False
46129,False
46130,False
46131,False
46132,False
46133,False
46134,False
46135,False
46136,False
46137,True
46138,False
46139,False
46140,False
46141,False
46142,False
46143,False
46144,False
46145,False
46146,True
46147,False
46148,False
46149,False
46150,False
46151,False
46152,True
46153,False
46154,False
46155,False
46156,True
46157,False
46158,False
46159,False
46160,False
46161,True
46162,False
46163,False
46164,True
46165,False
46166,False
46167,False
46168,False
46169,False
46170,False
46171,False
46172,True
46173,False
46174,True
46175,False
46176,False
46177,False
46178,True
46179,False
46180,True
46181,False
46182,True
46183,False
46184,False
46185,True
46186,False
46187,False
46188,False
46189,True
46190,True
46191,True
46192,False
46193,True
46194,True
46195,True
46196,True
46197,False
46198,True
46199,False
46200,False
46201,False
46202,False
46203,False
46204,True
46205,True
46206,False
46207,False
46208,False
46209,True
46210,False
46211,False
46212,False
46213,False
46214,False
46215,False
46216,True
46217,True
46218,True
46219,True
46220,False
46221,False
46222,False
46223,False
46224,False
46225,False
46226,False
46227,False
46228,False
46229,False
46230,True
46231,True
46232,True
46233,True
46234,False
46235,False
46236,False
46237,False
46238,False
46239,False
46240,False
46241,True
46242,True
46243,False
46244,False
46245,False
46246,True
46247,True
46248,True
46249,True
46250,False
46251,False
46252,False
46253,True
46254,True
46255,True
46256,True
46257,False
46258,True
46259,False
46260,False
46261,False
46262,False
46263,False
46264,True
46265,True
46266,False
46267,True
46268,False
46269,False
46270,False
46271,False
46272,False
46273,False
46274,False
46275,False
46276,False
46277,True
46278,True
46279,True
46280,False
46281,False
46282,True
46283,False
46284,False
46285,False
46286,False
46287,False
46288,False
46289,False
46290,False
46291,False
46292,False
46293,False
46294,True
46295,False
46296,False
46297,False
46298,True
46299,False
46300,False
46301,False
46302,False
46303,False
46304,True
46305,True
46306,False
46307,False
46308,True
46309,True
46310,True
46311,True
46312,False
46313,False
46314,True
46315,True
46316,True
46317,True
46318,False
46319,True
46320,False
46321,False
46322,False
46323,False
46324,False
46325,True
46326,True
46327,True
46328,False
46329,False
46330,False
46331,False
46332,True
46333,False
46334,True
46335,False
46336,True
46337,False
46338,True
46339,False
46340,True
46341,False
46342,False
46343,False
46344,True
46345,True
46346,True
46347,False
46348,False
46349,False
46350,True
46351,True
46352,True
46353,True
46354,False
46355,False
46356,False
46357,False
46358,False
46359,False
46360,True
46361,False
46362,True
46363,False
46364,True
46365,False
46366,True
46367,True
46368,True
46369,True
46370,False
46371,False
46372,True
46373,False
46374,False
46375,False
46376,False
46377,True
46378,False
46379,False
46380,True
46381,False
46382,True
46383,False
46384,False
46385,True
46386,False
46387,False
46388,False
46389,False
46390,True
46391,False
46392,False
46393,False
46394,True
46395,True
46396,False
46397,True
46398,False
46399,False
46400,True
46401,False
46402,False
46403,False
46404,False
46405,False
46406,False
46407,False
46408,False
46409,False
46410,False
46411,False
46412,False
46413,False
46414,True
46415,False
46416,False
46417,False
46418,False
46419,False
46420,False
46421,False
46422,False
46423,False
46424,False
46425,False
46426,False
46427,False
46428,True
46429,False
46430,False
46431,False
46432,False
46433,False
46434,True
46435,True
46436,False
46437,True
46438,True
46439,False
46440,False
46441,False
46442,True
46443,False
46444,False
46445,True
46446,True
46447,False
46448,False
46449,True
46450,False
46451,False
46452,False
46453,False
46454,False
46455,False
46456,False
46457,False
46458,True
46459,True
46460,True
46461,False
46462,True
46463,True
46464,False
46465,False
46466,False
46467,False
46468,False
46469,False
46470,False
46471,False
46472,False
46473,False
46474,True
46475,False
46476,False
46477,False
46478,False
46479,False
46480,False
46481,False
46482,False
46483,False
46484,False
46485,True
46486,False
46487,True
46488,False
46489,False
46490,False
46491,False
46492,False
46493,False
46494,False
46495,True
46496,True
46497,True
46498,False
46499,False
46500,False
46501,False
46502,False
46503,False
46504,False
46505,False
46506,False
46507,False
46508,False
46509,False
46510,True
46511,True
46512,True
46513,False
46514,True
46515,True
46516,False
46517,False
46518,False
46519,True
46520,False
46521,False
46522,False
46523,False
46524,False
46525,False
46526,True
46527,False
46528,True
46529,False
46530,True
46531,True
46532,False
46533,True
46534,True
46535,False
46536,False
46537,False
46538,False
46539,False
46540,False
46541,False
46542,False
46543,False
46544,True
46545,True
46546,True
46547,True
46548,False
46549,False
46550,True
46551,False
46552,False
46553,False
46554,False
46555,False
46556,True
46557,True
46558,True
46559,False
46560,False
46561,False
46562,False
46563,False
46564,False
46565,True
46566,True
46567,False
46568,True
46569,False
46570,False
46571,False
46572,False
46573,False
46574,True
46575,True
46576,True
46577,False
46578,False
46579,True
46580,True
46581,True
46582,True
46583,False
46584,True
46585,True
46586,True
46587,False
46588,False
46589,False
46590,False
46591,False
46592,False
46593,False
46594,False
46595,True
46596,False
46597,True
46598,False
46599,False
46600,False
46601,False
46602,False
46603,False
46604,False
46605,False
46606,False
46607,True
46608,True
46609,False
46610,False
46611,True
46612,False
46613,False
46614,False
46615,False
46616,False
46617,True
46618,False
46619,True
46620,True
46621,True
46622,False
46623,True
46624,False
46625,False
46626,True
46627,False
46628,False
46629,True
46630,False
46631,False
46632,True
46633,False
46634,True
46635,False
46636,False
46637,False
46638,False
46639,False
46640,False
46641,True
46642,True
46643,False
46644,False
46645,False
46646,False
46647,False
46648,True
46649,False
46650,False
46651,False
46652,False
46653,False
46654,False
46655,False
46656,False
46657,False
46658,False
46659,True
46660,True
46661,True
46662,True
46663,False
46664,False
46665,False
46666,False
46667,False
46668,True
46669,False
46670,False
46671,False
46672,True
46673,False
46674,False
46675,False
46676,True
46677,False
46678,False
46679,False
46680,True
46681,False
46682,False
46683,False
46684,True
46685,True
46686,False
46687,True
46688,False
46689,False
46690,False
46691,True
46692,True
46693,False
46694,False
46695,False
46696,False
46697,False
46698,False
46699,True
46700,True
46701,False
46702,False
46703,False
46704,False
46705,True
46706,True
46707,False
46708,False
46709,True
46710,True
46711,True
46712,False
46713,False
46714,False
46715,False
46716,False
46717,False
46718,False
46719,False
46720,False
46721,False
46722,False
46723,False
46724,False
46725,False
46726,False
46727,False
46728,False
46729,False
46730,True
46731,False
46732,False
46733,False
46734,True
46735,False
46736,False
46737,False
46738,False
46739,False
46740,False
46741,False
46742,False
46743,True
46744,False
46745,False
46746,False
46747,False
46748,False
46749,False
46750,False
46751,False
46752,False
46753,True
46754,True
46755,False
46756,True
46757,False
46758,False
46759,False
46760,False
46761,False
46762,False
46763,False
46764,False
46765,False
46766,False
46767,False
46768,False
46769,True
46770,False
46771,True
46772,False
46773,False
46774,False
46775,False
46776,True
46777,True
46778,False
46779,False
46780,False
46781,False
46782,False
46783,False
46784,False
46785,False
46786,False
46787,False
46788,False
46789,True
46790,True
46791,False
46792,False
46793,False
46794,True
46795,False
46796,False
46797,False
46798,False
46799,True
46800,False
46801,True
46802,False
46803,False
46804,False
46805,False
46806,False
46807,False
46808,False
46809,False
46810,False
46811,False
46812,False
46813,False
46814,False
46815,False
46816,True
46817,False
46818,False
46819,False
46820,False
46821,True
46822,False
46823,False
46824,False
46825,False
46826,False
46827,False
46828,False
46829,False
46830,False
46831,False
46832,True
46833,False
46834,False
46835,False
46836,False
46837,False
46838,False
46839,False
46840,False
46841,True
46842,True
46843,False
46844,False
46845,True
46846,False
46847,False
46848,False
46849,True
46850,True
46851,False
46852,False
46853,False
46854,False
46855,False
46856,False
46857,True
46858,False
46859,False
46860,False
46861,False
46862,False
46863,False
46864,False
46865,False
46866,True
46867,False
46868,False
46869,False
46870,False
46871,True
46872,False
46873,False
46874,False
46875,False
46876,False
46877,False
46878,False
46879,False
46880,False
46881,False
46882,False
46883,False
46884,False
46885,False
46886,False
46887,False
46888,False
46889,False
46890,False
46891,False
46892,False
46893,False
46894,False
46895,True
46896,False
46897,False
46898,False
46899,True
46900,False
46901,True
46902,True
46903,True
46904,True
46905,False
46906,True
46907,False
46908,False
46909,False
46910,False
46911,True
46912,False
46913,False
46914,False
46915,False
46916,False
46917,True
46918,True
46919,False
46920,True
46921,True
46922,False
46923,False
46924,False
46925,False
46926,False
46927,False
46928,False
46929,False
46930,False
46931,True
46932,True
46933,True
46934,False
46935,False
46936,False
46937,False
46938,False
46939,False
46940,False
46941,False
46942,True
46943,False
46944,False
46945,False
46946,False
46947,True
46948,False
46949,False
46950,True
46951,False
46952,False
46953,False
46954,False
46955,False
46956,True
46957,False
46958,False
46959,True
46960,False
46961,True
46962,False
46963,False
46964,False
46965,False
46966,False
46967,False
46968,False
46969,False
46970,False
46971,False
46972,False
46973,True
46974,False
46975,True
46976,False
46977,False
46978,True
46979,False
46980,False
46981,False
46982,True
46983,False
46984,False
46985,False
46986,True
46987,False
46988,False
46989,False
46990,False
46991,False
46992,False
46993,False
46994,False
46995,False
46996,True
46997,False
46998,False
46999,False
47000,False
47001,False
47002,False
47003,False
47004,False
47005,False
47006,True
47007,True
47008,True
47009,False
47010,False
47011,False
47012,False
47013,False
47014,True
47015,False
47016,True
47017,False
47018,True
47019,True
47020,False
47021,True
47022,False
47023,False
47024,False
47025,False
47026,False
47027,True
47028,True
47029,False
47030,False
47031,False
47032,False
47033,True
47034,False
47035,False
47036,True
47037,False
47038,False
47039,False
47040,False
47041,False
47042,True
47043,True
47044,False
47045,False
47046,False
47047,False
47048,False
47049,False
47050,False
47051,False
47052,False
47053,False
47054,True
47055,False
47056,False
47057,False
47058,False
47059,True
47060,False
47061,True
47062,True
47063,False
47064,False
47065,False
47066,False
47067,False
47068,False
47069,False
47070,False
47071,False
47072,False
47073,False
47074,False
47075,True
47076,False
47077,True
47078,False
47079,False
47080,False
47081,False
47082,False
47083,False
47084,True
47085,False
47086,False
47087,True
47088,False
47089,True
47090,False
47091,True
47092,False
47093,False
47094,False
47095,False
47096,True
47097,True
47098,False
47099,True
47100,False
47101,False
47102,True
47103,False
47104,False
47105,False
47106,False
47107,False
47108,False
47109,True
47110,False
47111,False
47112,False
47113,False
47114,False
47115,False
47116,False
47117,False
47118,False
47119,True
47120,False
47121,False
47122,False
47123,False
47124,False
47125,False
47126,False
47127,False
47128,True
47129,True
47130,False
47131,False
47132,False
47133,True
47134,False
47135,False
47136,False
47137,True
47138,True
47139,False
47140,False
47141,False
47142,False
47143,False
47144,False
47145,False
47146,False
47147,False
47148,True
47149,False
47150,False
47151,False
47152,False
47153,False
47154,False
47155,False
47156,False
47157,False
47158,True
47159,False
47160,True
47161,False
47162,False
47163,True
47164,False
47165,True
47166,False
47167,False
47168,False
47169,True
47170,False
47171,False
47172,True
47173,False
47174,True
47175,False
47176,False
47177,False
47178,False
47179,False
47180,False
47181,False
47182,False
47183,True
47184,False
47185,True
47186,False
47187,True
47188,False
47189,True
47190,True
47191,True
47192,False
47193,False
47194,False
47195,True
47196,True
47197,False
47198,False
47199,False
47200,False
47201,False
47202,False
47203,True
47204,False
47205,True
47206,False
47207,True
47208,False
47209,True
47210,True
47211,False
47212,False
47213,False
47214,False
47215,True
47216,True
47217,True
47218,False
47219,False
47220,True
47221,False
47222,False
47223,False
47224,False
47225,False
47226,False
47227,True
47228,True
47229,True
47230,False
47231,False
47232,False
47233,True
47234,True
47235,False
47236,False
47237,False
47238,False
47239,True
47240,True
47241,False
47242,False
47243,False
47244,True
47245,False
47246,False
47247,True
47248,False
47249,False
47250,False
47251,False
47252,False
47253,True
47254,True
47255,True
47256,False
47257,True
47258,True
47259,False
47260,False
47261,True
47262,True
47263,True
47264,True
47265,True
47266,False
47267,False
47268,False
47269,False
47270,False
47271,False
47272,False
47273,False
47274,True
47275,False
47276,False
47277,False
47278,True
47279,False
47280,True
47281,True
47282,False
47283,False
47284,False
47285,False
47286,False
47287,False
47288,False
47289,False
47290,False
47291,False
47292,False
47293,False
47294,True
47295,False
47296,False
47297,False
47298,False
47299,False
47300,True
47301,False
47302,False
47303,False
47304,False
47305,False
47306,False
47307,False
47308,False
47309,False
47310,False
47311,False
47312,False
47313,False
47314,False
47315,True
47316,False
47317,False
47318,False
47319,False
47320,False
47321,False
47322,False
47323,False
47324,False
47325,False
47326,True
47327,False
47328,True
47329,True
47330,False
47331,True
47332,False
47333,False
47334,False
47335,False
47336,False
47337,True
47338,False
47339,False
47340,False
47341,True
47342,False
47343,False
47344,False
47345,False
47346,False
47347,False
47348,False
47349,False
47350,True
47351,False
47352,False
47353,False
47354,False
47355,False
47356,False
47357,False
47358,False
47359,False
47360,False
47361,False
47362,False
47363,False
47364,False
47365,True
47366,False
47367,False
47368,False
47369,True
47370,False
47371,False
47372,False
47373,True
47374,True
47375,True
47376,True
47377,False
47378,False
47379,False
47380,False
47381,False
47382,False
47383,False
47384,False
47385,False
47386,False
47387,True
47388,True
47389,False
47390,False
47391,False
47392,False
47393,False
47394,False
47395,False
47396,False
47397,False
47398,False
47399,False
47400,False
47401,False
47402,False
47403,False
47404,True
47405,False
47406,False
47407,False
47408,False
47409,False
47410,False
47411,False
47412,True
47413,False
47414,True
47415,False
47416,False
47417,True
47418,True
47419,False
47420,False
47421,False
47422,True
47423,False
47424,False
47425,True
47426,False
47427,False
47428,False
47429,False
47430,True
47431,False
47432,False
47433,True
47434,False
47435,False
47436,False
47437,True
47438,True
47439,False
47440,False
47441,False
47442,False
47443,True
47444,False
47445,True
47446,False
47447,False
47448,False
47449,False
47450,False
47451,False
47452,False
47453,False
47454,False
47455,False
47456,True
47457,False
47458,True
47459,False
47460,False
47461,False
47462,False
47463,False
47464,False
47465,False
47466,False
47467,False
47468,False
47469,False
47470,False
47471,False
47472,True
47473,True
47474,False
47475,False
47476,True
47477,False
47478,True
47479,False
47480,True
47481,False
47482,False
47483,False
47484,False
47485,False
47486,False
47487,False
47488,False
47489,True
47490,False
47491,True
47492,False
47493,False
47494,False
47495,False
47496,False
47497,True
47498,True
47499,True
47500,True
47501,True
47502,False
47503,True
47504,False
47505,True
47506,False
47507,True
47508,False
47509,False
47510,False
47511,False
47512,True
47513,False
47514,False
47515,False
47516,False
47517,False
47518,True
47519,False
47520,True
47521,True
47522,False
47523,False
47524,False
47525,False
47526,False
47527,False
47528,False
47529,True
47530,True
47531,False
47532,False
47533,False
47534,False
47535,True
47536,False
47537,False
47538,False
47539,False
47540,False
47541,False
47542,False
47543,False
47544,True
47545,False
47546,False
47547,False
47548,False
47549,False
47550,False
47551,True
47552,True
47553,True
47554,False
47555,False
47556,False
47557,False
47558,False
47559,False
47560,False
47561,False
47562,False
47563,True
47564,True
47565,False
47566,False
47567,False
47568,False
47569,False
47570,False
47571,True
47572,False
47573,True
47574,True
47575,False
47576,True
47577,False
47578,False
47579,True
47580,False
47581,False
47582,True
47583,True
47584,False
47585,False
47586,False
47587,False
47588,True
47589,True
47590,False
47591,True
47592,False
47593,False
47594,False
47595,False
47596,False
47597,False
47598,False
47599,False
47600,False
47601,False
47602,False
47603,False
47604,False
47605,False
47606,False
47607,True
47608,False
47609,False
47610,False
47611,False
47612,False
47613,False
47614,False
47615,True
47616,False
47617,False
47618,False
47619,False
47620,False
47621,True
47622,True
47623,False
47624,False
47625,True
47626,True
47627,True
47628,False
47629,True
47630,False
47631,True
47632,True
47633,False
47634,True
47635,False
47636,True
47637,True
47638,True
47639,True
47640,False
47641,True
47642,False
47643,True
47644,True
47645,True
47646,False
47647,True
47648,False
47649,False
47650,False
47651,False
47652,False
47653,False
47654,False
47655,False
47656,False
47657,False
47658,False
47659,False
47660,False
47661,False
47662,False
47663,True
47664,False
47665,False
47666,False
47667,False
47668,False
47669,False
47670,False
47671,False
47672,False
47673,False
47674,False
47675,False
47676,True
47677,False
47678,False
47679,True
47680,False
47681,False
47682,False
47683,True
47684,True
47685,True
47686,False
47687,True
47688,True
47689,True
47690,False
47691,False
47692,False
47693,False
47694,False
47695,False
47696,True
47697,True
47698,False
47699,False
47700,False
47701,False
47702,False
47703,False
47704,False
47705,False
47706,False
47707,True
47708,False
47709,True
47710,False
47711,True
47712,True
47713,True
47714,True
47715,False
47716,False
47717,False
47718,True
47719,False
47720,True
47721,False
47722,True
47723,False
47724,False
47725,False
47726,False
47727,False
47728,False
47729,False
47730,False
47731,False
47732,False
47733,False
47734,True
47735,False
47736,False
47737,False
47738,False
47739,False
47740,False
47741,True
47742,False
47743,True
47744,True
47745,False
47746,False
47747,False
47748,True
47749,True
47750,False
47751,False
47752,False
47753,False
47754,False
47755,False
47756,False
47757,False
47758,True
47759,True
47760,False
47761,False
47762,False
47763,True
47764,True
47765,False
47766,False
47767,False
47768,False
47769,False
47770,False
47771,False
47772,True
47773,False
47774,False
47775,True
47776,False
47777,False
47778,True
47779,False
47780,False
47781,False
47782,False
47783,False
47784,False
47785,False
47786,False
47787,False
47788,False
47789,False
47790,True
47791,False
47792,False
47793,False
47794,True
47795,True
47796,True
47797,False
47798,False
47799,False
47800,False
47801,False
47802,False
47803,True
47804,False
47805,True
47806,True
47807,False
47808,False
47809,False
47810,False
47811,False
47812,True
47813,True
47814,True
47815,True
47816,True
47817,True
47818,False
47819,True
47820,False
47821,False
47822,False
47823,False
47824,False
47825,False
47826,False
47827,False
47828,False
47829,False
47830,False
47831,True
47832,False
47833,False
47834,False
47835,False
47836,False
47837,False
47838,False
47839,True
47840,True
47841,False
47842,False
47843,True
47844,False
47845,False
47846,True
47847,False
47848,False
47849,False
47850,False
47851,False
47852,False
47853,True
47854,False
47855,False
47856,False
47857,False
47858,False
47859,False
47860,False
47861,False
47862,True
47863,True
47864,False
47865,True
47866,False
47867,False
47868,False
47869,False
47870,False
47871,False
47872,False
47873,False
47874,False
47875,False
47876,False
47877,False
47878,False
47879,False
47880,True
47881,False
47882,False
47883,False
47884,False
47885,False
47886,False
47887,False
47888,False
47889,False
47890,False
47891,False
47892,False
47893,False
47894,False
47895,True
47896,True
47897,True
47898,False
47899,False
47900,True
47901,False
47902,False
47903,False
47904,False
47905,False
47906,False
47907,False
47908,False
47909,False
47910,False
47911,False
47912,False
47913,False
47914,False
47915,False
47916,True
47917,False
47918,False
47919,False
47920,False
47921,True
47922,False
47923,False
47924,False
47925,False
47926,False
47927,False
47928,False
47929,True
47930,False
47931,True
47932,True
47933,False
47934,False
47935,False
47936,False
47937,False
47938,False
47939,True
47940,False
47941,True
47942,False
47943,False
47944,False
47945,False
47946,False
47947,True
47948,False
47949,False
47950,False
47951,False
47952,True
47953,False
47954,False
47955,False
47956,False
47957,False
47958,True
47959,False
47960,False
47961,False
47962,True
47963,False
47964,True
47965,False
47966,False
47967,False
47968,False
47969,False
47970,True
47971,False
47972,False
47973,False
47974,False
47975,False
47976,False
47977,False
47978,False
47979,False
47980,False
47981,False
47982,False
47983,False
47984,False
47985,False
47986,False
47987,False
47988,False
47989,False
47990,False
47991,False
47992,False
47993,False
47994,False
47995,True
47996,True
47997,True
47998,True
47999,False
48000,False
48001,False
48002,False
48003,False
48004,False
48005,False
48006,False
48007,True
48008,False
48009,True
48010,False
48011,True
48012,True
48013,False
48014,False
48015,False
48016,True
48017,False
48018,True
48019,False
48020,False
48021,True
48022,False
48023,False
48024,False
48025,False
48026,False
48027,True
48028,False
48029,False
48030,True
48031,False
48032,False
48033,False
48034,False
48035,True
48036,True
48037,False
48038,True
48039,True
48040,True
48041,False
48042,False
48043,False
48044,False
48045,False
48046,False
48047,True
48048,True
48049,True
48050,True
48051,True
48052,False
48053,False
48054,False
48055,False
48056,False
48057,False
48058,False
48059,False
48060,False
48061,False
48062,False
48063,False
48064,False
48065,True
48066,True
48067,False
48068,False
48069,False
48070,True
48071,True
48072,False
48073,True
48074,False
48075,False
48076,False
48077,True
48078,True
48079,True
48080,False
48081,False
48082,False
48083,False
48084,True
48085,False
48086,True
48087,False
48088,False
48089,False
48090,False
48091,False
48092,False
48093,False
48094,False
48095,True
48096,True
48097,False
48098,True
48099,True
48100,False
48101,True
48102,True
48103,True
48104,False
48105,False
48106,True
48107,True
48108,False
48109,True
48110,False
48111,False
48112,False
48113,False
48114,False
48115,False
48116,False
48117,False
48118,True
48119,False
48120,False
48121,False
48122,False
48123,True
48124,True
48125,False
48126,False
48127,True
48128,True
48129,False
48130,True
48131,False
48132,True
48133,False
48134,True
48135,False
48136,False
48137,True
48138,False
48139,True
48140,True
48141,False
48142,False
48143,False
48144,False
48145,False
48146,False
48147,False
48148,False
48149,True
48150,False
48151,False
48152,False
48153,False
48154,False
48155,True
48156,False
48157,False
48158,False
48159,False
48160,False
48161,False
48162,True
48163,False
48164,False
48165,True
48166,False
48167,False
48168,False
48169,False
48170,False
48171,False
48172,True
48173,False
48174,False
48175,False
48176,False
48177,False
48178,True
48179,False
48180,False
48181,False
48182,False
48183,False
48184,True
48185,False
48186,True
48187,False
48188,False
48189,False
48190,False
48191,False
48192,True
48193,False
48194,False
48195,False
48196,True
48197,False
48198,True
48199,True
48200,False
48201,False
48202,False
48203,False
48204,True
48205,False
48206,False
48207,False
48208,False
48209,False
48210,False
48211,False
48212,False
48213,False
48214,True
48215,True
48216,False
48217,False
48218,True
48219,False
48220,False
48221,False
48222,False
48223,False
48224,False
48225,False
48226,False
48227,False
48228,False
48229,False
48230,False
48231,True
48232,False
48233,True
48234,True
48235,False
48236,False
48237,False
48238,False
48239,False
48240,False
48241,False
48242,True
48243,True
48244,False
48245,False
48246,True
48247,False
48248,False
48249,False
48250,True
48251,False
48252,False
48253,True
48254,False
48255,False
48256,False
48257,True
48258,False
48259,False
48260,False
48261,False
48262,False
48263,True
48264,False
48265,False
48266,False
48267,True
48268,True
48269,False
48270,False
48271,True
48272,True
48273,False
48274,False
48275,False
48276,False
48277,True
48278,True
48279,False
48280,True
48281,False
48282,False
48283,False
48284,True
48285,False
48286,True
48287,True
48288,False
48289,True
48290,True
48291,False
48292,False
48293,False
48294,False
48295,False
48296,False
48297,False
48298,True
48299,False
48300,True
48301,True
48302,True
48303,True
48304,False
48305,True
48306,False
48307,False
48308,False
48309,False
48310,False
48311,False
48312,False
48313,True
48314,True
48315,False
48316,False
48317,False
48318,False
48319,False
48320,False
48321,False
48322,False
48323,False
48324,False
48325,True
48326,False
48327,False
48328,False
48329,True
48330,False
48331,False
48332,False
48333,False
48334,True
48335,True
48336,True
48337,True
48338,False
48339,False
48340,True
48341,False
48342,False
48343,False
48344,True
48345,False
48346,False
48347,False
48348,False
48349,False
48350,False
48351,True
48352,True
48353,False
48354,False
48355,True
48356,False
48357,False
48358,False
48359,False
48360,False
48361,False
48362,False
48363,True
48364,False
48365,False
48366,True
48367,True
48368,True
48369,True
48370,False
48371,False
48372,False
48373,False
48374,False
48375,True
48376,False
48377,True
48378,True
48379,False
48380,False
48381,False
48382,True
48383,True
48384,False
48385,False
48386,False
48387,True
48388,True
48389,False
48390,False
48391,True
48392,True
48393,False
48394,False
48395,True
48396,True
48397,True
48398,True
48399,True
48400,True
48401,False
48402,False
48403,True
48404,True
48405,False
48406,False
48407,True
48408,False
48409,True
48410,False
48411,True
48412,False
48413,True
48414,False
48415,False
48416,False
48417,False
48418,True
48419,True
48420,True
48421,False
48422,False
48423,True
48424,True
48425,False
48426,False
48427,False
48428,False
48429,False
48430,False
48431,False
48432,False
48433,True
48434,True
48435,False
48436,True
48437,True
48438,False
48439,True
48440,False
48441,False
48442,False
48443,False
48444,True
48445,True
48446,True
48447,False
48448,False
48449,False
48450,False
48451,False
48452,False
48453,False
48454,False
48455,False
48456,True
48457,True
48458,False
48459,False
48460,False
48461,False
48462,False
48463,True
48464,False
48465,False
48466,False
48467,False
48468,False
48469,True
48470,False
48471,False
48472,False
48473,True
48474,False
48475,False
48476,False
48477,True
48478,True
48479,True
48480,True
48481,True
48482,True
48483,False
48484,False
48485,False
48486,False
48487,False
48488,False
48489,False
48490,True
48491,False
48492,True
48493,False
48494,True
48495,False
48496,False
48497,False
48498,False
48499,True
48500,False
48501,False
48502,True
48503,False
48504,False
48505,False
48506,False
48507,True
48508,False
48509,True
48510,False
48511,True
48512,False
48513,False
48514,True
48515,False
48516,True
48517,True
48518,True
48519,False
48520,False
48521,False
48522,False
48523,False
48524,True
48525,True
48526,False
48527,False
48528,False
48529,False
48530,False
48531,False
48532,False
48533,False
48534,False
48535,False
48536,False
48537,False
48538,False
48539,False
48540,True
48541,True
48542,True
48543,True
48544,False
48545,False
48546,False
48547,False
48548,False
48549,False
48550,False
48551,False
48552,False
48553,False
48554,False
48555,False
48556,False
48557,False
48558,False
48559,True
48560,True
48561,False
48562,False
48563,False
48564,False
48565,False
48566,False
48567,False
48568,False
48569,False
48570,False
48571,False
48572,False
48573,False
48574,True
48575,True
48576,False
48577,False
48578,False
48579,True
48580,False
48581,False
48582,False
48583,True
48584,False
48585,False
48586,False
48587,False
48588,False
48589,True
48590,True
48591,True
48592,False
48593,False
48594,False
48595,False
48596,False
48597,False
48598,True
48599,False
48600,False
48601,False
48602,False
48603,True
48604,False
48605,True
48606,True
48607,True
48608,False
48609,False
48610,False
48611,False
48612,False
48613,False
48614,False
48615,False
48616,False
48617,False
48618,False
48619,True
48620,False
48621,False
48622,False
48623,True
48624,False
48625,False
48626,False
48627,False
48628,False
48629,False
48630,False
48631,True
48632,True
48633,False
48634,False
48635,False
48636,False
48637,False
48638,False
48639,False
48640,False
48641,False
48642,False
48643,False
48644,False
48645,False
48646,True
48647,False
48648,False
48649,False
48650,True
48651,False
48652,False
48653,False
48654,False
48655,True
48656,True
48657,False
48658,False
48659,True
48660,True
48661,True
48662,False
48663,False
48664,True
48665,False
48666,False
48667,False
48668,False
48669,True
48670,False
48671,False
48672,False
48673,False
48674,False
48675,False
48676,False
48677,False
48678,False
48679,False
48680,True
48681,True
48682,False
48683,False
48684,False
48685,True
48686,False
48687,False
48688,False
48689,False
48690,False
48691,False
48692,True
48693,False
48694,False
48695,False
48696,False
48697,False
48698,False
48699,False
48700,False
48701,False
48702,False
48703,False
48704,False
48705,True
48706,False
48707,False
48708,False
48709,False
48710,False
48711,False
48712,False
48713,True
48714,False
48715,False
48716,True
48717,True
48718,True
48719,False
48720,True
48721,False
48722,False
48723,False
48724,True
48725,False
48726,False
48727,False
48728,False
48729,False
48730,True
48731,False
48732,False
48733,False
48734,False
48735,False
48736,False
48737,False
48738,False
48739,False
48740,False
48741,True
48742,False
48743,True
48744,True
48745,True
48746,False
48747,False
48748,False
48749,False
48750,False
48751,False
48752,False
48753,False
48754,False
48755,False
48756,False
48757,False
48758,False
48759,True
48760,False
48761,False
48762,False
48763,False
48764,False
48765,False
48766,False
48767,False
48768,False
48769,False
48770,True
48771,False
48772,True
48773,False
48774,False
48775,False
48776,True
48777,False
48778,False
48779,False
48780,False
48781,False
48782,False
48783,False
48784,False
48785,False
48786,False
48787,False
48788,False
48789,False
48790,True
48791,True
48792,False
48793,True
48794,False
48795,False
48796,False
48797,False
48798,False
48799,False
48800,True
48801,True
48802,False
48803,False
48804,False
48805,True
48806,False
48807,False
48808,False
48809,False
48810,False
48811,False
48812,False
48813,False
48814,False
48815,False
48816,False
48817,True
48818,False
48819,True
48820,True
48821,False
48822,False
48823,False
48824,False
48825,True
48826,False
48827,False
48828,False
48829,False
48830,True
48831,False
48832,False
48833,False
48834,True
48835,False
48836,True
48837,False
48838,False
48839,True
48840,False
48841,True
48842,True
48843,False
48844,True
48845,False
48846,True
48847,False
48848,False
48849,False
48850,False
48851,False
48852,False
48853,False
48854,False
48855,False
48856,False
48857,True
48858,False
48859,False
48860,True
48861,False
48862,False
48863,False
48864,False
48865,False
48866,True
48867,True
48868,False
48869,False
48870,False
48871,False
48872,True
48873,False
48874,False
48875,False
48876,False
48877,False
48878,False
48879,False
48880,False
48881,False
48882,False
48883,False
48884,False
48885,False
48886,False
48887,False
48888,False
48889,False
48890,False
48891,False
48892,False
48893,False
48894,False
48895,False
48896,False
48897,False
48898,True
48899,False
48900,False
48901,False
48902,False
48903,False
48904,False
48905,True
48906,False
48907,False
48908,False
48909,True
48910,True
48911,False
48912,False
48913,False
48914,False
48915,True
48916,False
48917,False
48918,False
48919,False
48920,True
48921,False
48922,False
48923,False
48924,True
48925,False
48926,False
48927,True
48928,False
48929,False
48930,False
48931,False
48932,False
48933,True
48934,False
48935,False
48936,False
48937,False
48938,True
48939,False
48940,False
48941,False
48942,True
48943,True
48944,False
48945,False
48946,False
48947,True
48948,True
48949,False
48950,False
48951,False
48952,False
48953,False
48954,False
48955,False
48956,False
48957,False
48958,False
48959,False
48960,False
48961,False
48962,False
48963,False
48964,False
48965,False
48966,False
48967,True
48968,False
48969,False
48970,False
48971,True
48972,False
48973,False
48974,False
48975,True
48976,False
48977,False
48978,False
48979,True
48980,False
48981,True
48982,False
48983,False
48984,False
48985,False
48986,False
48987,False
48988,False
48989,False
48990,False
48991,False
48992,False
48993,False
48994,False
48995,False
48996,False
48997,False
48998,True
48999,False
49000,False
49001,False
49002,False
49003,False
49004,False
49005,True
49006,False
49007,False
49008,False
49009,False
49010,False
49011,False
49012,False
49013,False
49014,False
49015,False
49016,False
49017,False
49018,False
49019,False
49020,False
49021,False
49022,False
49023,False
49024,False
49025,True
49026,True
49027,False
49028,False
49029,False
49030,False
49031,False
49032,False
49033,False
49034,False
49035,False
49036,True
49037,False
49038,True
49039,True
49040,True
49041,True
49042,False
49043,False
49044,True
49045,False
49046,True
49047,False
49048,False
49049,False
49050,False
49051,False
49052,True
49053,False
49054,False
49055,True
49056,False
49057,False
49058,False
49059,False
49060,True
49061,True
49062,False
49063,False
49064,True
49065,True
49066,False
49067,False
49068,True
49069,False
49070,False
49071,False
49072,False
49073,False
49074,False
49075,False
49076,False
49077,False
49078,True
49079,True
49080,False
49081,True
49082,True
49083,True
49084,False
49085,False
49086,False
49087,False
49088,False
49089,False
49090,False
49091,False
49092,True
49093,False
49094,False
49095,False
49096,False
49097,False
49098,False
49099,False
49100,True
49101,False
49102,True
49103,False
49104,False
49105,False
49106,False
49107,False
49108,True
49109,False
49110,True
49111,True
49112,False
49113,False
49114,True
49115,False
49116,False
49117,False
49118,False
49119,True
49120,True
49121,True
49122,False
49123,True
49124,False
49125,False
49126,True
49127,False
49128,True
49129,False
49130,False
49131,False
49132,False
49133,False
49134,True
49135,False
49136,False
49137,False
49138,True
49139,False
49140,True
49141,True
49142,True
49143,True
49144,False
49145,True
49146,False
49147,True
49148,False
49149,True
49150,True
49151,True
49152,True
49153,False
49154,True
49155,False
49156,False
49157,False
49158,False
49159,False
49160,False
49161,False
49162,False
49163,False
49164,False
49165,False
49166,True
49167,False
49168,False
49169,True
49170,False
49171,False
49172,False
49173,False
49174,True
49175,False
49176,True
49177,True
49178,True
49179,False
49180,False
49181,False
49182,False
49183,False
49184,False
49185,False
49186,False
49187,False
49188,False
49189,True
49190,True
49191,False
49192,True
49193,False
49194,False
49195,True
49196,False
49197,False
49198,True
49199,False
49200,False
49201,False
49202,False
49203,False
49204,False
49205,False
49206,False
49207,False
49208,False
49209,False
49210,False
49211,True
49212,False
49213,False
49214,False
49215,False
49216,False
49217,False
49218,False
49219,False
49220,True
49221,False
49222,False
49223,False
49224,True
49225,False
49226,True
49227,True
49228,True
49229,True
49230,False
49231,False
49232,False
49233,False
49234,False
49235,False
49236,True
49237,False
49238,False
49239,False
49240,True
49241,True
49242,False
49243,True
49244,False
49245,True
49246,True
49247,False
49248,False
49249,True
49250,False
49251,False
49252,False
49253,False
49254,False
49255,False
49256,False
49257,False
49258,False
49259,True
49260,True
49261,True
49262,True
49263,False
49264,False
49265,False
49266,True
49267,True
49268,True
49269,False
49270,False
49271,False
49272,False
49273,False
49274,False
49275,False
49276,False
49277,False
49278,True
49279,False
49280,False
49281,False
49282,True
49283,False
49284,False
49285,False
49286,False
49287,False
49288,False
49289,False
49290,False
49291,False
49292,False
49293,False
49294,False
49295,False
49296,True
49297,False
49298,False
49299,True
49300,True
49301,True
49302,True
49303,True
49304,False
49305,True
49306,False
49307,False
49308,False
49309,False
49310,False
49311,True
49312,False
49313,True
49314,True
49315,True
49316,False
49317,False
49318,False
49319,False
49320,False
49321,True
49322,False
49323,False
49324,False
49325,False
49326,True
49327,False
49328,False
49329,True
49330,False
49331,True
49332,False
49333,False
49334,False
49335,True
49336,False
49337,False
49338,True
49339,False
49340,False
49341,False
49342,False
49343,False
49344,False
49345,True
49346,False
49347,False
49348,False
49349,False
49350,False
49351,False
49352,True
49353,False
49354,False
49355,False
49356,False
49357,False
49358,False
49359,False
49360,False
49361,False
49362,False
49363,False
49364,False
49365,False
49366,False
49367,False
49368,False
49369,True
49370,True
49371,False
49372,True
49373,False
49374,True
49375,False
49376,True
49377,True
49378,False
49379,True
49380,False
49381,False
49382,True
49383,True
49384,True
49385,False
49386,False
49387,False
49388,False
49389,False
49390,False
49391,True
49392,True
49393,False
49394,True
49395,True
49396,True
49397,False
49398,False
49399,False
49400,True
49401,False
49402,False
49403,False
49404,False
49405,True
49406,False
49407,False
49408,True
49409,False
49410,True
49411,False
49412,True
49413,False
49414,False
49415,False
49416,False
49417,False
49418,True
49419,False
49420,False
49421,False
49422,False
49423,True
49424,False
49425,False
49426,False
49427,False
49428,False
49429,True
49430,False
49431,False
49432,False
49433,False
49434,True
49435,False
49436,True
49437,False
49438,True
49439,False
49440,True
49441,False
49442,False
49443,False
49444,False
49445,True
49446,False
49447,True
49448,True
49449,True
49450,False
49451,False
49452,False
49453,True
49454,True
49455,True
49456,False
49457,False
49458,False
49459,False
49460,False
49461,True
49462,True
49463,False
49464,False
49465,False
49466,False
49467,False
49468,False
49469,True
49470,False
49471,False
49472,False
49473,True
49474,True
49475,True
49476,False
49477,False
49478,False
49479,False
49480,False
49481,False
49482,True
49483,False
49484,False
49485,False
49486,False
49487,False
49488,False
49489,False
49490,True
49491,False
49492,False
49493,False
49494,False
49495,False
49496,True
49497,True
49498,True
49499,True
49500,False
49501,True
49502,True
49503,False
49504,True
49505,False
49506,True
49507,False
49508,True
49509,False
49510,False
49511,False
49512,False
49513,False
49514,False
49515,False
49516,True
49517,False
49518,False
49519,False
49520,False
49521,True
49522,True
49523,False
49524,False
49525,True
49526,False
49527,False
49528,False
49529,False
49530,False
49531,False
49532,True
49533,False
49534,False
49535,False
49536,False
49537,False
49538,True
49539,True
49540,False
49541,False
49542,False
49543,True
49544,False
49545,True
49546,True
49547,True
49548,False
49549,False
49550,False
49551,False
49552,False
49553,False
49554,True
49555,True
49556,False
49557,True
49558,False
49559,False
49560,False
49561,False
49562,False
49563,False
49564,False
49565,False
49566,True
49567,False
49568,True
49569,True
49570,True
49571,False
49572,False
49573,True
49574,False
49575,False
49576,False
49577,True
49578,False
49579,False
49580,False
49581,False
49582,True
49583,False
49584,True
49585,True
49586,False
49587,True
49588,True
49589,False
49590,True
49591,False
49592,False
49593,False
49594,False
49595,False
49596,True
49597,True
49598,True
49599,True
49600,False
49601,False
49602,False
49603,False
49604,False
49605,True
49606,False
49607,False
49608,True
49609,True
49610,False
49611,True
49612,False
49613,False
49614,False
49615,False
49616,False
49617,True
49618,False
49619,False
49620,True
49621,False
49622,False
49623,False
49624,True
49625,False
49626,False
49627,False
49628,False
49629,False
49630,True
49631,True
49632,False
49633,True
49634,False
49635,False
49636,False
49637,True
49638,False
49639,False
49640,True
49641,True
49642,True
49643,False
49644,False
49645,False
49646,False
49647,False
49648,False
49649,False
49650,False
49651,False
49652,False
49653,True
49654,False
49655,True
49656,False
49657,False
49658,False
49659,False
49660,True
49661,True
49662,True
49663,False
49664,True
49665,False
49666,False
49667,False
49668,False
49669,False
49670,False
49671,False
49672,False
49673,False
49674,True
49675,False
49676,True
49677,False
49678,False
49679,False
49680,False
49681,False
49682,False
49683,False
49684,False
49685,True
49686,True
49687,False
49688,True
49689,False
49690,False
49691,False
49692,True
49693,False
49694,True
49695,True
49696,False
49697,False
49698,False
49699,False
49700,False
49701,False
49702,False
49703,False
49704,True
49705,False
49706,False
49707,False
49708,True
49709,True
49710,False
49711,False
49712,False
49713,False
49714,False
49715,True
49716,True
49717,True
49718,True
49719,False
49720,True
49721,False
49722,True
49723,True
49724,False
49725,False
49726,False
49727,False
49728,True
49729,True
49730,True
49731,False
49732,True
49733,False
49734,False
49735,False
49736,False
49737,False
49738,True
49739,False
49740,False
49741,False
49742,True
49743,False
49744,False
49745,False
49746,False
49747,False
49748,False
49749,False
49750,False
49751,True
49752,False
49753,False
49754,True
49755,True
49756,False
49757,False
49758,False
49759,False
49760,True
49761,True
49762,False
49763,False
49764,False
49765,False
49766,False
49767,False
49768,False
49769,False
49770,False
49771,False
49772,False
49773,False
49774,False
49775,False
49776,True
49777,False
49778,False
49779,False
49780,False
49781,False
49782,False
49783,False
49784,False
49785,False
49786,False
49787,True
49788,True
49789,True
49790,False
49791,True
49792,False
49793,False
49794,False
49795,True
49796,False
49797,False
49798,False
49799,False
49800,False
49801,True
49802,False
49803,False
49804,True
49805,True
49806,True
49807,False
49808,False
49809,False
49810,False
49811,False
49812,True
49813,True
49814,False
49815,False
49816,False
49817,False
49818,False
49819,False
49820,False
49821,False
49822,False
49823,False
49824,False
49825,True
49826,True
49827,False
49828,False
49829,False
49830,False
49831,False
49832,False
49833,False
49834,False
49835,False
49836,True
49837,False
49838,True
49839,False
49840,True
49841,False
49842,False
49843,False
49844,False
49845,False
49846,False
49847,False
49848,False
49849,False
49850,False
49851,True
49852,True
49853,False
49854,True
49855,True
49856,False
49857,True
49858,False
49859,False
49860,False
49861,True
49862,True
49863,False
49864,False
49865,False
49866,True
49867,False
49868,False
49869,True
49870,False
49871,False
49872,False
49873,False
49874,True
49875,True
49876,False
49877,True
49878,False
49879,False
49880,False
49881,True
49882,False
49883,False
49884,True
49885,False
49886,False
49887,False
49888,False
49889,False
49890,False
49891,False
49892,False
49893,True
49894,False
49895,False
49896,False
49897,False
49898,False
49899,False
49900,False
49901,False
49902,False
49903,True
49904,False
49905,False
49906,False
49907,False
49908,False
49909,True
49910,False
49911,False
49912,False
49913,False
49914,False
49915,False
49916,True
49917,False
49918,False
49919,False
49920,False
49921,False
49922,False
49923,False
49924,True
49925,False
49926,False
49927,True
49928,False
49929,True
49930,True
49931,True
49932,False
49933,False
49934,False
49935,True
49936,False
49937,True
49938,True
49939,True
49940,False
49941,False
49942,False
49943,True
49944,True
49945,False
49946,True
49947,False
49948,False
49949,False
49950,False
49951,False
49952,False
49953,False
49954,True
49955,False
49956,False
49957,False
49958,False
49959,False
49960,False
49961,False
49962,False
49963,False
49964,False
49965,False
49966,True
49967,False
49968,False
49969,False
49970,True
49971,False
49972,False
49973,True
49974,True
49975,True
49976,False
49977,True
49978,True
49979,True
49980,True
49981,False
49982,False
49983,False
49984,False
49985,False
49986,True
49987,False
49988,True
49989,False
49990,True
49991,False
49992,False
49993,False
49994,False
49995,True
49996,True
49997,False
49998,True
49999,False
50000,True
50001,False
50002,False
50003,True
50004,False
50005,True
50006,True
50007,True
50008,False
50009,False
50010,False
50011,False
50012,True
50013,True
50014,False
50015,False
50016,True
50017,False
50018,True
50019,False
50020,False
50021,False
50022,False
50023,False
50024,True
50025,False
50026,False
50027,False
50028,False
50029,False
50030,True
50031,False
50032,False
50033,True
50034,True
50035,False
50036,True
50037,False
50038,False
50039,False
50040,False
50041,False
50042,False
50043,True
50044,False
50045,False
50046,False
50047,False
50048,True
50049,True
50050,True
50051,True
50052,False
50053,False
50054,True
50055,False
50056,True
50057,False
50058,False
50059,False
50060,True
50061,False
50062,True
50063,False
50064,False
50065,False
50066,False
50067,False
50068,True
50069,False
50070,True
50071,True
50072,True
50073,False
50074,True
50075,True
50076,True
50077,True
50078,True
50079,False
50080,False
50081,False
50082,False
50083,False
50084,True
50085,False
50086,False
50087,False
50088,False
50089,False
50090,True
50091,False
50092,True
50093,False
50094,False
50095,False
50096,False
50097,False
50098,False
50099,False
50100,False
50101,False
50102,False
50103,False
50104,True
50105,True
50106,False
50107,False
50108,True
50109,False
50110,False
50111,False
50112,False
50113,True
50114,False
50115,False
50116,False
50117,True
50118,False
50119,False
50120,False
50121,True
50122,False
50123,False
50124,False
50125,False
50126,False
50127,False
50128,False
50129,False
50130,False
50131,True
50132,True
50133,True
50134,True
50135,True
50136,False
50137,False
50138,False
50139,True
50140,False
50141,True
50142,False
50143,False
50144,False
50145,False
50146,False
50147,False
50148,False
50149,False
50150,True
50151,False
50152,True
50153,False
50154,True
50155,False
50156,True
50157,False
50158,True
50159,False
50160,False
50161,False
50162,False
50163,False
50164,False
50165,False
50166,True
50167,True
50168,False
50169,True
50170,False
50171,False
50172,False
50173,False
50174,False
50175,False
50176,False
50177,False
50178,False
50179,False
50180,True
50181,False
50182,False
50183,False
50184,True
50185,True
50186,False
50187,False
50188,True
50189,False
50190,True
50191,True
50192,False
50193,False
50194,False
50195,True
50196,False
50197,False
50198,True
50199,False
50200,False
50201,True
50202,False
50203,False
50204,True
50205,False
50206,False
50207,False
50208,False
50209,True
50210,False
50211,False
50212,False
50213,False
50214,True
50215,False
50216,True
50217,True
50218,True
50219,False
50220,False
50221,True
50222,False
50223,False
50224,False
50225,False
50226,False
50227,False
50228,False
50229,False
50230,False
50231,True
50232,False
50233,False
50234,False
50235,False
50236,False
50237,False
50238,True
50239,False
50240,False
50241,False
50242,False
50243,False
50244,False
50245,True
50246,True
50247,True
50248,False
50249,False
50250,False
50251,False
50252,False
50253,False
50254,True
50255,False
50256,False
50257,False
50258,False
50259,False
50260,False
50261,False
50262,False
50263,False
50264,False
50265,False
50266,True
50267,False
50268,False
50269,False
50270,True
50271,False
50272,False
50273,False
50274,True
50275,False
50276,True
50277,False
50278,True
50279,True
50280,True
50281,False
50282,False
50283,False
50284,True
50285,False
50286,True
50287,True
50288,False
50289,True
50290,False
50291,False
50292,False
50293,False
50294,True
50295,False
50296,False
50297,True
50298,True
50299,False
50300,False
50301,False
50302,False
50303,False
50304,False
50305,True
50306,True
50307,False
50308,True
50309,False
50310,False
50311,False
50312,True
50313,False
50314,False
50315,False
50316,False
50317,False
50318,False
50319,False
50320,True
50321,False
50322,False
50323,False
50324,False
50325,False
50326,True
50327,False
50328,False
50329,False
50330,False
50331,False
50332,False
50333,False
50334,False
50335,False
50336,False
50337,False
50338,False
50339,False
50340,True
50341,False
50342,False
50343,False
50344,False
50345,False
50346,False
50347,False
50348,False
50349,False
50350,True
50351,False
50352,False
50353,False
50354,True
50355,False
50356,False
50357,True
50358,False
50359,False
50360,False
50361,True
50362,False
50363,True
50364,True
50365,True
50366,True
50367,True
50368,False
50369,False
50370,False
50371,False
50372,False
50373,False
50374,False
50375,False
50376,True
50377,False
50378,False
50379,False
50380,False
50381,False
50382,True
50383,False
50384,False
50385,False
50386,False
50387,False
50388,False
50389,True
50390,False
50391,False
50392,False
50393,False
50394,False
50395,False
50396,False
50397,False
50398,True
50399,True
50400,True
50401,False
50402,False
50403,False
50404,False
50405,False
50406,False
50407,False
50408,False
50409,False
50410,False
50411,False
50412,True
50413,True
50414,False
50415,False
50416,False
50417,False
50418,False
50419,False
50420,False
50421,False
50422,False
50423,False
50424,False
50425,False
50426,True
50427,False
50428,True
50429,False
50430,True
50431,False
50432,True
50433,False
50434,False
50435,False
50436,False
50437,False
50438,False
50439,False
50440,False
50441,False
50442,True
50443,False
50444,True
50445,False
50446,False
50447,False
50448,True
50449,False
50450,False
50451,True
50452,False
50453,False
50454,False
50455,False
50456,False
50457,True
50458,True
50459,False
50460,True
50461,False
50462,True
50463,False
50464,False
50465,True
50466,False
50467,False
50468,True
50469,True
50470,False
50471,False
50472,False
50473,True
50474,True
50475,True
50476,True
50477,False
50478,False
50479,True
50480,False
50481,False
50482,True
50483,True
50484,False
50485,True
50486,False
50487,False
50488,False
50489,False
50490,False
50491,False
50492,True
50493,False
50494,False
50495,False
50496,False
50497,False
50498,False
50499,False
50500,False
50501,True
50502,False
50503,False
50504,False
50505,False
50506,False
50507,True
50508,False
50509,True
50510,True
50511,True
50512,True
50513,False
50514,False
50515,False
50516,False
50517,True
50518,False
50519,False
50520,True
50521,True
50522,False
50523,False
50524,False
50525,False
50526,False
50527,False
50528,False
50529,True
50530,True
50531,True
50532,False
50533,True
50534,False
50535,False
50536,False
50537,False
50538,False
50539,False
50540,True
50541,False
50542,False
50543,False
50544,False
50545,False
50546,False
50547,False
50548,True
50549,True
50550,False
50551,False
50552,True
50553,True
50554,False
50555,True
50556,False
50557,False
50558,True
50559,False
50560,False
50561,False
50562,False
50563,True
50564,False
50565,False
50566,True
50567,False
50568,False
50569,True
50570,True
50571,False
50572,False
50573,False
50574,False
50575,False
50576,False
50577,False
50578,True
50579,False
50580,True
50581,False
50582,True
50583,False
50584,False
50585,False
50586,False
50587,True
50588,True
50589,False
50590,False
50591,False
50592,False
50593,False
50594,False
50595,True
50596,False
50597,True
50598,True
50599,False
50600,False
50601,False
50602,False
50603,False
50604,True
50605,True
50606,True
50607,True
50608,False
50609,False
50610,True
50611,True
50612,False
50613,False
50614,False
50615,False
50616,False
50617,False
50618,False
50619,False
50620,False
50621,False
50622,False
50623,False
50624,False
50625,False
50626,False
50627,False
50628,False
50629,True
50630,False
50631,False
50632,False
50633,False
50634,True
50635,False
50636,False
50637,False
50638,False
50639,False
50640,False
50641,False
50642,True
50643,True
50644,False
50645,False
50646,False
50647,False
50648,True
50649,True
50650,False
50651,False
50652,True
50653,False
50654,False
50655,False
50656,False
50657,False
50658,True
50659,False
50660,True
50661,False
50662,False
50663,False
50664,True
50665,True
50666,False
50667,True
50668,False
50669,True
50670,False
50671,False
50672,False
50673,False
50674,True
50675,True
50676,False
50677,True
50678,True
50679,False
50680,True
50681,True
50682,True
50683,False
50684,False
50685,False
50686,False
50687,False
50688,True
50689,True
50690,True
50691,False
50692,False
50693,False
50694,False
50695,False
50696,True
50697,False
50698,False
50699,True
50700,False
50701,False
50702,False
50703,False
50704,False
50705,False
50706,False
50707,True
50708,False
50709,False
50710,False
50711,False
50712,False
50713,False
50714,False
50715,False
50716,False
50717,False
50718,True
50719,False
50720,False
50721,False
50722,False
50723,False
50724,False
50725,True
50726,False
50727,False
50728,False
50729,True
50730,True
50731,True
50732,False
50733,False
50734,False
50735,False
50736,True
50737,False
50738,False
50739,True
50740,False
50741,False
50742,False
50743,False
50744,False
50745,False
50746,True
50747,True
50748,False
50749,False
50750,True
50751,True
50752,True
50753,False
50754,False
50755,False
50756,False
50757,False
50758,False
50759,False
50760,True
50761,True
50762,True
50763,False
50764,True
50765,False
50766,True
50767,False
50768,False
50769,False
50770,False
50771,False
50772,False
50773,False
50774,False
50775,False
50776,False
50777,True
50778,True
50779,True
50780,True
50781,False
50782,True
50783,False
50784,False
50785,False
50786,False
50787,False
50788,False
50789,True
50790,False
50791,False
50792,False
50793,False
50794,True
50795,True
50796,True
50797,True
50798,False
50799,False
50800,False
50801,False
50802,False
50803,False
50804,False
50805,True
50806,True
50807,True
50808,False
50809,False
50810,True
50811,False
50812,False
50813,False
50814,False
50815,False
50816,False
50817,False
50818,False
50819,False
50820,False
50821,False
50822,False
50823,False
50824,True
50825,False
50826,True
50827,True
50828,False
50829,False
50830,False
50831,False
50832,True
50833,False
50834,True
50835,True
50836,True
50837,False
50838,False
50839,True
50840,True
50841,False
50842,False
50843,True
50844,False
50845,True
50846,False
50847,False
50848,False
50849,False
50850,False
50851,True
50852,False
50853,False
50854,False
50855,False
50856,True
50857,True
50858,False
50859,False
50860,True
50861,False
50862,False
50863,True
50864,True
50865,False
50866,False
50867,False
50868,False
50869,False
50870,True
50871,True
50872,True
50873,True
50874,False
50875,False
50876,False
50877,False
50878,False
50879,False
50880,True
50881,False
50882,False
50883,False
50884,False
50885,False
50886,False
50887,False
50888,True
50889,False
50890,False
50891,True
50892,True
50893,False
50894,False
50895,False
50896,False
50897,False
50898,False
50899,False
50900,False
50901,True
50902,True
50903,False
50904,True
50905,True
50906,False
50907,True
50908,True
50909,True
50910,False
50911,True
50912,False
50913,False
50914,False
50915,True
50916,False
50917,False
50918,False
50919,False
50920,False
50921,False
50922,False
50923,False
50924,False
50925,False
50926,True
50927,False
50928,False
50929,True
50930,False
50931,False
50932,True
50933,True
50934,True
50935,True
50936,True
50937,True
50938,True
50939,False
50940,False
50941,False
50942,True
50943,False
50944,False
50945,False
50946,False
50947,False
50948,False
50949,False
50950,True
50951,True
50952,False
50953,True
50954,False
50955,False
50956,False
50957,False
50958,True
50959,False
50960,False
50961,False
50962,False
50963,True
50964,False
50965,False
50966,False
50967,False
50968,True
50969,True
50970,False
50971,True
50972,True
50973,False
50974,False
50975,False
50976,False
50977,False
50978,True
50979,False
50980,False
50981,True
50982,True
50983,False
50984,False
50985,False
50986,False
50987,True
50988,True
50989,True
50990,True
50991,False
50992,False
50993,False
50994,False
50995,False
50996,True
50997,False
50998,True
50999,True
51000,True
51001,True
51002,True
51003,False
51004,False
51005,True
51006,False
51007,False
51008,False
51009,False
51010,True
51011,False
51012,True
51013,False
51014,True
51015,False
51016,True
51017,True
51018,False
51019,False
51020,False
51021,False
51022,False
51023,True
51024,False
51025,True
51026,True
51027,False
51028,False
51029,False
51030,True
51031,True
51032,True
51033,True
51034,False
51035,False
51036,False
51037,True
51038,True
51039,False
51040,True
51041,False
51042,False
51043,True
51044,False
51045,False
51046,False
51047,True
51048,True
51049,True
51050,False
51051,False
51052,False
51053,False
51054,False
51055,True
51056,False
51057,False
51058,True
51059,False
51060,False
51061,False
51062,False
51063,True
51064,True
51065,True
51066,True
51067,False
51068,False
51069,False
51070,True
51071,False
51072,False
51073,False
51074,True
51075,False
51076,False
51077,False
51078,False
51079,False
51080,True
51081,False
51082,False
51083,False
51084,False
51085,False
51086,False
51087,True
51088,False
51089,False
51090,False
51091,True
51092,False
51093,False
51094,False
51095,False
51096,False
51097,False
51098,False
51099,False
51100,False
51101,False
51102,True
51103,False
51104,False
51105,False
51106,True
51107,False
51108,False
51109,True
51110,True
51111,False
51112,False
51113,False
51114,True
51115,True
51116,False
51117,False
51118,False
51119,False
51120,False
51121,False
51122,False
51123,False
51124,False
51125,False
51126,True
51127,True
51128,False
51129,False
51130,False
51131,False
51132,False
51133,False
51134,False
51135,False
51136,False
51137,False
51138,True
51139,False
51140,True
51141,False
51142,False
51143,False
51144,True
51145,False
51146,False
51147,False
51148,True
51149,False
51150,False
51151,True
51152,False
51153,False
51154,True
51155,False
51156,False
51157,True
51158,False
51159,False
51160,False
51161,True
51162,False
51163,False
51164,True
51165,False
51166,True
51167,True
51168,False
51169,False
51170,False
51171,True
51172,False
51173,True
51174,False
51175,True
51176,True
51177,True
51178,False
51179,False
51180,False
51181,False
51182,False
51183,True
51184,True
51185,False
51186,False
51187,False
51188,False
51189,False
51190,True
51191,True
51192,False
51193,False
51194,False
51195,True
51196,False
51197,False
51198,False
51199,False
51200,False
51201,True
51202,False
51203,False
51204,False
51205,False
51206,False
51207,False
51208,True
51209,False
51210,True
51211,False
51212,False
51213,False
51214,False
51215,False
51216,False
51217,False
51218,False
51219,True
51220,False
51221,False
51222,False
51223,False
51224,False
51225,False
51226,False
51227,True
51228,False
51229,False
51230,False
51231,False
51232,False
51233,False
51234,False
51235,True
51236,True
51237,False
51238,False
51239,False
51240,False
51241,False
51242,True
51243,False
51244,False
51245,False
51246,False
51247,False
51248,False
51249,False
51250,False
51251,False
51252,True
51253,True
51254,True
51255,False
51256,False
51257,False
51258,False
51259,False
51260,False
51261,True
51262,False
51263,True
51264,False
51265,False
51266,False
51267,False
51268,False
51269,True
51270,True
51271,False
51272,False
51273,False
51274,True
51275,False
51276,True
51277,False
51278,False
51279,True
51280,False
51281,False
51282,True
51283,True
51284,False
51285,False
51286,False
51287,False
51288,False
51289,False
51290,False
51291,False
51292,False
51293,True
51294,True
51295,False
51296,True
51297,False
51298,False
51299,False
51300,True
51301,False
51302,True
51303,False
51304,False
51305,False
51306,False
51307,False
51308,False
51309,False
51310,False
51311,False
51312,False
51313,False
51314,False
51315,True
51316,False
51317,False
51318,True
51319,False
51320,True
51321,False
51322,False
51323,False
51324,False
51325,False
51326,True
51327,True
51328,False
51329,False
51330,False
51331,False
51332,False
51333,False
51334,False
51335,True
51336,True
51337,False
51338,False
51339,False
51340,True
51341,True
51342,False
51343,False
51344,False
51345,False
51346,False
51347,False
51348,True
51349,False
51350,False
51351,False
51352,False
51353,False
51354,False
51355,False
51356,True
51357,False
51358,True
51359,False
51360,False
51361,False
51362,False
51363,False
51364,False
51365,False
51366,False
51367,True
51368,False
51369,True
51370,False
51371,False
51372,False
51373,False
51374,False
51375,True
51376,True
51377,True
51378,False
51379,True
51380,False
51381,False
51382,False
51383,False
51384,True
51385,False
51386,False
51387,True
51388,True
51389,False
51390,False
51391,False
51392,False
51393,False
51394,False
51395,False
51396,False
51397,False
51398,True
51399,False
51400,True
51401,False
51402,False
51403,True
51404,False
51405,False
51406,False
51407,False
51408,False
51409,False
51410,False
51411,False
51412,True
51413,False
51414,False
51415,False
51416,True
51417,False
51418,True
51419,True
51420,False
51421,False
51422,False
51423,False
51424,False
51425,False
51426,False
51427,False
51428,False
51429,False
51430,False
51431,True
51432,True
51433,False
51434,True
51435,True
51436,False
51437,False
51438,False
51439,True
51440,False
51441,False
51442,False
51443,False
51444,False
51445,True
51446,False
51447,False
51448,False
51449,False
51450,False
51451,False
51452,False
51453,False
51454,False
51455,False
51456,True
51457,False
51458,True
51459,True
51460,False
51461,False
51462,False
51463,False
51464,False
51465,True
51466,False
51467,False
51468,False
51469,False
51470,False
51471,False
51472,False
51473,True
51474,False
51475,True
51476,False
51477,True
51478,False
51479,True
51480,False
51481,False
51482,False
51483,True
51484,False
51485,True
51486,False
51487,False
51488,True
51489,True
51490,True
51491,True
51492,False
51493,False
51494,False
51495,False
51496,False
51497,False
51498,True
51499,True
51500,True
51501,True
51502,False
51503,False
51504,False
51505,False
51506,False
51507,False
51508,True
51509,False
51510,False
51511,False
51512,True
51513,False
51514,False
51515,False
51516,True
51517,True
51518,True
51519,True
51520,True
51521,True
51522,False
51523,False
51524,False
51525,True
51526,False
51527,True
51528,False
51529,False
51530,False
51531,True
51532,False
51533,False
51534,False
51535,False
51536,False
51537,False
51538,False
51539,False
51540,False
51541,False
51542,False
51543,False
51544,True
51545,False
51546,False
51547,False
51548,False
51549,False
51550,False
51551,False
51552,False
51553,False
51554,False
51555,False
51556,True
51557,False
51558,False
51559,False
51560,True
51561,False
51562,False
51563,False
51564,False
51565,False
51566,False
51567,False
51568,True
51569,True
51570,False
51571,False
51572,False
51573,False
51574,False
51575,True
51576,False
51577,False
51578,False
51579,False
51580,True
51581,False
51582,False
51583,False
51584,True
51585,True
51586,True
51587,True
51588,False
51589,False
51590,False
51591,False
51592,False
51593,False
51594,True
51595,False
51596,False
51597,False
51598,False
51599,True
51600,False
51601,False
51602,False
51603,False
51604,False
51605,False
51606,True
51607,False
51608,False
51609,False
51610,False
51611,False
51612,False
51613,False
51614,False
51615,False
51616,False
51617,False
51618,False
51619,False
51620,False
51621,True
51622,False
51623,False
51624,False
51625,False
51626,False
51627,False
51628,True
51629,False
51630,False
51631,False
51632,True
51633,False
51634,False
51635,False
51636,False
51637,False
51638,False
51639,True
51640,True
51641,True
51642,False
51643,False
51644,True
51645,False
51646,True
51647,False
51648,False
51649,True
51650,True
51651,False
51652,True
51653,False
51654,True
51655,False
51656,False
51657,False
51658,False
51659,False
51660,True
51661,False
51662,False
51663,False
51664,False
51665,False
51666,False
51667,False
51668,False
51669,False
51670,False
51671,False
51672,False
51673,False
51674,False
51675,False
51676,True
51677,False
51678,True
51679,True
51680,False
51681,True
51682,False
51683,False
51684,False
51685,True
51686,False
51687,False
51688,False
51689,False
51690,True
51691,False
51692,True
51693,False
51694,False
51695,False
51696,True
51697,False
51698,False
51699,False
51700,False
51701,False
51702,False
51703,False
51704,False
51705,True
51706,True
51707,True
51708,False
51709,False
51710,False
51711,False
51712,False
51713,False
51714,False
51715,True
51716,True
51717,True
51718,False
51719,False
51720,False
51721,False
51722,False
51723,True
51724,False
51725,False
51726,False
51727,False
51728,False
51729,False
51730,False
51731,False
51732,False
51733,False
51734,True
51735,True
51736,False
51737,False
51738,True
51739,False
51740,True
51741,False
51742,False
51743,True
51744,False
51745,True
51746,False
51747,False
51748,True
51749,False
51750,False
51751,False
51752,False
51753,True
51754,True
51755,True
51756,False
51757,True
51758,False
51759,False
51760,False
51761,False
51762,False
51763,False
51764,True
51765,False
51766,False
51767,False
51768,True
51769,True
51770,False
51771,False
51772,True
51773,False
51774,False
51775,False
51776,False
51777,False
51778,False
51779,False
51780,False
51781,True
51782,False
51783,False
51784,True
51785,True
51786,False
51787,True
51788,False
51789,False
51790,False
51791,False
51792,False
51793,True
51794,False
51795,True
51796,False
51797,False
51798,False
51799,False
51800,False
51801,True
51802,True
51803,False
51804,False
51805,False
51806,False
51807,True
51808,False
51809,False
51810,True
51811,False
51812,True
51813,True
51814,False
51815,False
51816,False
51817,False
51818,True
51819,False
51820,False
51821,False
51822,True
51823,False
51824,False
51825,False
51826,False
51827,False
51828,True
51829,False
51830,False
51831,False
51832,False
51833,False
51834,True
51835,True
51836,True
51837,False
51838,True
51839,False
51840,False
51841,False
51842,False
51843,False
51844,False
51845,False
51846,True
51847,False
51848,True
51849,False
51850,False
51851,False
51852,False
51853,False
51854,False
51855,True
51856,True
51857,True
51858,False
51859,False
51860,False
51861,False
51862,False
51863,False
51864,False
51865,False
51866,False
51867,False
51868,False
51869,False
51870,False
51871,False
51872,False
51873,False
51874,False
51875,False
51876,False
51877,False
51878,False
51879,True
51880,False
51881,True
51882,False
51883,False
51884,False
51885,False
51886,False
51887,False
51888,True
51889,True
51890,True
51891,False
51892,False
51893,False
51894,True
51895,False
51896,False
51897,False
51898,False
51899,False
51900,True
51901,False
51902,False
51903,False
51904,False
51905,True
51906,False
51907,False
51908,True
51909,False
51910,False
51911,False
51912,False
51913,True
51914,False
51915,False
51916,False
51917,True
51918,False
51919,False
51920,False
51921,True
51922,True
51923,True
51924,False
51925,False
51926,True
51927,False
51928,False
51929,True
51930,False
51931,False
51932,False
51933,False
51934,False
51935,False
51936,True
51937,False
51938,False
51939,False
51940,False
51941,False
51942,False
51943,False
51944,False
51945,False
51946,True
51947,False
51948,False
51949,True
51950,False
51951,False
51952,True
51953,False
51954,False
51955,False
51956,False
51957,True
51958,True
51959,False
51960,False
51961,False
51962,True
51963,False
51964,True
51965,False
51966,False
51967,False
51968,True
51969,False
51970,False
51971,False
51972,False
51973,False
51974,False
51975,False
51976,False
51977,True
51978,False
51979,True
51980,False
51981,False
51982,True
51983,False
51984,False
51985,True
51986,False
51987,False
51988,False
51989,False
51990,False
51991,False
51992,True
51993,False
51994,False
51995,False
51996,False
51997,False
51998,False
51999,True
52000,False
52001,False
52002,False
52003,False
52004,False
52005,False
52006,False
52007,False
52008,True
52009,True
52010,True
52011,True
52012,True
52013,False
52014,False
52015,True
52016,False
52017,False
52018,False
52019,False
52020,False
52021,False
52022,True
52023,False
52024,True
52025,False
52026,False
52027,True
52028,True
52029,False
52030,True
52031,False
52032,False
52033,True
52034,False
52035,False
52036,False
52037,False
52038,False
52039,False
52040,False
52041,False
52042,False
52043,False
52044,False
52045,False
52046,False
52047,False
52048,False
52049,True
52050,False
52051,False
52052,True
52053,False
52054,False
52055,True
52056,False
52057,False
52058,False
52059,False
52060,False
52061,False
52062,False
52063,True
52064,True
52065,False
52066,True
52067,False
52068,False
52069,False
52070,False
52071,False
52072,False
52073,False
52074,False
52075,True
52076,True
52077,True
52078,False
52079,False
52080,True
52081,True
52082,False
52083,False
52084,False
52085,True
52086,True
52087,True
52088,False
52089,False
52090,False
52091,False
52092,False
52093,False
52094,True
52095,False
52096,True
52097,True
52098,False
52099,False
52100,False
52101,False
52102,False
52103,False
52104,False
52105,False
52106,False
52107,False
52108,False
52109,True
52110,False
52111,False
52112,False
52113,True
52114,False
52115,False
52116,True
52117,False
52118,False
52119,True
52120,True
52121,False
52122,False
52123,False
52124,False
52125,False
52126,False
52127,True
52128,False
52129,False
52130,False
52131,False
52132,True
52133,False
52134,False
52135,False
52136,False
52137,True
52138,False
52139,False
52140,False
52141,False
52142,False
52143,False
52144,False
52145,False
52146,False
52147,False
52148,True
52149,False
52150,True
52151,False
52152,False
52153,False
52154,False
52155,False
52156,False
52157,True
52158,False
52159,False
52160,True
52161,False
52162,True
52163,False
52164,False
52165,False
52166,False
52167,False
52168,False
52169,False
52170,False
52171,False
52172,True
52173,False
52174,False
52175,False
52176,False
52177,False
52178,False
52179,False
52180,False
52181,False
52182,False
52183,False
52184,True
52185,False
52186,False
52187,True
52188,False
52189,False
52190,True
52191,False
52192,True
52193,True
52194,False
52195,False
52196,True
52197,False
52198,True
52199,False
52200,False
52201,False
52202,False
52203,False
52204,False
52205,False
52206,False
52207,False
52208,False
52209,False
52210,False
52211,False
52212,False
52213,False
52214,False
52215,False
52216,False
52217,False
52218,False
52219,False
52220,False
52221,False
52222,False
52223,False
52224,False
52225,True
52226,False
52227,False
52228,False
52229,False
52230,True
52231,True
52232,False
52233,False
52234,False
52235,False
52236,False
52237,False
52238,False
52239,False
52240,False
52241,False
52242,False
52243,False
52244,False
52245,False
52246,True
52247,True
52248,True
52249,False
52250,False
52251,False
52252,False
52253,False
52254,False
52255,True
52256,False
52257,False
52258,False
52259,False
52260,False
52261,False
52262,False
52263,True
52264,True
52265,True
52266,False
52267,False
52268,False
52269,False
52270,False
52271,False
52272,False
52273,False
52274,False
52275,False
52276,False
52277,False
52278,False
52279,False
52280,False
52281,False
52282,False
52283,False
52284,True
52285,False
52286,False
52287,True
52288,False
52289,False
52290,False
52291,False
52292,False
52293,True
52294,False
52295,True
52296,False
52297,True
52298,True
52299,False
52300,False
52301,False
52302,True
52303,False
52304,False
52305,False
52306,False
52307,False
52308,False
52309,False
52310,False
52311,False
52312,False
52313,False
52314,False
52315,False
52316,True
52317,True
52318,True
52319,False
52320,False
52321,False
52322,True
52323,True
52324,False
52325,True
52326,False
52327,False
52328,False
52329,False
52330,False
52331,False
52332,False
52333,False
52334,True
52335,False
52336,True
52337,False
52338,False
52339,False
52340,False
52341,False
52342,False
52343,False
52344,False
52345,True
52346,False
52347,False
52348,False
52349,False
52350,False
52351,True
52352,False
52353,False
52354,True
52355,False
52356,False
52357,False
52358,False
52359,False
52360,False
52361,False
52362,False
52363,False
52364,False
52365,True
52366,True
52367,True
52368,False
52369,True
52370,False
52371,False
52372,False
52373,False
52374,False
52375,False
52376,False
52377,False
52378,True
52379,True
52380,True
52381,False
52382,True
52383,False
52384,False
52385,False
52386,False
52387,True
52388,True
52389,False
52390,True
52391,True
52392,True
52393,True
52394,True
52395,True
52396,False
52397,False
52398,True
52399,True
52400,False
52401,False
52402,False
52403,True
52404,False
52405,True
52406,True
52407,False
52408,False
52409,True
52410,True
52411,False
52412,False
52413,False
52414,False
52415,True
52416,False
52417,False
52418,True
52419,True
52420,True
52421,False
52422,True
52423,True
52424,False
52425,False
52426,False
52427,False
52428,False
52429,False
52430,False
52431,False
52432,True
52433,True
52434,True
52435,False
52436,False
52437,False
52438,False
52439,True
52440,False
52441,False
52442,False
52443,True
52444,True
52445,False
52446,False
52447,True
52448,True
52449,False
52450,False
52451,False
52452,False
52453,False
52454,False
52455,False
52456,False
52457,False
52458,True
52459,False
52460,False
52461,False
52462,False
52463,False
52464,False
52465,False
52466,False
52467,False
52468,False
52469,False
52470,True
52471,False
52472,False
52473,False
52474,False
52475,True
52476,False
52477,False
52478,False
52479,False
52480,False
52481,True
52482,False
52483,False
52484,False
52485,True
52486,False
52487,True
52488,True
52489,False
52490,False
52491,False
52492,False
52493,True
52494,True
52495,True
52496,False
52497,True
52498,False
52499,False
52500,True
52501,True
52502,False
52503,False
52504,False
52505,False
52506,False
52507,False
52508,False
52509,False
52510,False
52511,True
52512,False
52513,True
52514,False
52515,True
52516,True
52517,False
52518,True
52519,False
52520,True
52521,False
52522,False
52523,False
52524,False
52525,False
52526,False
52527,True
52528,False
52529,False
52530,False
52531,False
52532,True
52533,True
52534,True
52535,True
52536,False
52537,True
52538,True
52539,False
52540,False
52541,True
52542,False
52543,False
52544,False
52545,False
52546,False
52547,False
52548,False
52549,True
52550,False
52551,False
52552,False
52553,False
52554,False
52555,False
52556,False
52557,False
52558,False
52559,True
52560,False
52561,False
52562,True
52563,False
52564,False
52565,False
52566,False
52567,False
52568,False
52569,False
52570,False
52571,True
52572,False
52573,False
52574,False
52575,False
52576,False
52577,False
52578,False
52579,False
52580,False
52581,False
52582,True
52583,False
52584,False
52585,False
52586,False
52587,True
52588,False
52589,False
52590,False
52591,False
52592,False
52593,False
52594,False
52595,False
52596,False
52597,False
52598,False
52599,False
52600,False
52601,True
52602,True
52603,False
52604,False
52605,False
52606,False
52607,False
52608,False
52609,False
52610,False
52611,False
52612,True
52613,True
52614,True
52615,False
52616,False
52617,True
52618,False
52619,False
52620,False
52621,False
52622,True
52623,False
52624,True
52625,False
52626,False
52627,False
52628,False
52629,False
52630,False
52631,False
52632,True
52633,True
52634,False
52635,False
52636,False
52637,False
52638,False
52639,True
52640,False
52641,False
52642,False
52643,False
52644,False
52645,True
52646,True
52647,True
52648,False
52649,False
52650,False
52651,False
52652,False
52653,False
52654,True
52655,False
52656,True
52657,True
52658,False
52659,False
52660,True
52661,False
52662,True
52663,False
52664,False
52665,False
52666,False
52667,False
52668,False
52669,False
52670,False
52671,False
52672,False
52673,True
52674,False
52675,True
52676,False
52677,False
52678,False
52679,False
52680,False
52681,True
52682,False
52683,False
52684,False
52685,False
52686,False
52687,False
52688,False
52689,False
52690,True
52691,False
52692,False
52693,False
52694,False
52695,False
52696,False
52697,True
52698,False
52699,False
52700,False
52701,False
52702,False
52703,False
52704,True
52705,False
52706,True
52707,False
52708,True
52709,True
52710,False
52711,False
52712,False
52713,False
52714,False
52715,False
52716,False
52717,False
52718,True
52719,False
52720,False
52721,True
52722,False
52723,True
52724,False
52725,False
52726,True
52727,False
52728,True
52729,False
52730,False
52731,True
52732,False
52733,False
52734,False
52735,True
52736,False
52737,True
52738,False
52739,False
52740,False
52741,True
52742,False
52743,False
52744,True
52745,False
52746,False
52747,False
52748,False
52749,False
52750,True
52751,False
52752,False
52753,False
52754,False
52755,False
52756,True
52757,False
52758,False
52759,False
52760,True
52761,False
52762,False
52763,False
52764,False
52765,False
52766,False
52767,False
52768,True
52769,False
52770,False
52771,False
52772,False
52773,True
52774,False
52775,False
52776,False
52777,False
52778,False
52779,False
52780,False
52781,False
52782,True
52783,False
52784,False
52785,False
52786,False
52787,False
52788,False
52789,True
52790,True
52791,False
52792,False
52793,False
52794,True
52795,False
52796,False
52797,False
52798,False
52799,True
52800,False
52801,False
52802,True
52803,False
52804,False
52805,False
52806,False
52807,False
52808,False
52809,False
52810,False
52811,False
52812,False
52813,False
52814,False
52815,False
52816,False
52817,True
52818,True
52819,True
52820,False
52821,False
52822,False
52823,False
52824,False
52825,False
52826,False
52827,False
52828,False
52829,False
52830,False
52831,False
52832,False
52833,False
52834,False
52835,True
52836,True
52837,True
52838,False
52839,True
52840,False
52841,False
52842,True
52843,False
52844,True
52845,False
52846,False
52847,True
52848,False
52849,True
52850,True
52851,False
52852,False
52853,False
52854,False
52855,False
52856,False
52857,True
52858,False
52859,False
52860,True
52861,False
52862,False
52863,True
52864,False
52865,True
52866,True
52867,False
52868,True
52869,False
52870,False
52871,False
52872,False
52873,True
52874,True
52875,False
52876,False
52877,False
52878,False
52879,False
52880,False
52881,False
52882,True
52883,False
52884,False
52885,False
52886,False
52887,False
52888,True
52889,False
52890,False
52891,False
52892,False
52893,False
52894,False
52895,False
52896,True
52897,False
52898,False
52899,False
52900,False
52901,False
52902,False
52903,False
52904,True
52905,True
52906,False
52907,False
52908,True
52909,False
52910,False
52911,False
52912,False
52913,False
52914,False
52915,False
52916,True
52917,False
52918,False
52919,False
52920,False
52921,True
52922,False
52923,False
52924,False
52925,False
52926,False
52927,False
52928,False
52929,False
52930,True
52931,False
52932,False
52933,False
52934,False
52935,True
52936,False
52937,False
52938,False
52939,True
52940,True
52941,True
52942,False
52943,False
52944,False
52945,False
52946,False
52947,False
52948,False
52949,False
52950,False
52951,True
52952,True
52953,False
52954,False
52955,False
52956,False
52957,False
52958,False
52959,False
52960,False
52961,True
52962,True
52963,False
52964,True
52965,False
52966,True
52967,False
52968,True
52969,True
52970,False
52971,False
52972,False
52973,True
52974,False
52975,False
52976,True
52977,False
52978,False
52979,False
52980,True
52981,False
52982,False
52983,True
52984,False
52985,False
52986,False
52987,False
52988,False
52989,False
52990,True
52991,True
52992,False
52993,False
52994,False
52995,False
52996,True
52997,False
52998,False
52999,False
53000,False
53001,False
53002,False
53003,False
53004,False
53005,False
53006,True
53007,False
53008,True
53009,True
53010,False
53011,False
53012,False
53013,False
53014,True
53015,False
53016,False
53017,False
53018,True
53019,True
53020,False
53021,False
53022,True
53023,False
53024,True
53025,False
53026,False
53027,False
53028,True
53029,False
53030,False
53031,False
53032,True
53033,False
53034,False
53035,False
53036,False
53037,False
53038,False
53039,False
53040,False
53041,False
53042,False
53043,True
53044,False
53045,False
53046,False
53047,False
53048,True
53049,False
53050,True
53051,True
53052,False
53053,False
53054,False
53055,False
53056,False
53057,False
53058,True
53059,True
53060,True
53061,False
53062,True
53063,False
53064,True
53065,False
53066,False
53067,True
53068,False
53069,False
53070,True
53071,False
53072,False
53073,False
53074,False
53075,False
53076,False
53077,False
53078,False
53079,False
53080,True
53081,True
53082,False
53083,False
53084,False
53085,False
53086,True
53087,False
53088,False
53089,True
53090,True
53091,True
53092,False
53093,False
53094,False
53095,True
53096,True
53097,False
53098,False
53099,False
53100,False
53101,True
53102,True
53103,False
53104,True
53105,False
53106,False
53107,False
53108,False
53109,False
53110,True
53111,True
53112,False
53113,False
53114,False
53115,False
53116,False
53117,False
53118,False
53119,False
53120,False
53121,False
53122,False
53123,False
53124,False
53125,False
53126,False
53127,False
53128,False
53129,False
53130,True
53131,False
53132,False
53133,False
53134,True
53135,True
53136,False
53137,True
53138,False
53139,True
53140,True
53141,False
53142,True
53143,False
53144,False
53145,False
53146,False
53147,False
53148,False
53149,False
53150,False
53151,True
53152,True
53153,False
53154,True
53155,True
53156,True
53157,False
53158,False
53159,False
53160,False
53161,False
53162,True
53163,False
53164,False
53165,False
53166,True
53167,False
53168,True
53169,False
53170,False
53171,False
53172,False
53173,True
53174,False
53175,False
53176,False
53177,True
53178,False
53179,True
53180,False
53181,True
53182,True
53183,True
53184,True
53185,False
53186,False
53187,True
53188,False
53189,False
53190,False
53191,False
53192,False
53193,False
53194,False
53195,False
53196,False
53197,False
53198,False
53199,False
53200,True
53201,True
53202,False
53203,False
53204,True
53205,False
53206,False
53207,False
53208,False
53209,False
53210,True
53211,False
53212,False
53213,False
53214,False
53215,True
53216,True
53217,False
53218,False
53219,False
53220,False
53221,False
53222,False
53223,False
53224,False
53225,False
53226,True
53227,False
53228,False
53229,False
53230,False
53231,False
53232,False
53233,False
53234,True
53235,False
53236,False
53237,False
53238,False
53239,False
53240,False
53241,False
53242,False
53243,False
53244,False
53245,True
53246,False
53247,False
53248,False
53249,False
53250,True
53251,True
53252,False
53253,False
53254,False
53255,False
53256,False
53257,True
53258,True
53259,True
53260,False
53261,False
53262,False
53263,False
53264,False
53265,False
53266,False
53267,False
53268,False
53269,True
53270,False
53271,True
53272,False
53273,True
53274,True
53275,True
53276,True
53277,False
53278,False
53279,True
53280,False
53281,False
53282,False
53283,True
53284,False
53285,False
53286,True
53287,False
53288,False
53289,False
53290,True
53291,True
53292,True
53293,False
53294,False
53295,False
53296,True
53297,False
53298,False
53299,True
53300,True
53301,False
53302,False
53303,False
53304,False
53305,False
53306,False
53307,False
53308,False
53309,False
53310,False
53311,True
53312,True
53313,True
53314,False
53315,False
53316,False
53317,False
53318,True
53319,False
53320,False
53321,False
53322,True
53323,False
53324,False
53325,True
53326,False
53327,False
53328,False
53329,True
53330,False
53331,True
53332,False
53333,True
53334,False
53335,False
53336,False
53337,False
53338,False
53339,True
53340,False
53341,False
53342,False
53343,False
53344,False
53345,False
53346,False
53347,False
53348,False
53349,False
53350,True
53351,False
53352,False
53353,True
53354,False
53355,False
53356,False
53357,True
53358,False
53359,False
53360,False
53361,False
53362,False
53363,True
53364,True
53365,False
53366,False
53367,True
53368,False
53369,False
53370,False
53371,False
53372,False
53373,False
53374,False
53375,False
53376,False
53377,False
53378,True
53379,False
53380,True
53381,False
53382,False
53383,False
53384,False
53385,True
53386,False
53387,False
53388,False
53389,False
53390,False
53391,False
53392,False
53393,False
53394,False
53395,False
53396,False
53397,False
53398,False
53399,True
53400,False
53401,False
53402,True
53403,True
53404,True
53405,True
53406,False
53407,True
53408,False
53409,False
53410,False
53411,False
53412,False
53413,True
53414,False
53415,True
53416,False
53417,False
53418,False
53419,False
53420,True
53421,False
53422,True
53423,False
53424,False
53425,False
53426,True
53427,True
53428,False
53429,False
53430,True
53431,False
53432,False
53433,False
53434,True
53435,False
53436,False
53437,False
53438,False
53439,True
53440,False
53441,False
53442,False
53443,False
53444,False
53445,False
53446,False
53447,False
53448,False
53449,False
53450,False
53451,False
53452,False
53453,False
53454,False
53455,True
53456,False
53457,True
53458,False
53459,False
53460,False
53461,True
53462,False
53463,False
53464,False
53465,True
53466,False
53467,False
53468,False
53469,False
53470,False
53471,True
53472,True
53473,False
53474,False
53475,False
53476,False
53477,True
53478,False
53479,False
53480,True
53481,False
53482,True
53483,False
53484,False
53485,True
53486,False
53487,False
53488,False
53489,False
53490,False
53491,False
53492,False
53493,False
53494,True
53495,False
53496,False
53497,False
53498,False
53499,False
53500,True
53501,True
53502,True
53503,False
53504,False
53505,False
53506,False
53507,False
53508,False
53509,False
53510,False
53511,False
53512,True
53513,True
53514,False
53515,True
53516,True
53517,True
53518,False
53519,False
53520,False
53521,False
53522,True
53523,False
53524,False
53525,False
53526,False
53527,False
53528,True
53529,False
53530,False
53531,False
53532,False
53533,False
53534,False
53535,False
53536,True
53537,False
53538,False
53539,False
53540,False
53541,False
53542,False
53543,True
53544,False
53545,False
53546,False
53547,False
53548,False
53549,False
53550,False
53551,False
53552,False
53553,False
53554,False
53555,True
53556,False
53557,False
53558,False
53559,False
53560,False
53561,False
53562,True
53563,False
53564,True
53565,False
53566,False
53567,True
53568,False
53569,True
53570,True
53571,False
53572,True
53573,True
53574,False
53575,False
53576,True
53577,False
53578,False
53579,False
53580,False
53581,True
53582,False
53583,False
53584,False
53585,False
53586,False
53587,False
53588,False
53589,False
53590,True
53591,True
53592,False
53593,False
53594,False
53595,False
53596,False
53597,True
53598,False
53599,False
53600,False
53601,False
53602,True
53603,True
53604,False
53605,True
53606,False
53607,False
53608,False
53609,False
53610,True
53611,False
53612,False
53613,False
53614,False
53615,True
53616,True
53617,False
53618,False
53619,False
53620,False
53621,False
53622,False
53623,True
53624,True
53625,False
53626,False
53627,False
53628,False
53629,False
53630,False
53631,False
53632,False
53633,False
53634,False
53635,False
53636,False
53637,False
53638,True
53639,False
53640,False
53641,True
53642,False
53643,False
53644,False
53645,False
53646,False
53647,False
53648,False
53649,False
53650,False
53651,False
53652,False
53653,False
53654,False
53655,True
53656,True
53657,False
53658,False
53659,True
53660,False
53661,False
53662,False
53663,True
53664,True
53665,False
53666,False
53667,False
53668,False
53669,False
53670,True
53671,False
53672,False
53673,False
53674,False
53675,False
53676,False
53677,True
53678,False
53679,False
53680,False
53681,False
53682,True
53683,True
53684,False
53685,False
53686,False
53687,False
53688,True
53689,False
53690,False
53691,False
53692,False
53693,False
53694,False
53695,False
53696,False
53697,True
53698,True
53699,True
53700,False
53701,True
53702,True
53703,True
53704,False
53705,True
53706,True
53707,True
53708,False
53709,True
53710,True
53711,True
53712,False
53713,False
53714,False
53715,True
53716,True
53717,False
53718,True
53719,True
53720,True
53721,False
53722,False
53723,False
53724,False
53725,False
53726,False
53727,False
53728,False
53729,False
53730,False
53731,False
53732,False
53733,False
53734,True
53735,True
53736,True
53737,False
53738,False
53739,False
53740,False
53741,False
53742,True
53743,True
53744,True
53745,False
53746,True
53747,True
53748,False
53749,False
53750,True
53751,False
53752,False
53753,False
53754,True
53755,False
53756,False
53757,False
53758,False
53759,False
53760,False
53761,False
53762,False
53763,False
53764,False
53765,False
53766,False
53767,False
53768,False
53769,True
53770,False
53771,False
53772,False
53773,False
53774,False
53775,False
53776,False
53777,False
53778,True
53779,True
53780,False
53781,True
53782,False
53783,True
53784,True
53785,False
53786,False
53787,True
53788,True
53789,False
53790,False
53791,False
53792,False
53793,False
53794,False
53795,False
53796,False
53797,False
53798,False
53799,False
53800,False
53801,True
53802,True
53803,True
53804,True
53805,False
53806,True
53807,False
53808,False
53809,False
53810,False
53811,False
53812,False
53813,False
53814,False
53815,False
53816,True
53817,False
53818,False
53819,True
53820,False
53821,False
53822,False
53823,False
53824,False
53825,False
53826,False
53827,False
53828,False
53829,False
53830,False
53831,False
53832,False
53833,False
53834,False
53835,True
53836,True
53837,False
53838,True
53839,False
53840,True
53841,False
53842,False
53843,False
53844,False
53845,False
53846,False
53847,False
53848,True
53849,False
53850,False
53851,True
53852,False
53853,True
53854,False
53855,False
53856,False
53857,False
53858,False
53859,False
53860,True
53861,True
53862,True
53863,False
53864,False
53865,False
53866,False
53867,False
53868,False
53869,False
53870,False
53871,False
53872,False
53873,False
53874,True
53875,True
53876,False
53877,False
53878,False
53879,False
53880,False
53881,True
53882,False
53883,False
53884,True
53885,True
53886,False
53887,False
53888,False
53889,False
53890,True
53891,False
53892,False
53893,False
53894,True
53895,True
53896,False
53897,True
53898,False
53899,False
53900,False
53901,False
53902,False
53903,False
53904,True
53905,False
53906,False
53907,False
53908,False
53909,True
53910,True
53911,True
53912,True
53913,False
53914,False
53915,True
53916,False
53917,True
53918,False
53919,False
53920,False
53921,False
53922,False
53923,False
53924,False
53925,False
53926,False
53927,False
53928,False
53929,False
53930,False
53931,False
53932,True
53933,False
53934,False
53935,False
53936,False
53937,False
53938,True
53939,False
53940,False
53941,True
53942,False
53943,False
53944,False
53945,False
53946,False
53947,False
53948,False
53949,True
53950,True
53951,False
53952,True
53953,False
53954,True
53955,False
53956,True
53957,True
53958,False
53959,False
53960,False
53961,True
53962,False
53963,False
53964,False
53965,False
53966,False
53967,False
53968,False
53969,True
53970,False
53971,False
53972,False
53973,False
53974,False
53975,False
53976,True
53977,False
53978,False
53979,False
53980,False
53981,False
53982,False
53983,False
53984,False
53985,False
53986,False
53987,False
53988,False
53989,True
53990,False
53991,False
53992,True
53993,True
53994,True
53995,False
53996,False
53997,True
53998,True
53999,False
54000,False
54001,False
54002,False
54003,False
54004,False
54005,True
54006,True
54007,True
54008,True
54009,True
54010,True
54011,False
54012,False
54013,False
54014,True
54015,False
54016,False
54017,False
54018,False
54019,False
54020,False
54021,False
54022,False
54023,False
54024,False
54025,True
54026,False
54027,False
54028,True
54029,False
54030,False
54031,False
54032,False
54033,False
54034,True
54035,True
54036,False
54037,False
54038,False
54039,True
54040,False
54041,False
54042,False
54043,True
54044,True
54045,False
54046,False
54047,True
54048,True
54049,True
54050,True
54051,True
54052,False
54053,True
54054,False
54055,False
54056,False
54057,True
54058,False
54059,True
54060,False
54061,False
54062,False
54063,False
54064,False
54065,True
54066,False
54067,False
54068,True
54069,True
54070,False
54071,False
54072,False
54073,True
54074,False
54075,False
54076,True
54077,False
54078,False
54079,False
54080,True
54081,True
54082,False
54083,False
54084,False
54085,True
54086,False
54087,False
54088,False
54089,False
54090,True
54091,False
54092,False
54093,False
54094,False
54095,True
54096,False
54097,False
54098,False
54099,False
54100,False
54101,True
54102,True
54103,False
54104,False
54105,False
54106,False
54107,False
54108,False
54109,False
54110,True
54111,False
54112,False
54113,False
54114,False
54115,False
54116,False
54117,False
54118,True
54119,True
54120,False
54121,True
54122,False
54123,True
54124,False
54125,False
54126,True
54127,False
54128,False
54129,False
54130,False
54131,False
54132,False
54133,False
54134,True
54135,False
54136,False
54137,False
54138,False
54139,False
54140,True
54141,False
54142,False
54143,False
54144,True
54145,True
54146,False
54147,True
54148,False
54149,True
54150,False
54151,False
54152,False
54153,False
54154,False
54155,True
54156,False
54157,False
54158,False
54159,False
54160,False
54161,False
54162,False
54163,False
54164,False
54165,False
54166,True
54167,True
54168,True
54169,False
54170,False
54171,False
54172,True
54173,False
54174,True
54175,True
54176,False
54177,False
54178,True
54179,False
54180,False
54181,False
54182,False
54183,False
54184,False
54185,False
54186,False
54187,False
54188,False
54189,False
54190,False
54191,False
54192,False
54193,False
54194,False
54195,False
54196,False
54197,False
54198,False
54199,False
54200,False
54201,False
54202,False
54203,False
54204,True
54205,False
54206,False
54207,False
54208,False
54209,False
54210,False
54211,False
54212,False
54213,True
54214,False
54215,False
54216,False
54217,True
54218,False
54219,False
54220,False
54221,True
54222,True
54223,False
54224,True
54225,False
54226,False
54227,False
54228,False
54229,False
54230,False
54231,False
54232,False
54233,False
54234,False
54235,False
54236,False
54237,False
54238,False
54239,False
54240,True
54241,False
54242,False
54243,False
54244,True
54245,False
54246,True
54247,False
54248,False
54249,False
54250,False
54251,False
54252,False
54253,False
54254,False
54255,False
54256,True
54257,True
54258,False
54259,False
54260,False
54261,True
54262,False
54263,True
54264,True
54265,False
54266,True
54267,True
54268,True
54269,False
54270,True
54271,False
54272,True
54273,False
54274,False
54275,False
54276,False
54277,True
54278,True
54279,True
54280,True
54281,False
54282,False
54283,True
54284,False
54285,False
54286,False
54287,True
54288,False
54289,False
54290,False
54291,False
54292,False
54293,False
54294,False
54295,False
54296,True
54297,False
54298,False
54299,False
54300,True
54301,True
54302,True
54303,True
54304,True
54305,True
54306,True
54307,False
54308,False
54309,True
54310,True
54311,False
54312,True
54313,False
54314,False
54315,False
54316,False
54317,False
54318,True
54319,True
54320,False
54321,False
54322,False
54323,False
54324,True
54325,False
54326,False
54327,False
54328,False
54329,False
54330,True
54331,False
54332,False
54333,False
54334,False
54335,False
54336,False
54337,False
54338,False
54339,False
54340,False
54341,False
54342,True
54343,True
54344,False
54345,False
54346,False
54347,True
54348,False
54349,False
54350,False
54351,False
54352,False
54353,False
54354,False
54355,False
54356,False
54357,False
54358,False
54359,False
54360,False
54361,False
54362,True
54363,False
54364,True
54365,True
54366,False
54367,True
54368,False
54369,False
54370,False
54371,True
54372,True
54373,False
54374,False
54375,False
54376,False
54377,False
54378,False
54379,False
54380,False
54381,False
54382,False
54383,False
54384,False
54385,False
54386,True
54387,False
54388,True
54389,False
54390,False
54391,True
54392,False
54393,True
54394,True
54395,False
54396,False
54397,False
54398,False
54399,False
54400,False
54401,True
54402,False
54403,True
54404,False
54405,False
54406,False
54407,False
54408,False
54409,True
54410,False
54411,True
54412,False
54413,False
54414,False
54415,False
54416,False
54417,True
54418,False
54419,False
54420,False
54421,True
54422,True
54423,True
54424,False
54425,False
54426,False
54427,True
54428,True
54429,False
54430,False
54431,True
54432,False
54433,False
54434,True
54435,False
54436,False
54437,False
54438,True
54439,False
54440,False
54441,False
54442,False
54443,True
54444,False
54445,False
54446,False
54447,False
54448,True
54449,False
54450,True
54451,False
54452,False
54453,False
54454,False
54455,False
54456,False
54457,False
54458,False
54459,False
54460,True
54461,False
54462,True
54463,False
54464,False
54465,False
54466,False
54467,False
54468,True
54469,False
54470,True
54471,True
54472,True
54473,False
54474,False
54475,True
54476,False
54477,True
54478,True
54479,False
54480,False
54481,False
54482,True
54483,False
54484,True
54485,True
54486,True
54487,False
54488,False
54489,False
54490,False
54491,False
54492,False
54493,False
54494,False
54495,True
54496,True
54497,False
54498,False
54499,False
54500,False
54501,False
54502,False
54503,False
54504,False
54505,True
54506,True
54507,False
54508,True
54509,True
54510,False
54511,False
54512,False
54513,False
54514,False
54515,False
54516,True
54517,False
54518,False
54519,False
54520,False
54521,True
54522,False
54523,False
54524,True
54525,True
54526,False
54527,False
54528,False
54529,False
54530,False
54531,True
54532,False
54533,False
54534,True
54535,False
54536,False
54537,False
54538,False
54539,False
54540,True
54541,False
54542,False
54543,False
54544,True
54545,False
54546,False
54547,False
54548,False
54549,False
54550,False
54551,False
54552,False
54553,True
54554,True
54555,True
54556,True
54557,True
54558,False
54559,False
54560,False
54561,False
54562,False
54563,False
54564,True
54565,True
54566,True
54567,False
54568,False
54569,False
54570,True
54571,False
54572,False
54573,False
54574,False
54575,False
54576,False
54577,False
54578,False
54579,False
54580,False
54581,False
54582,False
54583,False
54584,False
54585,True
54586,False
54587,True
54588,False
54589,False
54590,False
54591,False
54592,False
54593,False
54594,False
54595,True
54596,False
54597,False
54598,True
54599,False
54600,False
54601,False
54602,False
54603,False
54604,False
54605,True
54606,True
54607,False
54608,False
54609,True
54610,False
54611,True
54612,False
54613,False
54614,True
54615,False
54616,False
54617,False
54618,False
54619,False
54620,True
54621,False
54622,True
54623,False
54624,False
54625,False
54626,False
54627,False
54628,False
54629,True
54630,True
54631,False
54632,True
54633,False
54634,True
54635,True
54636,False
54637,False
54638,False
54639,True
54640,True
54641,False
54642,False
54643,False
54644,False
54645,False
54646,False
54647,False
54648,False
54649,False
54650,True
54651,False
54652,False
54653,True
54654,False
54655,True
54656,False
54657,False
54658,True
54659,True
54660,False
54661,False
54662,False
54663,False
54664,False
54665,True
54666,False
54667,False
54668,False
54669,False
54670,False
54671,False
54672,True
54673,True
54674,False
54675,True
54676,True
54677,False
54678,False
54679,True
54680,True
54681,False
54682,True
54683,False
54684,False
54685,False
54686,False
54687,True
54688,False
54689,True
54690,True
54691,False
54692,False
54693,False
54694,False
54695,False
54696,False
54697,True
54698,True
54699,False
54700,False
54701,False
54702,False
54703,False
54704,True
54705,False
54706,False
54707,True
54708,False
54709,False
54710,False
54711,True
54712,False
54713,False
54714,False
54715,False
54716,True
54717,False
54718,False
54719,False
54720,True
54721,False
54722,False
54723,False
54724,False
54725,False
54726,True
54727,False
54728,False
54729,False
54730,True
54731,False
54732,False
54733,False
54734,False
54735,False
54736,False
54737,False
54738,False
54739,False
54740,False
54741,False
54742,False
54743,False
54744,False
54745,False
54746,False
54747,False
54748,False
54749,False
54750,False
54751,False
54752,True
54753,True
54754,False
54755,True
54756,False
54757,False
54758,True
54759,True
54760,False
54761,False
54762,False
54763,False
54764,True
54765,False
54766,True
54767,False
54768,False
54769,False
54770,False
54771,True
54772,False
54773,False
54774,False
54775,False
54776,False
54777,False
54778,False
54779,False
54780,False
54781,False
54782,False
54783,False
54784,True
54785,True
54786,False
54787,False
54788,False
54789,False
54790,False
54791,False
54792,False
54793,True
54794,False
54795,False
54796,False
54797,False
54798,False
54799,False
54800,True
54801,False
54802,True
54803,True
54804,True
54805,False
54806,False
54807,False
54808,False
54809,False
54810,True
54811,False
54812,False
54813,False
54814,True
54815,False
54816,False
54817,True
54818,False
54819,False
54820,False
54821,True
54822,False
54823,False
54824,True
54825,False
54826,False
54827,False
54828,False
54829,False
54830,True
54831,False
54832,False
54833,False
54834,True
54835,False
54836,False
54837,True
54838,False
54839,False
54840,False
54841,False
54842,False
54843,False
54844,False
54845,True
54846,False
54847,False
54848,True
54849,False
54850,False
54851,False
54852,False
54853,False
54854,False
54855,True
54856,False
54857,False
54858,True
54859,True
54860,False
54861,False
54862,False
54863,False
54864,True
54865,False
54866,True
54867,False
54868,False
54869,False
54870,True
54871,False
54872,False
54873,False
54874,True
54875,False
54876,False
54877,False
54878,False
54879,False
54880,True
54881,False
54882,False
54883,False
54884,True
54885,False
54886,False
54887,False
54888,True
54889,False
54890,False
54891,False
54892,True
54893,True
54894,False
54895,False
54896,False
54897,False
54898,True
54899,False
54900,False
54901,False
54902,False
54903,False
54904,False
54905,True
54906,False
54907,False
54908,False
54909,False
54910,True
54911,False
54912,False
54913,False
54914,False
54915,False
54916,True
54917,False
54918,False
54919,False
54920,False
54921,True
54922,False
54923,False
54924,False
54925,False
54926,True
54927,False
54928,False
54929,False
54930,False
54931,False
54932,False
54933,False
54934,False
54935,False
54936,True
54937,True
54938,False
54939,False
54940,False
54941,True
54942,False
54943,False
54944,False
54945,False
54946,False
54947,False
54948,False
54949,False
54950,False
54951,False
54952,False
54953,False
54954,False
54955,False
54956,False
54957,False
54958,False
54959,False
54960,False
54961,False
54962,False
54963,True
54964,False
54965,False
54966,False
54967,False
54968,False
54969,False
54970,False
54971,False
54972,False
54973,False
54974,False
54975,False
54976,False
54977,False
54978,False
54979,False
54980,False
54981,False
54982,False
54983,True
54984,False
54985,False
54986,True
54987,False
54988,False
54989,True
54990,False
54991,False
54992,False
54993,False
54994,False
54995,False
54996,True
54997,False
54998,False
54999,True
55000,True
55001,True
55002,True
55003,True
55004,True
55005,False
55006,False
55007,False
55008,True
55009,False
55010,False
55011,False
55012,False
55013,False
55014,False
55015,False
55016,True
55017,False
55018,False
55019,False
55020,False
55021,False
55022,False
55023,False
55024,False
55025,True
55026,False
55027,True
55028,True
55029,False
55030,False
55031,False
55032,True
55033,False
55034,False
55035,True
55036,True
55037,False
55038,True
55039,True
55040,True
55041,False
55042,False
55043,False
55044,False
55045,False
55046,False
